:020000040800F2
:100000000000022095B00008C19A0008C99A0008B3
:10001000D19A0008D99A0008E19A0008000000006F
:10002000000000000000000000000000498F0008F0
:10003000E99A000800000000058F0008358E0008CE
:10004000E5B00008E5B00008E5B00008E5B000083C
:10005000E5B00008E5B00008E5B00008E5B000082C
:10006000E5B00008E5B00008E5B00008E5B000081C
:10007000E5B00008E5B00008E5B00008E5B000080C
:10008000111D0008F11C0008E5B00008E5B00008EB
:10009000E5B00008E5B00008E5B00008E5B00008EC
:1000A000E5B00008F99A0008E5B00008E5B00008DE
:1000B000E5B00008E5B00008E5B00008E5B00008CC
:1000C000E5B00008E5B00008E5B00008E5B00008BC
:1000D000E5B00008E5B00008C91C0008E5B000085C
:1000E000E5B00008E5B00008E5B00008E5B000089C
:1000F000E5B00008E5B00008E5B00008E5B000088C
:10010000E5B00008E5B00008E5B00008E5B000087B
:10011000DD1C0008E5B00008E5B00008E5B0000807
:10012000E5B00008E5B00008E5B00008E5B000085B
:10013000E5B000080000000000000000E5B0000885
:10014000E5B00008E5B00008E5B00008E5B000083B
:10015000E5B00008E5B00008E5B00008E5B000082B
:10016000E5B00008E5B00008E5B00008E5B000081B
:10017000E5B00008E5B00008000000000000000045
:08018000E5B00008E5B000083D
:1001880081F0004102E000BF83F0004330B54FEA40
:1001980041044FEA430594EA050F08BF90EA020FAD
:1001A8001FBF54EA000C55EA020C7FEA645C7FEA40
:1001B800655C00F0E2804FEA5454D4EB5555B8BF63
:1001C8006D420CDD2C4480EA020281EA030382EAD4
:1001D800000083EA010180EA020281EA0303362D66
:1001E80088BF30BD11F0004F4FEA01314FF4801C39
:1001F8004CEA113102D0404261EB410113F0004F4B
:100208004FEA03334CEA133302D0524263EB430301
:1002180094EA050F00F0A780A4F10104D5F1200E9F
:100228000DDB02FA0EFC22FA05F2801841F10001FA
:1002380003FA0EF2801843FA05F359410EE0A5F1CE
:1002480020050EF1200E012A03FA0EFC28BF4CF0FF
:10025800020C43FA05F3C01851EBE37101F00045B5
:1002680007D54FF0000EDCF1000C7EEB00006EEBC2
:100278000101B1F5801F1BD3B1F5001F0CD349084C
:100288005FEA30004FEA3C0C04F101044FEA4452A3
:1002980012F5800F80F09A80BCF1004F08BF5FEA2A
:1002A800500C50F1000041EB045141EA050130BD0A
:1002B8005FEA4C0C404141EB0101013C28BFB1F51C
:1002C800801FE9D291F0000F04BF01460020B1FA67
:1002D80081F308BF2033A3F10B03B3F120020CDA3A
:1002E8000C3208DD02F1140CC2F10C0201FA0CF018
:1002F80021FA02F10CE002F11402D8BFC2F1200C7D
:1003080001FA02F120FA0CFCDCBF41EA0C01904032
:10031800E41AA2BF01EB0451294330BD6FEA04047B
:100328001F3C1CDA0C340EDC04F11404C4F1200266
:1003380020FA04F001FA02F340EA030021FA04F378
:1003480045EA030130BDC4F10C04C4F1200220FACF
:1003580002F001FA04F340EA0300294630BD21FA0D
:1003680004F0294630BD94F0000F83F4801306BFD3
:1003780081F480110134013D4EE77FEA645C18BFC7
:100388007FEA655C29D094EA050F08BF90EA020F5E
:1003980005D054EA000C04BF1946104630BD91EA56
:1003A800030F1EBF0021002030BD5FEA545C05D159
:1003B8004000494128BF41F0004130BD14F5800498
:1003C8003CBF01F5801130BD01F0004545F0FE410C
:1003D80041F470014FF0000030BD7FEA645C1ABF41
:1003E800194610467FEA655C1CBF0B46024650EA78
:1003F800013406BF52EA033591EA030F41F40021A4
:1004080030BD00BF90F0000F04BF0021704730B529
:100418004FF4806404F132044FF000054FF00001FE
:1004280050E700BF90F0000F04BF0021704730B5BF
:100438004FF4806404F1320410F0004548BF404294
:100448004FF000013EE700BF42004FEAE2014FEAE9
:1004580031014FEA02701FBF12F07F4393F07F4FC4
:1004680081F06051704732F07F4208BF704793F0C7
:100478007F4F04BF41F40021704730B54FF46074DA
:1004880001F0004521F000411CE700BF50EA0102DD
:1004980008BF704730B54FF000050AE050EA010286
:1004A80008BF704730B511F0004502D5404261EBF6
:1004B80041014FF4806404F132045FEA915C3FF437
:1004C800D8AE4FF003025FEADC0C18BF03325FEAD4
:1004D800DC0C18BF033202EBDC02C2F1200300FA85
:1004E80003FC20FA02F001FA03FE40EA0E0021FAAA
:1004F80002F11444BDE600BF70B54FF0FF0C4CF498
:10050800E06C1CEA11541DBF1CEA135594EA0C0F49
:1005180095EA0C0F00F0DEF82C4481EA030621EA84
:100528004C5123EA4C5350EA013518BF52EA0335BF
:1005380041F4801143F4801338D0A0FB02CE4FF071
:100548000005E1FB02E506F00042E0FB03E54FF0A1
:100558000006E1FB03569CF0000F18BF4EF0010E99
:10056800A4F1FF04B6F5007F64F5407404D25FEA95
:100578004E0E6D4146EB060642EAC62141EA555148
:100588004FEAC52040EA5E504FEACE2EB4F1FD0C8A
:1005980088BFBCF5E06F1ED8BEF1004F08BF5FEA08
:1005A800500E50F1000041EB045170BD06F00046BA
:1005B80046EA010140EA020081EA0301B4EB5C0467
:1005C800C2BFD4EB0C0541EA045170BD41F480115F
:1005D8004FF0000E013C00F3AB8014F1360FDEBF84
:1005E800002001F0004170BDC4F10004203C35DA60
:1005F8000C341BDC04F11404C4F1200500FA05F3E3
:1006080020FA04F001FA05F240EA020001F0004283
:1006180021F0004110EBD37021FA04F642EB0601F9
:100628005EEA430E08BF20EAD37070BDC4F10C0423
:10063800C4F1200500FA04F320FA05F001FA04F2E7
:1006480040EA020001F0004110EBD37041F10001D3
:100658005EEA430E08BF20EAD37070BDC4F12005DE
:1006680000FA05F24EEA020E20FA04F301FA05F246
:1006780043EA020321FA04F001F0004121FA04F2EE
:1006880020EA020000EBD3705EEA430E08BF20EABE
:10069800D37070BD94F0000F0FD101F000464000F8
:1006A80041EB010111F4801F08BF013CF7D041EA7A
:1006B800060195F0000F18BF704703F0004652007E
:1006C80043EB030313F4801F08BF013DF7D043EA4F
:1006D8000603704794EA0C0F0CEA135518BF95EA05
:1006E8000C0F0CD050EA410618BF52EA4306D1D18C
:1006F80081EA030101F000414FF0000070BD50EAAB
:10070800410606BF1046194652EA430619D094EA34
:100718000C0F02D150EA013613D195EA0C0F05D11E
:1007280052EA03361CBF104619460AD181EA030172
:1007380001F0004141F0FE4141F470014FF000002A
:1007480070BD41F0FE4141F4780170BD70B54FF0C5
:10075800FF0C4CF4E06C1CEA11541DBF1CEA135545
:1007680094EA0C0F95EA0C0F00F0A7F8A4EB050427
:1007780081EA030E52EA03354FEA013100F088801E
:100788004FEA03334FF0805545EA131343EA1263E7
:100798004FEA022245EA111545EA10654FEA00269C
:1007A8000EF000419D4208BF964244F1FD0404F555
:1007B800407402D25B084FEA3202B61A65EB0305B1
:1007C8005B084FEA32024FF480104FF4002CB6EB6E
:1007D800020E75EB030E22BFB61A754640EA0C00EE
:1007E8005B084FEA3202B6EB020E75EB030E22BF2E
:1007F800B61A754640EA5C005B084FEA3202B6EB6F
:10080800020E75EB030E22BFB61A754640EA9C002D
:100818005B084FEA3202B6EB020E75EB030E22BFFD
:10082800B61A754640EADC0055EA060E18D04FEABB
:10083800051545EA16754FEA06164FEAC30343EA5B
:1008480052734FEAC2025FEA1C1CC0D111F4801F28
:100858000BD141EA00014FF000004FF0004CB6E721
:1008680011F4801F04BF01430020B4F1FD0C88BFC0
:10087800BCF5E06F3FF6AFAEB5EB030C04BFB6EBCB
:10088800020C5FEA500C50F1000041EB045170BDBE
:100898000EF0004E4EEA113114EB5C04C2BFD4EBEB
:1008A8000C0541EA045170BD41F480114FF0000E6F
:1008B800013C90E645EA060E8DE60CEA135594EAEB
:1008C8000C0F08BF95EA0C0F3FF43BAF94EA0C0FEE
:1008D8000AD150EA01347FF434AF95EA0C0F7FF463
:1008E80025AF104619462CE795EA0C0F06D152EAB7
:1008F80003353FF4FDAE1046194622E750EA41069B
:1009080018BF52EA43067FF4C5AE50EA41047FF4AB
:100918000DAF52EA43057FF4EBAE12E74FF0FF3C10
:1009280006E000BF4FF0010C02E000BF4FF0010CE1
:100938004DF804CD4FEA410C7FEA6C5C4FEA430C5A
:1009480018BF7FEA6C5C1BD001B050EA410C0CBFA9
:1009580052EA430C91EA030F02BF90EA020F00200B
:10096800704710F1000F91EA030F58BF994208BF72
:1009780090422CBFD8176FEAE37040F0010070472F
:100988004FEA410C7FEA6C5C02D150EA013C07D186
:100998004FEA430C7FEA6C5CD6D152EA033CD3D0D1
:1009A8005DF8040B704700BF8446104662468C46CB
:1009B8001946634600E000BF01B5FFF7B7FF0028FE
:1009C80048BF10F1000F01BD4DF808EDFFF7F4FF27
:1009D8000CBF012000205DF808FB00BF4DF808EDB2
:1009E800FFF7EAFF34BF012000205DF808FB00BFD5
:1009F8004DF808EDFFF7E0FF94BF012000205DF8F7
:100A080008FB00BF4DF808EDFFF7CEFF94BF0120AB
:100A180000205DF808FB00BF4DF808EDFFF7C4FFA4
:100A280034BF012000205DF808FB00BF4FEA410CED
:100A38007FEA6C5C02D150EA013C0AD14FEA430CD0
:100A48007FEA6C5C02D152EA033C02D14FF000000D
:100A580070474FF0010070474A0011D212F500129A
:100A680011D20DD56FF47873B3EB62520ED44FEAFE
:100A7800C12343F0004343EA505323FA02F070477E
:100A88004FF00000704750EA013002D14FF0FF30BC
:100A980070474FF00000704753B94AB9002908BFA2
:100AA80000281CBF4FF0FF314FF0FF3000F00CB8AA
:100AB800ADF1080C6DE904CE0AF0CEFCDDF804E0D7
:100AC800DDE9022304B07047704700BF844641EA5D
:100AD800000313F003036DD1403A41D351F8043BAE
:100AE80040F8043B51F8043B40F8043B51F8043B00
:100AF80040F8043B51F8043B40F8043B51F8043BF0
:100B080040F8043B51F8043B40F8043B51F8043BDF
:100B180040F8043B51F8043B40F8043B51F8043BCF
:100B280040F8043B51F8043B40F8043B51F8043BBF
:100B380040F8043B51F8043B40F8043B51F8043BAF
:100B480040F8043B51F8043B40F8043B51F8043B9F
:100B580040F8043B51F8043B40F8043B403ABDD20E
:100B6800303211D351F8043B40F8043B51F8043BB0
:100B780040F8043B51F8043B40F8043B51F8043B6F
:100B880040F8043B103AEDD20C3205D351F8043B3F
:100B980040F8043B043AF9D2043208D0D2071CBF0B
:100BA80011F8013B00F8013B01D30B880380604634
:100BB800704700BF082A13D38B078DD010F00303AA
:100BC8008AD0C3F10403D21ADB071CBF11F8013B1A
:100BD80000F8013B80D331F8023B20F8023B7BE769
:100BE800043AD9D3013A11F8013B00F8013BF9D294
:100BF8000B7803704B7843708B788370604670472E
:100C08000348044B834202D0034B03B11847704793
:100C1800BC010020BC010020000000000548064B74
:100C28001B1AD90F01EBA301491002D0034B03B1E2
:100C380018477047BC010020BC01002000000000DC
:100C480010B5064C237843B9FFF7DAFF044B13B10C
:100C58000448AFF300800123237010BDC0010020B9
:100C680000000000ECB8000808B5054B1BB10549A9
:100C78000548AFF30080BDE80840FFF7CFBF00BFCD
:100C880000000000C4010020ECB8000880B400AFE8
:100C9800044BDB681B0A03F007031846BD465DF8E2
:100CA800047B704700ED00E080B483B000AF0346DA
:100CB800FB7197F90730002B0BDBFB7903F01F0260
:100CC800074997F907305B09012000FA02F241F859
:100CD800232000BF0C37BD465DF8047B704700BF7A
:100CE80000E100E080B483B000AF03463960FB71D7
:100CF80097F90730002B0ADB3B68DAB20C4997F901
:100D080007301201D2B20B4483F800230AE03B6893
:100D1800DAB20849FB7903F00F03043B1201D2B29F
:100D28000B441A7600BF0C37BD465DF8047B70474C
:100D380000E100E000ED00E080B489B000AFF860A9
:100D4800B9607A60FB6803F00703FB61FB69C3F1D4
:100D58000703042B28BF0423BB61FB690433062B5C
:100D680002D9FB69033B00E000237B614FF0FF32AF
:100D7800BB6902FA03F3DA43BB681A407B699A40FD
:100D88004FF0FF317B6901FA03F3D9437B680B40CD
:100D9800134318462437BD465DF8047B70470000AE
:100DA80080B483B000AF786039600C4A3B68134464
:100DB8001B781A467B6813441B6808493A680A443A
:100DC800127811467A680A4443F00103136000BFA1
:100DD8000C37BD465DF8047B704700BF90E1000802
:100DE80080B483B000AF786039600C4A3B68134424
:100DF8001B781A467B6813441B6808493A680A44FA
:100E0800127811467A680A4423F00103136000BF80
:100E18000C37BD465DF8047B704700BF90E10008C1
:100E280080B483B000AF78603960084A3B681344E7
:100E38001B781A467B6813441B6803F490731846A2
:100E48000C37BD465DF8047B704700BF90E1000891
:100E580080B485B000AFF860B9607A600D4ABB68AD
:100E680013441B781A46FB6813445B681B0C1B046D
:100E78000849BA680A4412781146FA680A441146C1
:100E88007A6813434B6000BF1437BD465DF8047B96
:100E9800704700BF90E1000880B483B000AF78606D
:100EA8003960074A3B6813441B781A467B68134429
:100EB8005B689BB218460C37BD465DF8047B7047EB
:100EC80090E1000880B485B000AFF860B9607A603E
:100ED8003B60BB69402B14D1174ABB6813441B788D
:100EE8001A46FB6813441A467B68D360124ABB68EB
:100EF80013441B781A46FB6813441A463B689360F0
:100F080013E00D4ABB6813441B781A46FB68134468
:100F18001A467B689360084ABB6813441B781A46D4
:100F2800FB6813441A463B68D36000BF1437BD46BC
:100F38005DF8047B704700BF90E1000880B485B07D
:100F480000AFF860B9607A60074ABB6813441B7841
:100F58001A46FB6813441A467B68D36000BF1437EF
:100F6800BD465DF8047B704790E1000880B483B00B
:100F780000AF78607B685B6803F40063B3F5006FCB
:100F88000CBF01230023DBB218460C37BD465DF8C1
:100F9800047B704780B483B000AF78607B685B687F
:100FA80003F40013B3F5001F0CBF01230023DBB2C9
:100FB80018460C37BD465DF8047B704780B483B093
:100FC80000AF78607B684FF40062DA6000BF0C37CE
:100FD800BD465DF8047B704780B483B000AF78608D
:100FE8007B684FF40012DA6000BF0C37BD465DF82D
:100FF800047B704780B483B000AF786039600C4AD6
:101008003B6813441B781A467B6813441B680849DD
:101018003A680A44127811467A680A4443F0100381
:10102800136000BF0C37BD465DF8047B704700BFF6
:1010380090E1000880B483B000AF786039600C4A52
:101048003B6813441B781A467B6813441B6808499D
:101058003A680A44127811467A680A4423F0100361
:10106800136000BF0C37BD465DF8047B704700BFB6
:1010780090E1000880B483B000AF786039600A4A14
:101088003B6813441B781A467B6813441B6803F0BB
:101098001003102B0CBF01230023DBB218460C37BA
:1010A800BD465DF8047B704790E1000880B483B0CA
:1010B80000AF78607B68DB6843F400527B68DA60D5
:1010C80000BF0C37BD465DF8047B704780B483B021
:1010D80000AF78607B68DB6823F400527B68DA60D5
:1010E80000BF0C37BD465DF8047B704780B483B001
:1010F80000AF78607B681B6803F00103012B0CBF0D
:1011080001230023DBB218460C37BD465DF8047B8B
:10111800704780B483B000AF78607B681B6803F0C9
:101128000203022B0CBF01230023DBB218460C3745
:10113800BD465DF8047B704780B483B000AF78602B
:101148007B681B6803F00403042B0CBF01230023F6
:10115800DBB218460C37BD465DF8047B704780B497
:1011680083B000AF78607B681B6803F00803082B26
:101178000CBF01230023DBB218460C37BD465DF8CF
:10118800047B704780B483B000AF78607B681B68CD
:1011980003F08003802B0CBF01230023DBB2184629
:1011A8000C37BD465DF8047B704780B485B000AF4E
:1011B80078607B681B68FB60FB687B685B68FB602A
:1011C800FB6800BF1437BD465DF8047B704780B4E8
:1011D80085B000AF78607B681B68FB60FB687B6844
:1011E8005B68FB60FB6800BF1437BD465DF8047B95
:1011F800704780B489B000AF78607B680C33FB60BF
:10120800FB6853E8003FBB60BB6843F02003FB6109
:101218007B680C33FA69BA617B617969BA6941E81C
:1012280000233B613B69002BE7D100BF00BF243797
:10123800BD465DF8047B704780B489B000AF786024
:101248007B680C33FB60FB6853E8003FBB60BB68FE
:1012580043F08003FB617B680C33FA69BA617B61F8
:101268007969BA6941E800233B613B69002BE7D102
:1012780000BF00BF2437BD465DF8047B704780B4CB
:1012880089B000AF78607B680C33FB60FB6853E87B
:10129800003FBB60BB6843F48073FB617B680C3321
:1012A800FA69BA617B617969BA6941E800233B61EF
:1012B8003B69002BE7D100BF00BF2437BD465DF86E
:1012C800047B704780B489B000AF78607B681433C2
:1012D800FB60FB6853E8003FBB60BB6843F0010359
:1012E800FB617B681433FA69BA617B617969BA6911
:1012F80041E800233B613B69002BE7D100BF00BFF9
:101308002437BD465DF8047B704780B489B000AFD0
:1013180078607B680C33FB60FB6853E8003FBB6078
:10132800BB6823F01003FB617B680C33FA69BA6170
:101338007B617969BA6941E800233B613B69002B0D
:10134800E7D100BF00BF2437BD465DF8047B704776
:1013580080B489B000AF78607B680C33FB60FB68B1
:1013680053E8003FBB60BB6823F02003FB617B6848
:101378000C33FA69BA617B617969BA6941E800237B
:101388003B613B69002BE7D100BF00BF2437BD4656
:101398005DF8047B704780B489B000AF78607B68E3
:1013A8000C33FB60FB6853E8003FBB60BB6823F06D
:1013B8008003FB617B680C33FA69BA617B617969E8
:1013C800BA6941E800233B613B69002BE7D100BFC4
:1013D80000BF2437BD465DF8047B704780B489B0F0
:1013E80000AF78607B680C33FB60FB6853E8003F14
:1013F800BB60BB6823F48073FB617B680C33FA69BC
:10140800BA617B617969BA6941E800233B613B694C
:10141800002BE7D100BF00BF2437BD465DF8047B31
:10142800704780B489B000AF78607B681433FB6084
:10143800FB6853E8003FBB60BB6823F00103FB6116
:101448007B681433FA69BA617B617969BA6941E8E2
:1014580000233B613B69002BE7D100BF00BF243765
:10146800BD465DF8047B704780B489B000AF7860F2
:101478007B681433FB60FB6853E8003FBB60BB68C4
:1014880043F04003FB617B681433FA69BA617B61FE
:101498007969BA6941E800233B613B69002BE7D1D0
:1014A80000BF00BF2437BD465DF8047B704780B499
:1014B80089B000AF78607B681433FB60FB6853E841
:1014C800003FBB60BB6823F04003FB617B681433BB
:1014D800FA69BA617B617969BA6941E800233B61BD
:1014E8003B69002BE7D100BF00BF2437BD465DF83C
:1014F800047B704780B489B000AF78607B68143390
:10150800FB60FB6853E8003FBB60BB6843F08003A7
:10151800FB617B681433FA69BA617B617969BA69DE
:1015280041E800233B613B69002BE7D100BF00BFC6
:101538002437BD465DF8047B704780B489B000AF9E
:1015480078607B681433FB60FB6853E8003FBB603E
:10155800BB6823F08003FB617B681433FA69BA61C6
:101568007B617969BA6941E800233B613B69002BDB
:10157800E7D100BF00BF2437BD465DF8047B704744
:1015880080B483B000AF78607B68043318460C37AA
:10159800BD465DF8047B704780B483B000AF7860C7
:1015A8007B685B68DBB218460C37BD465DF8047B88
:1015B800704780B483B000AF78600B46FB70FA7850
:1015C8007B685A6000BF0C37BD465DF8047B7047E6
:1015D80080B485B000AF786039607B685B6B3A682F
:1015E8001344FB607B685A6B7B689B6B9A4204D2FE
:1015F8007B689B6BFA689A4212D27B685A6B7B684D
:101608009B6B9A420ED37B689B6AFA689A4209D30D
:101618007B689B6AFA68D21A7B689B6B9A4201D3F3
:10162800012300E00023DBB218461437BD465DF8FD
:10163800047B704780B586B000AFF860B9607A6007
:101648003B607968F868FFF7C3FF0346002B21D099
:101658003B68002B1CD009F0FBFC786100BF79685F
:10166800F868FFF7B5FF0346002B07D0012178691A
:1016780007F056FB02463B689342F0D20121786995
:1016880007F04EFB02463B68934203D2012347E032
:10169800012345E0FB685A6B7B681A44FB689B6A28
:1016A8009A4223D9FB689A6AFB685B6BD31A3B6141
:1016B800FB681A6AFB685B6B13443A69B968184699
:1016C800FFF704FAFB685A6B7B681A44FB689B6A4D
:1016D800D21AFB685A63FB68186A3B69BA68D11862
:1016E800FB685B6B1A46FFF7F1F90FE0FB681A6AB3
:1016F800FB685B6B13447A68B9681846FFF7E6F92C
:10170800FB685A6B7B681A44FB685A63FB685A6B20
:10171800FB689B6A9A4202D1FB6800225A63002345
:1017280018461837BD4680BD80B586B000AF7860D2
:101738007B6893F83C30FB737B689B7D03F0040364
:10174800002B03D07B681B6B7B610DE07B685A68BC
:101758007B681B7C19461046FFF79EFBB8607B68C8
:101768005A6ABB68D31A7B617B685B6A7A699A425A
:1017780001D100237B61FB7B012B14D17B689B7D0E
:1017880003F01003002B0ED07B68DB6A7A699A425B
:1017980009D97B681B8B43F020039AB27B681A83B4
:1017A8007B687A69DA627B68DB6A7A699A4205D96A
:1017B8007B68DB6A7A69D31A3B6116E07B68DB6A6F
:1017C8007A699A4208D27B685A6A7B68DB6AD31ABC
:1017D8007A6913443B6108E0FB7B012B03D17B68EA
:1017E8005B6A3B6101E000233B613B69184618379F
:1017F800BD4680BD80B588B000AFF860B9607A603A
:101808000023BB61F868FFF78FFF0246BB6893426D
:1018180015D97B68002B12D009F01AFC786100BF3B
:10182800F868FFF781FF0246BB68934207D9012198
:10183800786907F075FA02467B689342F0D2F86837
:10184800FFF772FFB861BA69BB689A4202D2BB69F6
:10185800FB6101E0BB68FB61FB6918462037BD46A8
:1018680080BD80B586B000AFF860B9607A603B6033
:101878003B6800221A600023FB82FB68DA6A7B68F7
:101888001A44FB685B6A9A4227D9FB685A6AFB6864
:10189800DB6AD31A3B61FB68DA69FB68DB6A1344CD
:1018A8003A691946B868FFF711F9FB68DA6A7B6884
:1018B8001A44FB685B6AD21AFB68DA623B69BA6849
:1018C800D018FB68D969FB68DB6A1A46FFF7FEF88F
:1018D800FB68002283F83C200FE0FB68DA69FB68AC
:1018E800DB6A13447A681946B868FFF7EFF8FB68B3
:1018F800DA6A7B681A44FB68DA62FB68DA6AFB68B2
:101908005B6A9A4206D1FB680022DA62FB68002211
:1019180083F83C20F86800F075FA0346FB823B68C0
:101928007A681A60FB8A18461837BD4680BD80B5AC
:1019380084B000AFF860B9607A60FB685A68FB68E9
:101948001B7C19461046FFF795FB0346002B54D025
:10195800FB685A68BB68104698470346002B4CD072
:10196800FB685A687B6810469847FB6893F83C30D8
:10197800012B09D1FB681B8B43F020039AB2FB684B
:101988001A83FB680022DA62FB68012283F83C2094
:10199800FB685A68FB681B7C19461046FFF740FA3B
:1019A8000346002B29D1FB681B7D002B0BD0FB685D
:1019B8001B7D012B21D1FB681B8B002B03D0FB68FF
:1019C8001B8B202B19D1FB685A68FB681B7C1946B6
:1019D8001046FFF705FAFB685868FB681B7C194638
:1019E800FB685B6A1A46FFF733FAFB685A68FB68BC
:1019F8001B7C19461046FFF7D3F900BF1037BD46C8
:101A080080BD80B584B000AFF860B9607A60FB68CB
:101A18009A68FB685B7C19461046FFF72BFB034668
:101A2800002B00F09C80FB689A68BB6810469847BA
:101A38000346002B00F09380FB689A687B68104689
:101A48009847FB689A68FB685B7C19461046FFF765
:101A5800E7F90346002B40F08280FB689A6BFB682D
:101A6800DB681A44FB689A63FB689A6BFB689B6A9D
:101A78009A4202D1FB6800229A63FB680022DA745A
:101A8800FB689A6BFB685B6B9A4231D2FB685A6BB6
:101A9800FB689B6BD21AFB68DA60FB689A68FB6884
:101AA8005B7C19461046FFF79BF9FB689868FB6852
:101AB8005B7C1946FB681A6AFB689B6B13441A46E1
:101AC800FFF73CFAFB689868FB685B7C1946FB6883
:101AD800DB681A46FFF7BCF9FB689A68FB685B7C11
:101AE80019461046FFF75CF9FB680122DA7436E004
:101AF800FB689A6BFB685B6B9A4230D9FB689A6A01
:101B0800FB689B6BD21AFB68DA60FB689A68FB6813
:101B18005B7C19461046FFF763F9FB689868FB6819
:101B28005B7C1946FB681A6AFB689B6B13441A4670
:101B3800FFF704FAFB689868FB685B7C1946FB684A
:101B4800DB681A46FFF784F9FB689A68FB685B7CD8
:101B580019461046FFF724F9FB680122DA7400BF22
:101B68001037BD4680BD80B584B000AF78600023D3
:101B7800FB737B681B681846FFF7F1FA0346012BD5
:101B880008D17B681B8B43F002039AB27B681A83E7
:101B98000123FB737B681B681846FFF7BAFA0346F4
:101BA800012B08D17B681B8B43F008039AB27B6832
:101BB8001A830123FB737B681B681846FFF7BCFA7E
:101BC8000346012B08D17B681B8B43F010039AB2A4
:101BD8007B681A830123FB737B681B681846FFF731
:101BE80085FA0346012B08D17B681B8B43F004035D
:101BF8009AB27B681A830123FB73FB7B012B1ED1EE
:101C08007B681B7D012B15D17B689B7D03F004034A
:101C1800002B0AD07B681B681846FFF799FB7B6886
:101C28001B681846FFF771FB04E07B681B681846C1
:101C3800FFF73DFC7B681B681846FFF7B6FA00BF44
:101C48001037BD4680BD80B584B000AF78607B6832
:101C58001B681846FFF796FA0346FB73FB7B012BBC
:101C680029D17B689A6B7B685B6B9A421BD07B6837
:101C780018687B681A6A7B689B6B13441B78194643
:101C8800FFF797FC7B689B6B5A1C7B689B6A9A42A0
:101C980003D17B6800229A630DE07B689B6B5A1C1A
:101CA8007B689A6307E07B681B681846FFF773FB3D
:101CB8007B6800229A74FB7B18461037BD4680BDAE
:101CC80080B500AF0248FFF74EFF00BF80BD00BFE0
:101CD800DC01002080B500AF0248FFF7B4FF00BF69
:101CE80080BD00BF1C0A002080B500AF034A04492C
:101CF8000448FFF786FE00BF80BD00BFE10F000863
:101D08009D0F0008DC01002080B500AF034A04499C
:101D18000448FFF70CFE00BF80BD00BFC50F0008D8
:101D2800750F0008DC010020B0B584B002AF786000
:101D38007B685C687B681B7C1D467B681B68184653
:101D4800FFF71EFC02467B68DB69194600230093F7
:101D58000B4629462046FFF7B5F87B6858687B682C
:101D68001B7C19467B685B6A1A46FFF771F87B682B
:101D78005A687B681B7C19461046FFF73BF97B685D
:101D88001B681846FFF770FB7B681B685A697B68FD
:101D98001B6842F040025A617B685A687B681B7C6A
:101DA80019461046FEF7FCFF00BF0837BD46B0BD18
:101DB800F0B585B002AF78607B689C687B685B7C17
:101DC8001D467B681B6A1E467B681B681846FFF722
:101DD800D7FB034640220092324629462046FFF7A9
:101DE80071F87B689A687B685B7C19461046FFF738
:101DF80001F97B681B681846FFF77CFB00BF0C37AE
:101E0800BD46F0BD80B584B000AF78600023FB818B
:101E18007B681B8B03F02003002B0AD0FB8943F05F
:101E28002003FB817B681B8B23F020039AB27B681D
:101E38001A837B681B7D002B08D17B681A8BFB8972
:101E48001343FB817B6800221A833AE07B681B7D81
:101E5800012B36D17868FFF767FC0346002B30D199
:101E68007B681B8B002B2CD07B681A8BFB89134358
:101E7800FB817B6800221A837B689B7D03F0040347
:101E8800002B0FD07B681B681846FFF785FB7B6823
:101E98001B681846FFF79BF97B681B681846FFF715
:101EA800A8F90EE07B681B681846FFF775FB7B688E
:101EB8001B681846FFF78BF97B681B681846FFF705
:101EC800D3FAFB8918461037BD4680BD80B584B06B
:101ED80000AF78607B681B686D4A934203D06D4AF7
:101EE800934203D005E06C4BFB6005E06B4BFB6055
:101EF80002E00023FB6000BFFB68002B00F0C380FA
:101F0800FB685A7D7B685B7D1343DAB2FB685A75C0
:101F1800FB689A7D7B689B7D1343DAB2FB689A75F0
:101F28007B681A68FB681A60FB6800221A83FB68E2
:101F380000225A83FB681B681846FFF7C7F87B68BE
:101F48005B7D03F00103002B3CD07B685A6AFB6879
:101F58005A627B68DA69FB68DA61FB680022DA6238
:101F6800FB6800221A637B681A7DFB681A75FB6898
:101F7800002283F83C20FB689B7D03F01003002BB4
:101F880015D07B685A68FB685A607B681A7CFB68C6
:101F98001A74F868FFF7C8FEFB681B681846FFF755
:101FA80091F9FB681B681846FFF769F90AE0FB68B6
:101FB8009B7D03F00403002B04D0FB681B681846C4
:101FC800FFF717F97B685B7D03F00203002B27D02E
:101FD8007B689A6AFB689A627B681A6AFB681A626D
:101FE800FB6800225A63FB6800229A63FB680022A0
:101FF8009A74FB680022DA74FB689B7D03F0200367
:10200800002B0DD07B689A68FB689A607B685A7CC5
:10201800FB685A74FB680022DA60F868FFF7C8FEAC
:10202800FB681B681846FFF741F87B681B68184A6D
:10203800934203D0174A934211D021E0FEF726FEBF
:102048000346002200211846FEF776FE034619468D
:102058002620FEF747FE2620FEF726FE13E0FEF7B1
:1020680015FE0346002200211846FEF765FE0346CA
:1020780019463420FEF736FE3420FEF715FE02E03E
:102088000023FB6000BFFB6818461037BD4680BDC3
:1020980000440040004C0040DC0100201C0A0020E5
:1020A80080B586B000AFF860B9607A603B603B6885
:1020B80000221A60FB685B8B03F48073002B02D04C
:1020C8004FF4807316E0FB685B8B43F480739AB21D
:1020D800FB685A833B687A68B968F868FFF7C1FB00
:1020E8000346FB82FB685B8B23F480739AB2FB6820
:1020F8005A83FB8A18461837BD4680BD80B584B020
:1021080000AFF860B9607A603B60BB6900221A6072
:10211800FB685B8B03F08003002B01D0802353E026
:102128007B68002B4FD0FB685B8B43F080039AB22F
:10213800FB685A833B687A68B968F868FFF77AFAE7
:102148000346012B08D1FB685B8B23F080039AB20E
:10215800FB685A83402337E0FB689B7C002B28D11F
:10216800FB681868FB681A6AFB689B6B13441B784A
:102178001946FFF71EFAFB689B6B5A1CFB689B6AA3
:102188009A4203D1FB6800229A6304E0FB689B6BC8
:102198005A1CFB689A63FB689A6BFB685B6B9A42F4
:1021A80007D0FB6801229A74FB681B681846FFF782
:1021B80043F8BB697A681A60FB685B8B23F080037D
:1021C8009AB2FB685A83002318461037BD4680BD73
:1021D80080B586B000AFF860B9607A603B603B6A52
:1021E80000221A60FB685B8B03F08003002B01D090
:1021F800802367E07B68002B63D0FB685B8B43F030
:1022080080039AB2FB685A83FB685B6B7B613B680F
:102218007A68B968F868FFF70DFA0346012B08D108
:10222800FB685B8B23F080039AB2FB685A834023D8
:1022380048E0FB68DB7C002B39D1FB685A6BFB68F4
:102248009B6B9A4206D2FB689A6A7B69D21AFB6832
:10225800DA6002E0FB687A68DA60FB680122DA7407
:10226800FB689A68FB685B7C19461046FEF7B8FD68
:10227800FB689868FB685B7C1946FB681A6AFB6810
:102288009B6B13441A46FEF759FEFB689868FB6877
:102298005B7C1946FB68DB681A46FEF7D9FDFB68CC
:1022A8009A68FB685B7C19461046FEF779FD3B6A25
:1022B8007A681A60FB685B8B23F080039AB2FB682C
:1022C8005A83002318461837BD4680BD80B582B0B2
:1022D80000AF78607B681B681846FEF7F7FE7B68DE
:1022E8009B7D03F02003002B0DD07B689A687B68E8
:1022F8005B7C19461046FEF79DFE7B681B681846F6
:10230800FFF71BF90AE07B689B7D03F00803002BAD
:1023180004D07B681B681846FFF73DF87B689B7DF7
:1023280003F01003002B17D07B681B681846FFF7D3
:1023380078F87B681B681846FFF750F87B685A687E
:102348007B681B7C19461046FEF774FE7B681B6889
:102358001846FFF7ACF80AE07B689B7D03F004039E
:10236800002B04D07B681B681846FEF7F1FF00BFFE
:102378000837BD4680BD80B485B000AF786039604D
:102388000023FB7397F90F3018461437BD465DF8E4
:10239800047B704780B584B000AF78603960002353
:1023A800FB727B68002B05D1374800F07DFB4FF0AE
:1023B800FF3365E03B68002B05D1344800F074FB1F
:1023C8004FF0FF335CE0324BD3E900014FF00002DD
:1023D8004FF04043FEF7F8FA0346002B06D03B685F
:1023E800D3E900232A49C1E9002305E0284BD3E9B2
:1023F80000233968C1E90023254BD3E900014FF0D8
:102408000002244BFEF7E0FA0346002B02D02248D4
:1024180000F04AFB7B685B681B68204A13607B6896
:102428005B685B681E4A13607B685B689B681D4A33
:1024380013607B685B68DB681B4A13601B4B0022D8
:102448001A6000F0EFFF0023FB600023FB6007E049
:10245800174AFB68174942F82310FB680133FB60F1
:10246800FB68012BF4D900F01DFC0346FB7297F9B9
:102478000B30002B02D1104B01221A7097F90B3048
:1024880018461037BD4680BD08B900082CB90008A9
:10249800000000200000F0BF58B90008680B0020B9
:1024A8006C0B0020700B0020740B0020780B0020B0
:1024B8005C0A002095340008650B002080B586B0C2
:1024C80000AF78600023FB7500233B610023FB739A
:1024D8002A4B1B78DBB2002B0CBF01230023DBB295
:1024E800BB73274B02221A707B68002B0BD1234B3E
:1024F8001B78DBB2002B06D1224B1B78DBB2002BFA
:1025080001D1012300E00023FB7316E00A2006F046
:10251800C7FB3B6903F51C5310333B617B68B3F180
:10252800FF3F05D03A697B689A4201D9012300E050
:102538000023FB73002000F00DFC104B1B78DBB26E
:10254800002B07D10F4B1B78DBB2002B02D1FB7B92
:10255800002BDBD00A4B03221A70FB7B002B01D027
:102568009C23FB75BB7B002B01D001F089F897F900
:10257800173018461837BD4680BD00BF630B0020D2
:10258800650B0020640B002080B588B000AF0346BF
:1025980087ED000BFB810023FB770123BB774FF00E
:1025A80000024FF00003D7E90001FEF717FA0346CF
:1025B800002B05D02F4800F077FA4FF0FF3355E095
:1025C800FB89FF2B08D9FB89FF2219462A4800F00E
:1025D8006BFA4FF0FF3349E0284B1B78DBB2032B33
:1025E80004D0264B1B78DBB2012B02D1234B0422EB
:1025F8001A70FB89012B15D8FB89214A52F8233020
:10260800002B0FD001F0FEFB03467B777B7F022B6C
:1026180008D1FB891A4A52F82330FA89104698479C
:102628000346BB77FB897B83FB89184697ED000B34
:1026380000F0F6FA7861BB7F002B07D07B8B7969B5
:10264800184601F0BBFB0346FB7703E07B8B18467B
:1026580001F013FC97F91F30002B05D097F91F30B4
:102668001946084800F020FA97F91F301846203715
:10267800BD4680BDC4B9000808BA0008650B002033
:102688005C0A002048BA000880B582B000AF002379
:10269800FB71002000F05EFB0346FB7197F90730E1
:1026A80018460837BD4680BD80B582B000AF00230C
:1026B800FB710B4B06221A7000F0EAFB0346FB7114
:1026C80008220021074809F025F800F05FFF044BB5
:1026D80000221A7097F9073018460837BD4680BDA2
:1026E800650B00205C0A002080B400AF034B1B7808
:1026F800DBB21846BD465DF8047B7047640B0020CA
:1027080080B400AF034B1B78DBB21846BD465DF8BA
:10271800047B70477C0B002080B592B000AF7860D6
:102728007B681033BB6202237B770823BB770A4B95
:10273800BB6000233B6100237B7680233B6307F16A
:1027480008031846FFF7C2FB02467B68DA6000BF41
:102758004837BD4680BD00BF004C004090B585B0ED
:1027680002AF114B1B78FB70104BD868F91C3B1D4E
:10277800009364230122FFF7C1FC0D4B9A6A0132D2
:102788009A629B6A1846FDF73DFE094BD3E90C2374
:10279800074CFDF7B1FE02460B46C4E9082300BF0B
:1027A8000C37BD4690BD00BFA0E10008640A0020B8
:1027B800F80A00200000000080B500AF24494FF05F
:1027C8000002244BC1E90E2321491FA3D3E90023AA
:1027D800C1E90C231E4B204A9A601D4B1F4ADA6040
:1027E8001B4B1F4A1A611A4B1E4A5A61184B1E4A44
:1027F8005A601D4B1D4A1A601C4B1D4A1A601B4B20
:102808001B4A5A60124A124B5B6818329A60104A87
:102818000F4B5B6808325A600D4A0D4B5B682032DB
:10282800DA60144B00221A70124B00221A72114BF4
:1028380001225A600F48FFF76FFF0E4B01221A72F0
:1028480000BF80BDAFF300809A9999999999C93FC3
:10285800F80A002000002440FA367A77D3595479D0
:102868008F7C57F5A0AD26EF400B0020540B0020BD
:102878009CE10008640A002080B500AF0A4B1B7871
:10288800002B0FD1084B01221A70074B5B68012BF4
:1028980008D1054B1B7A002B04D0034BDB68184684
:1028A800FFF714FD00BF80BD640A002080B582B028
:1028B80000AF4FF000024FF00003C7E90023164BAA
:1028C8001B785A1CD1B2144A1170002B09D0134B33
:1028D80001221A60104B1B78013BDAB20E4B1A70BA
:1028E80016E062B600BF0E4B1B68D3E90823C7E9A0
:1028F8000023FFF733FF97ED000B0020FFF744FE9E
:1029080072B600BF044B1B78013BDAB2024B1A7057
:102918000837BD4680BD00BF600B00205C0B00205F
:1029280098E1000880B586B000AF78603960584BF0
:102938007B61584B3B610023FB73574B00221A7095
:10294800564B00221A7001DF08F04CFB06F00AFF14
:1029580006F0BEF907F066F807F08CF806F054FFA9
:1029680006F0B2FF4E4B1B6800221A6000210020BF
:10297800FFF701FD0346FB7397F90F30002B02D0D8
:1029880097F90F3080E0FFF717FF72B600BF62B605
:1029980000BF434B1B685A68414B1B6838331946C4
:1029A8001046FFF7F7FC0346FB7397F90F30002B2F
:1029B8000DD14FF0FF30FFF781FDFFF795FE03467D
:1029C800002B04D0364B1B68012283F8402072B6D6
:1029D80000BF97ED050A06F039FAFFF791FE0346A6
:1029E800002B0CD1FFF780FE0346002B07D12C4BA0
:1029F8001B6893F84030002B01D1012300E000232D
:102A0800DAB2264B1A7062B600BF62B600BF2FE07A
:102A1800FFF73AFE0346FB73FFF772FE0346002BEF
:102A28000AD1FFF761FE0346002B05D11C4B1B683A
:102A380093F84030002B01D0012300E00023DAB2E4
:102A4800154B1A70144B1B78DBB2002B0CBF0123FB
:102A58000023DBB21A46114B1A700F4B1B78DBB2FE
:102A6800002B05D00F4B1B680E4A23F0010313609F
:102A78000A4B1B78DBB2002BCAD1FFF7FDFEFFF72C
:102A880013FE72B600BF002318461837BD4680BD36
:102A9800CDCC4C3E00002843610B0020620B002087
:102AA80098E1000810E000E00FB480B400AF00BF68
:102AB800BD465DF8047B04B0704780B485B000AFB4
:102AC800F860B9607A60FB68BA681A60FB6804331A
:102AD8007A681A6000BF1437BD465DF8047B7047FA
:102AE800F0B58BB000AF87ED020B0346FB80FB8887
:102AF800002B77D14FF00002414BD7E90201FDF7D7
:102B0800FBFC02460B46C7E906239FED391B97EDF0
:102B1800060B08F0E5FA53EC102B10461946FDF7A2
:102B28009BFF03467B6100237B6233A3D3E9002329
:102B3800D7E90601FDF770FF0346002B0ED02EA340
:102B4800D3E90023D7E90601FDF700FE02460B464C
:102B580010461946FDF780FF03467B627A6A796959
:102B68002848FFF7AAFF284BD3E900014FF00002DD
:102B7800264BFDF729FF0346002B2ED1224BD3E924
:102B880000014FF000024FF04043FDF71DFF0346E0
:102B9800002B22D11C4BD3E90001D7E90223FDF712
:102BA800F3FA02460B4614461D464FF00002184B36
:102BB800D7E90201FDF7A0FC02460B4601210E46AB
:102BC80020462946FDF70AFF0346002B01D10023C2
:102BD8001E46F3B21A460F4B1A700F49D7E9022363
:102BE800C1E9002300BF2C37BD46F0BDAFF300801C
:102BF800000000000000F0410000E0FFFFFFEF418F
:102C080000408F40900B0020000000200000F0BF23
:102C18000000B03C7C0B0020980B00200000000056
:102C280080B586B000AF87ED020B0346FB8000231A
:102C38007B61FB88184697ED020BFFF751FF17A33E
:102C4800D3E90023D7E90201FDF756FC02460B46FB
:102C5800104619464FF000020F4BFDF797FA02464F
:102C68000B4643EC172B9FED0A1BB0EE470AF0EE1C
:102C7800670A08F035FA53EC102B10461946FDF791
:102C8800EBFE03467B617B6918461837BD4680BD5D
:102C9800000000000000F0410000E03F00000000DC
:102CA80080842E4180B584B000AF0023BB60002330
:102CB8007B600023FB7323494FF000024FF00003B1
:102CC800C1E9002320494FF000024FF00003C1E999
:102CD80000233A1D07F108031146184605F0B2FF14
:102CE800BB687A681146184604F0CEF80346FB73B1
:102CF80097F90F30002B05D01448FFF7D5FE97F948
:102D08000F301AE03A1D07F108031146184605F07E
:102D1800B0FFBB687A681146184600F053FF0346B7
:102D2800FB7397F90F30002B05D097F90F30194630
:102D38000748FFF7B9FE97F90F3018461037BD4618
:102D480080BD00BF800B0020880B0020C4BB00089A
:102D5800ECBB000880B584B000AF0346FB710023CC
:102D6800FB730023BB73002005F09AFF00237B73DD
:102D780004F058FA0346FB7397F90F30002B0DD077
:102D880097F90F3013F1020F08D097F90F30194651
:102D98003C48FFF789FE0123BB730BE07B7B002BCC
:102DA80004D197F90F3013F1020F01D0012300E08D
:102DB80000237B73BB7B002B21D100F035FF03463A
:102DC800FB7397F90F30002B0DD097F90F3013F1E3
:102DD800020F08D097F90F3019462B48FFF764FE09
:102DE8000123BB730BE07B7B002B04D197F90F30D9
:102DF80013F1020F01D0012300E000237B73BB7B9A
:102E0800002B21D104F098F90346FB7397F90F3092
:102E1800002B0DD097F90F3013F1020F08D097F956
:102E28000F3019461948FFF73FFE0123BB730BE02B
:102E38007B7B002B04D197F90F3013F1020F01D0DF
:102E4800012300E000237B73FB79002B0DD00020C9
:102E580005F026FFBB7B002B02D17B7B002B01D129
:102E6800012300E00023BB7301E00123BB73BB7B9C
:102E7800002B3FF47BAF97F90F3018461037BD464B
:102E880080BD00BF14BC00084CBC00087CBC000816
:102E980080B582B000AF0023BB70394B1B78DBB222
:102EA800002B02D0002000F0D9FF00F0ABFF034652
:102EB800FB7000237B600EE00A2005F0F1FE7B68C2
:102EC80003F51C5310337B600120FFF743FF00F02C
:102ED80099FF0346FB707B682A4A934202D2FB782B
:102EE800002BE9D100F09AFF0346BB7097F9023036
:102EF800002B05D097F9023019462348FFF7D4FD77
:102F080004F00AFB0346BB7097F90230002B05D08A
:102F180097F9023019461D48FFF7C6FD1C4B0022E1
:102F28001A701C4B00221A701B4B00221A601B4B94
:102F380000221A601A4B00221A601A4B00221A60EB
:102F4800194B00221A6019494FF000024FF0404314
:102F5800C1E900230A4B00221A70082200211448F4
:102F680008F0D8FB13494FF000024FF00003C1E905
:102F7800002397F9023018460837BD4680BD00BFC8
:102F88007C0B002000879303B4BC0008D0BC000869
:102F9800630B0020640B0020680B00206C0B0020E2
:102FA800700B0020740B0020780B0020000000201C
:102FB800900B0020980B002080B586B000AF614BC5
:102FC8001B687B617B69002B00F0B8805E4B1B7827
:102FD800DBB2002B04D15B4B1B68002B00F0AE80EA
:102FE8005A4B1B78DBB2022B40F0A880584B1B7859
:102FF800002B40F0A3807B69D3E90023C7E90223B3
:10300800544B1B78002B00F08A80534B1B78DBB2A3
:10301800002B04D0504B1B78DBB2022B01D10123CB
:1030280000E00023FB714C4B1B78DBB2012B04D072
:10303800494B1B78DBB2022B01D1012300E00023AE
:10304800BB71FB79002B33D0444BD3E90023D7E97C
:103058000201FDF7D7FC0346002B0AD0404BD3E909
:1030680000013E4BD3E90023FDF7B8FC0346002BD3
:1030780014D13A4BD3E90023D7E90201FDF7CCFC80
:103088000346002B14D0364BD3E90001334BD3E968
:103098000023FDF799FC0346002B09D0314B1B6830
:1030A800002B02D1304B01221A70294B01221A70D1
:1030B800BB79002B33D0294BD3E90023D7E9020190
:1030C800FDF78CFC0346002B0AD0254BD3E9000101
:1030D800224BD3E90023FDF795FC0346002B14D1BE
:1030E8001E4BD3E90023D7E90201FDF76DFC034627
:1030F800002B14D01A4BD3E90001184BD3E9002355
:10310800FDF78AFC0346002B09D0164B1B68002BE1
:1031180002D1154B01221A700D4B01221A700C4B6B
:103128001B78002B0CBF01230023DBB21A46094B86
:103138001A700B49D7E90223C1E9002300BF1837E9
:10314800BD4680BDA40B0020A80B0020C40B0020A6
:10315800D30B0020D00B0020C00B0020B00B0020A8
:10316800C80B0020BC0B0020D20B002080B582B019
:1031780000AF0023FB719E4B1B78DBB2002B18D1EC
:103188009C4B00221A709C4B00221A709B4B1B7898
:10319800DBB2002B2DD0964B02221A70974B0022DF
:1031A8001A70974B1B78DBB2002B22D10123FB71DD
:1031B8001FE0924B00221A708E4B1B78DBB2002B5B
:1031C80009D0904B00221A70894B00221A70894B43
:1031D80000221A700DE08A4B1B78DBB2002B02D15B
:1031E8000123FB7105E0844B1B78FB71824B0022A5
:1031F8001A707F4B1B78DBB2042B00F2D78001A238
:1032080052F823F0213200085B3300083B320008F3
:103218000F33000899320008784B1B78DBB2002B7B
:1032280000F0D880724B02221A70744B00221A7078
:10323800D0E0FB79002B00F0CF80734B1B68002B8C
:103248000DDD6F4B1B78DBB2012B08D16E4B1B6871
:103258001A466E4B1A60664B03221A70BCE06C4B20
:103268001B68002B0AD0674B01221A70684B1B6839
:10327800664A13605E4B04221A70ADE06548FFF79A
:1032880013FC604B00221A70594B00221A70A3E0FD
:103298005E4B1B68002B04D05C4B1B68013B5B4AF0
:1032A80013605A4B1B68002B40F098805A4B1B78D0
:1032B800DBB2012B06D1534B00221A704C4B002273
:1032C8001A708BE0554B1B68002B0AD04D4B00221F
:1032D8001A70524B1B684D4A1360454B01221A70F5
:1032E8007CE0FB79002B07D0494B1B68474A1360E9
:1032F8003F4B04221A7071E0424B00221A703C4B7B
:1033080002221A706AE0414B1B68002B04D03F4B25
:103318001B68013B3D4A13603C4B1B68002B5FD187
:103328003B4B1B68002B0AD0364B01221A70384BD6
:103338001B68364A13602E4B04221A7050E0354839
:10334800FFF7B2FB2F4B00221A70294B00221A708C
:1033580046E02E4B1B68002B04D02C4B1B68013B0E
:103368002A4A1360294B1B68002B3BD1FB79002BA1
:1033780018D0274B1B68002B0AD0224B01221A7049
:10338800234B1B68214A1360194B04221A7029E049
:103398002048FFF789FB1B4B00221A70144B0022B0
:1033A8001A701FE0124B02221A701BE0104B1B7898
:1033B800DBB219461A48FFF777FB124B00221A7046
:1033C8000D4B00221A700B4B00221A70084B00227A
:1033D8001A7008E000BF06E000BF04E000BF02E08A
:1033E80000BF00E000BF00BF0837BD4680BD00BF7A
:1033F800C40B0020C10B0020D30B00200C000020C0
:10340800C20B0020D20B0020BC0B0020D40B0020E4
:1034180008000020F4BC0008C30B0020B80B0020F3
:103428001CBD000880B400AF10494FF000024FF0F7
:103438000003C1E900230E4B00221A700D4B1B78C4
:10344800DAB20D4B1A700D4B00221A700C4B002289
:103458001A700C4B00221A600B4B00221A700023C2
:103468001846BD465DF8047B704700BFC80B0020B6
:10347800D00B0020C20B0020D10B0020D20B002063
:10348800D30B0020D40B0020C40B002080B584B0DF
:1034980000AF0346FB80FB88002B3FD1314B1B78E4
:1034A800DAB2314B1B789A4214BF01230023DBB2F6
:1034B800FB732C4B1B78DAB22B4B1A70FB7B002B5F
:1034C8000BD02A4B00221A70294B00221A70294B64
:1034D80000221A60284B00221A70224B1B78DBB29C
:1034E800012B1BD1244B1B78DBB2002B04D1234BBF
:1034F8001B78DBB2002B08D11F4B1B78DBB2012BEA
:103508000CD11C4B1B68012B08D11A4B00221A60E6
:103518001A4B00221A70184B02221A70114B1B7892
:10352800DBB2012B07D1164B1B889BB2FA889A4253
:1035380001D1FFF741FDFB88002B05D1FFF716FEEF
:10354800104B00221A7006E00E4B1B78002B02D09D
:103558000D4B1B7801E0054B1B7818461037BD460C
:1035680080BD00BFC20B0020D10B0020D20B002071
:10357800D30B0020D40B0020C40B00200C0000202B
:10358800A00B0020D90B0020D80B002080B400AF7E
:1035980026494FF000024FF00003C1E90023244BF5
:1035A80000221A70234B00221A70234B00221A7033
:1035B800224B00221A80224B00221A70214B002233
:1035C8001A70214B00221A60204B00221A70204BDF
:1035D80000221A701F4B00221A601F4B00221A701B
:1035E8001E494FF000024FF00003C1E900231C4BB5
:1035F8004FF47A721A601B4B00221A601A4B002291
:103608001A601A4B00221A70194B01221A70194BB2
:1036180000221A70184B00221A70184B00221A70D8
:1036280000231846BD465DF8047B7047C80B002090
:10363800D00B0020C40B0020D10B0020A00B0020D1
:10364800D20B0020D30B0020D40B0020D80B002075
:10365800D90B0020A40B0020A80B0020B00B0020E1
:1036680008000020B80B0020BC0B0020C00B002075
:103678000C000020C10B0020C20B0020C30B00204F
:1036880080B400AF174B1B78DBB2002B25D1164B4B
:103698001B78DBB2002B0BD0144B1B78DBB2002B52
:1036A80006D1134B01221A70124B01221A7014E032
:1036B8000E4B1B78DBB2002B0BD00B4B1B78DBB20D
:1036C800002B06D10A4B00221A700A4B01221A70ED
:1036D80003E0084B00221A70FFE700BFBD465DF803
:1036E800047B7047C20B00200C000020C10B002097
:1036F800D80B0020D90B002080B586B000AFF86049
:10370800B9607A603B600023FB7503F0F9FE38610D
:10371800FB681B68184604F009F90021386803F0B3
:1037280067FE0246BB681A6003F052FE02467B68D9
:103738001A60BB681B68002B0FD0BB681B68194652
:10374800386904F0F9FB0246FB681A60FB681B68DD
:10375800002B04D1F623FB7501E0F823FB7597F9DC
:10376800173018461837BD4680BD000080B584B0B4
:1037780000AFF860B9607A60FA68BB6813441B78D8
:1037880019460848FFF790F9FB68002B02D0F86843
:1037980004F0CCF87B6800221A6000231846103722
:1037A800BD4680BD40BD000880B584B000AFF8605C
:1037B800B9607A60FA68BB6813441B7819460648F2
:1037C800FFF772F97B6802221A604FF0FF33184640
:1037D8001037BD4680BD00BF9CBD000880B485B0D1
:1037E80000AF03460A46FB711346BB710523FB7302
:1037F800FB79F02B02D90023FB7322E0FB79E32B42
:1038080005D9FB79F02B02D80123FB7319E0FB796A
:10381800D22B02D9FB79E22B08D9FB79C02B08D12E
:10382800BB79002B05D0BB79022B02D80223FB738E
:1038380007E0FB79C72B04D9FB79D22B01D80323E6
:10384800FB73FB7B18461437BD465DF8047B704755
:1038580080B58CB000AFF860B9607A603B60FB68F7
:10386800BB62BB6A1B7887F82730002387F82F30A4
:1038780097F82730C02B06D1BB68012B03D9BB6A48
:103888005B7887F82F30364B1B78002B3ED097F8A3
:103898002F2097F8273011461846FFF79FFF034659
:1038A800FB76002387F82E30FB7E052B23D0FB7E8A
:1038B8002C4A52F823307B6100233B617B69002B43
:1038C80019D097F827207B691046984738613B69DB
:1038D800002B14BF01230023DBB287F82E3097F8A2
:1038E8002E30002B07D03B695A687B681A603B6909
:1038F8009A683B681A6097F82E30002B2CD17B68A9
:10390800194A1A603B68194A1A6025E097F8273067
:10391800FF2B1BD1134B1B683B627B6800221A608C
:103928003B6800221A603B6A002B15D03B6AFF20D7
:103938009847F861FB69002B0ED0FB695A687B68D1
:103948001A60FB699A683B681A6005E07B68084A58
:103958001A603B6800221A6000BF3037BD4680BD40
:10396800DB0B0020E00B0020B1370008413A0008CB
:103978007537000880B483B000AF0346FB71044A72
:10398800FB79137000BF0C37BD465DF8047B7047A8
:10399800DB0B002080B400AF034B1B781846BD46F4
:1039A8005DF8047B704700BFDC0B002080B483B057
:1039B80000AF0346FB71064B1A78FB791343DAB262
:1039C800034B1A7000BF0C37BD465DF8047B704787
:1039D800DC0B002080B483B000AF0346FB7197F97D
:1039E8000730DB435AB2074B1B785BB213405BB21C
:1039F800DAB2044B1A7000BF0C37BD465DF8047B81
:103A0800704700BFDC0B002080B400AF034B1B786D
:103A18001846BD465DF8047B704700BFDD0B0020EB
:103A280080B400AF034B1B881846BD465DF8047B85
:103A3800704700BFDE0B002080B586B000AF03469C
:103A4800B9607A60FB7397F90F30002B05D1BB681A
:103A58003B613B69FF221A7076E0BB687B617B693A
:103A6800FE221A7097F90F3010330F2B62D801A27B
:103A780052F823F0353B00082D3B0008253B000891
:103A88001D3B0008153B00080D3B0008FD3A0008E7
:103A9800053B0008F53A0008ED3A0008E53A000849
:103AA800DD3A0008C53A0008BD3A0008CD3A0008DA
:103AB800D53A00087B6930225A7045E07B69292293
:103AC8005A7041E07B6922225A703DE07B692022CE
:103AD8005A7039E07B6900225A7035E07B692322ED
:103AE8005A7031E07B6921225A702DE07B691122DE
:103AF8005A7029E07B6927225A7025E07B692A22BF
:103B08005A7021E07B6910225A701DE07B692422DB
:103B18005A7019E07B6928225A7015E07B692622C1
:103B28005A7011E07B6931225A700DE07B693322AB
:103B38005A7009E097F90F3019460548FEF7B4FFA7
:103B48007B6920225A70FFE700BF1837BD4680BD49
:103B5800CCBD000880B487B000AF0346B9607A6076
:103B6800FB7300237B61BB68002B23D000233B61E0
:103B780000233B6117E03A6913465B0013449B003E
:103B88001A46BB6813441B78FA7B9A4208D13A69F3
:103B980013465B0013449B001A46BB6813447B61C1
:103BA8003B6901333B613A697B689A4202D27B697F
:103BB800002BE0D07B6918461C37BD465DF8047BB6
:103BC8007047000080B582B000AF78603960134B51
:103BD8001B78002B05D01248FEF766FF6FF00B0329
:103BE80018E000F077FC00F081FC03460D4A1360F2
:103BF80002F04EFA02F068FA03460A4A936003F0AC
:103C080041F803F049F80346064A5360034B012282
:103C18001A70002318460837BD4680BDDA0B00200D
:103C280010BE0008E00B002080B58CB002AF002366
:103C380087F82730002387F826300023FB6100230C
:103C4800BB6100237B6100233B610023FB600023F1
:103C58003B620023BB6000237B60554B1B78002B25
:103C680005D15448FEF720FF6FF008039BE007F1E9
:103C7800140007F1180207F11C0107F11003009363
:103C88000346002003F00EFB034687F8273097F918
:103C98002730002B09D097F9273013F1040F04D0EF
:103CA80097F9273013F1050F71D1FB69002B05D067
:103CB8007A693B691A44BB699A4203D9F82387F8A1
:103CC800273067E0FA697B6913443B6239693B1D19
:103CD80007F10802386AFFF7BBFDBB68002B09D162
:103CE8003B6A1B7819463448FEF7DEFEF42387F852
:103CF80027304FE0BB68F869796907F10C029847EB
:103D0800034687F826307B68002B3DD0FB68002BE4
:103D18003AD0002387F827303A69FB689A420BD2D9
:103D2800FB6807F1140207F1180107F11C00FFF7FF
:103D3800E3FC034687F827303B691A460021386AB6
:103D480007F0E8FC97F92730002B1DD1FA697B6949
:103D580013443B627B68FA6897F92600396A9847EA
:103D6800F969B8697B69FA680192009303460A46C3
:103D78004FF6FF71012003F03DF9034687F827301D
:103D880097F92730002B04D197F927300BE000BFB3
:103D980000E000BFFB69002B03D0FB69184603F065
:103DA800C5FD97F9273018462837BD4680BD00BFA6
:103DB800DA0B002040BE000868BE000880B584B059
:103DC80000AF03463960FB800023FB730B4B1B7865
:103DD800002B05D10A48FEF767FE6FF0080309E0DB
:103DE800FB8800223968184602F06CFB0346FB7317
:103DF80097F90F3018461037BD4680BDDA0B002002
:103E080098BE000880B400AF034B1B781846BD4627
:103E18005DF8047B704700BFDB0B002080B500AF66
:103E28000B4B1B78002B02D10A48FEF73DFE02F02F
:103E38004FFF02F0F1FD00F075FB1022002106484B
:103E480007F068FC024B00221A700023184680BD58
:103E5800DA0B002090BF0008E00B002080B584B08A
:103E680000AF7860786802F0B1FB0346FB7397F9FE
:103E78000F3018461037BD4680BD80B584B000AFFE
:103E88000346FB800123FB73FA7BFB88002118465D
:103E980002F018FB0346BB7397F90E30184610372B
:103EA800BD4680BD80B584B000AF0346FB710123D9
:103EB800FB6003F0DCFAB860FA79B968FB68B1FB1B
:103EC800F3F39A4234BF01230023DBB218461037BC
:103ED800BD4680BD80B584B000AF78600B46FB70EE
:103EE80000F02AFBF860F9680648FEF7DDFD064B8E
:103EF8001B781A46F9687868FCF7E8FD00BF1037A8
:103F0800BD4680BDB8BF0008F80B002080B588B05A
:103F180000AFF860B9607A600023FB77FA68BB6885
:103F28001344BB61BB697B610023FB7402F0A6FCF0
:103F38000346FB74FB7C002B08D11A48FEF7B4FD3E
:103F48007B6802221A606FF00A0327E07B695B78BE
:103F5800002B03D07B695B78012B01D1012300E0A2
:103F68000023FB74FB7C002B0BD17B695B78194623
:103F78000D48FEF799FD7B6802221A606FF0010375
:103F88000CE00A48FEF790FD0120FFF7F3FC002340
:103F9800FB777B6808221A6097F91F30184620378C
:103FA800BD4680BDD0BF00081CC0000840C0000846
:103FB80080B586B000AF0346B9607A60FB7397F9A5
:103FC8000F30002B47D1BB687B610822002178693C
:103FD80007F0A0FB7B69FF221A7005227B695A70E3
:103FE80000227B699A7003F042FA0346DAB27B69D1
:103FF800DA7003F035FA03469AB27B699A807B69D6
:1040080001229A717B690122DA717B695B78194612
:104018001648FEF749FD7B699B7819461448FEF758
:1040280043FD7B69DB7819461248FEF73DFD7B6945
:104038009B889BB219461048FEF736FD7B699B7931
:1040480019460E48FEF730FD7B69DB7919460C48A6
:10405800FEF72AFD06E097F90F307A68B968184626
:10406800FFF7EAFC00BF1837BD4680BD68C00008EE
:1040780084C00008A0C00008BCC00008D8C0000860
:10408800F4C0000880B586B000AFF860B9607A6007
:104098000123FB7502F0F2FB0346FB75FB7D002B49
:1040A80008D10B48FEF700FD7B6802221A606FF00A
:1040B8000A0309E00748FEF7F7FC0020FFF75AFC5F
:1040C8007B6801221A60002318461837BD4680BD58
:1040D80010C1000860C1000880B584B000AFF86066
:1040E800B9607A600548FEF7DFFC7B6806221A6033
:1040F800002318461037BD4680BD00BF90C1000898
:1041080080B586B000AF0346B9607A60FB73BB68C0
:104118007B6106220021786907F0FCFA7B69FF229F
:104128001A70FFF737FC03461A467B695A70FFF787
:104138006BFC03461A467B699A70FFF771FC0346CD
:104148001A467B699A807B695B7819460948FEF7AD
:10415800ABFC7B699B7819460748FEF7A5FC7B6991
:104168009B889BB219460548FEF79EFC00BF18378E
:10417800BD4680BD9CC10008C0C10008E4C100085C
:1041880080B586B000AFF860B9607A600023FB752F
:104198000B48FEF789FC02F05BFB0346FB75FB7DD1
:1041A800002B03D003F08CF902F061FB7B6802223C
:1041B8001A606FF0040318461837BD4680BD00BF6B
:1041C80008C2000880B588B000AFF860B9607A60AE
:1041D8000023FB77FA68BB681344BB61BB697B614A
:1041E8000023FB747B695A687B69DB7819461046A3
:1041F80000F0AEF90346FB74FB7C002B08D10D4898
:10420800FEF752FC7B6802221A606FF00B030CE089
:104218007B6959687B69DB781A460748FEF744FCD6
:104228007B6801221A6097F91F3018462037BD466F
:1042380080BD00BF10C200082CC2000880B58AB03B
:1042480000AFF860B9607A60002387F82730FA6811
:10425800BB6813443B623B6AFB610023FB7600F0BA
:104268006BF97861FB695B781846FFF71BFE03461C
:10427800FB76FB7E002B0BD1FB695B781946124855
:10428800FEF712FC7B6802221A606FF0010316E049
:104298007B69002B08D10D48FEF706FC7B680222DB
:1042A8001A606FF00B030AE0FB695A78084B1A7022
:1042B800074B1B785A1C7B681A6097F927301846F9
:1042C8002837BD4680BD00BF60C2000890C2000804
:1042D800F80B002080B588B000AF0346B9607A605B
:1042E800FB7397F90F30002B30D100F025F9F861F6
:1042F800BB68BB6101220021B86907F00BFABB69F2
:10430800FF221A70FB69002B1CD0164B1B78013357
:104318007A689A4216D1BB6801337B610023FB742B
:104328001148FEF7C1FBFB7C19467869FFF7D2FDFF
:104338000C4B1B78184600F029F90A4B00221A701A
:1043480000BF0AE00948FEF7AFFB06E097F90F3017
:104358007A68B9681846FFF76FFB00BF2037BD467B
:1043680080BD00BFF80B0020ACC20008B8C200082E
:1043780080B588B000AFF860B9607A600023FB7739
:10438800FA68BB681344BB61BB697B610023FB749B
:104398007B695B781846FFF785FD0346FB74FB7C59
:1043A800002B0BD17B695B7819461748FEF77CFB1D
:1043B8007B6802221A606FF0010320E07B695A686B
:1043C8007B69DB781946104600F0C2F80346FB7497
:1043D800FB7C002B08D10D48FEF766FB7B680222A8
:1043E8001A606FF00B030AE07B695A78084B1A7061
:1043F800074B1B785A1C7B681A6097F91F301846C0
:104408002037BD4680BD00BFD8C200080CC30008D5
:10441800F80B002080B588B000AF0346B9607A6019
:10442800FB7397F90F30002B30D100F085F8F86155
:10443800BB68BB6101220021B86907F06BF9BB6951
:10444800FF221A70FB69002B1CD0164B1B78013316
:104458007A689A4216D1BB6801337B610023FB74EA
:104468001148FEF721FBFB7C19467869FFF732FDFE
:104478000C4B1B78184600F089F80A4B00221A707A
:1044880000BF0AE00948FEF70FFB06E097F90F3076
:104498007A68B9681846FFF7CFFA00BF2037BD46DB
:1044A80080BD00BFF80B00202CC300083CC30008E7
:1044B80080B582B000AF0346FB71FB79072204493F
:1044C8001846FFF747FB034618460837BD4680BD28
:1044D800A4E1000880B500AF034800F013F800F02D
:1044E80069F800BF80BD00BFB944000880B400AFC0
:1044F800034B1B681846BD465DF8047B704700BF38
:10450800FC0B002080B483B000AF7860044A7B685D
:10451800136000BF0C37BD465DF8047B704700BFD1
:10452800FC0B002080B500AF00F04BF80020FFF72F
:10453800E9FF00BF80BD000080B400AF034B1B68DB
:104548001846BD465DF8047B704700BFF00B00209D
:1045580080B483B000AF78600B46FB70FB78002B0B
:1045680004D17B68002B01D1002306E0064A7B6852
:104578001360054AFB781371012318460C37BD46B2
:104588005DF8047B704700BFF00B002080B483B057
:1045980000AF0346FB71064B1A68FB791344044AC3
:1045A800136000BF0C37BD465DF8047B704700BF41
:1045B800F00B002080B400AF00BFBD465DF8047B5F
:1045C800704780B400AF00BFBD465DF8047B7047FC
:1045D80080B584B000AF0346FB800023FB7304F072
:1045E80055FD03460B4A13600B4B1B68002B0CBF91
:1045F80001230023DBB2FB73FB7B002B04D1054BAB
:104608001B68184604F053FDFB7B18461037BD465F
:1046180080BD00BF0C0C0020080C002080B582B0C3
:1046280000AF0346FB80044B1B68184604F03FFDAF
:1046380000BF0837BD4680BD0C0C002080B582B095
:1046480000AF0346FB8004F021FD0346074A1360D0
:10465800074B1B680133064A1360044B1B68184656
:1046680004F025FD00BF0837BD4680BD0C0C0020B6
:10467800080C002080B582B000AF0346FB8004F030
:1046880005FD0346074A1360074B1B68013B064AB2
:104698001360044B1B68184604F009FD00BF083777
:1046A800BD4680BD0C0C0020080C002080B483B0EF
:1046B80000AF0346FB80104B1968FA8813465B006D
:1046C8001344DB000B445B79022B0AD00A4B1968B0
:1046D800FA8813465B001344DB000B445B79032B19
:1046E80001D1012300E00023DBB218460C37BD4698
:1046F8005DF8047B704700BF000C002080B582B0D5
:1047080000AF0023FB710023BB800023BB8008E0BF
:10471800BB881846FFF7CAFF0346FB71BB88013305
:10472800BB80094B9B88BA889A4202D2FB79002B3E
:10473800EED0FB79002B0CBF01230023DBB2184617
:104748000837BD4680BD00BF000C002080B485B08E
:1047580000AF0346FB800B467B7113463B71284B29
:104768001B68002B42D0264B9B88FA889A423DD280
:10477800234B1968FA8813465B001344DB000B448B
:104788001B68002B32D01E4B1968FA8813465B0051
:104798001344DB000B441B797A799A4226D2184BD2
:1047A8001968FA8813465B001344DB000B44196848
:1047B8007A791346DB009B1A9B000B441B68002B7D
:1047C80014D00F4B1968FA8813465B001344DB00BA
:1047D8000B4419687A791346DB009B1A9B000B443B
:1047E8001B793A799A4201D2012300E00023FB7336
:1047F800FB7B18461437BD465DF8047B704700BF45
:10480800000C002080B485B000AF03463A60FB710D
:104818000B46BB710023FB73BB79BB81FB79FF2B74
:1048280004D1BB89FF2B01D80123FB73FB7B1846FE
:104838001437BD465DF8047B704780B483B000AF81
:104848000346FB71FB7923F01003002B0CBF0123F7
:104858000023DBB218460C37BD465DF8047B704771
:1048680080B485B000AF0346FB710023FB73FB796E
:10487800002B05D0FB79012B02D0FB79022B01D14B
:104888000123FB73FB7B18461437BD465DF8047B98
:10489800704780B485B000AF0346FB710023FB73FB
:1048A800FB79002B05D0FB79012B02D0FB79022B79
:1048B80001D10123FB73FB7B18461437BD465DF815
:1048C800047B704780B400AF01231846BD465DF8ED
:1048D800047B704780B485B000AF0346FB80164B5D
:1048E8001968FA8813465B001344DB000B441B7BF2
:1048F800022B0ED1104B1968FA8813465B0013443B
:10490800DB000B44DA880D4B1B889A4201D0012347
:1049180000E00023FB73FB7B002B04D0FB88002BFB
:1049280001D1012300E00023FB73FB7B18461437F9
:10493800BD465DF8047B7047000C0020180000207D
:1049480080B485B000AF78600B46FB707B6819684F
:10495800FA781346DB009B1A9B000B44BB60BB68CC
:104968009B687A68D28902FB03F30133FB60FB780A
:10497800002B08D17B681B7A03F01003002B02D0B0
:10498800FB680433FB60FB6818461437BD465DF8C6
:10499800047B704780B586B000AF78600023BB7495
:1049A80000237B610023FB740023FB7415E0FB7C70
:1049B80019467868FFF7C4FFF8600023BB6001213F
:1049C800F86802F015FDB860BA687B699A4201D9A7
:1049D800BB687B61FB7C0133FB747B681B79FA7CC9
:1049E8009A42E4D37B681B791A4613465B009918F0
:1049F8007B6814331A46786903F050F80346BB7491
:104A080097F91230002B03D07B684FF0FF325A61C0
:104A180097F9123018461837BD4680BD80B582B068
:104A280000AF78607B685B69B3F1FF3F04D07B68B7
:104A38005B69184603F044F97B684FF0FF325A610E
:104A480000BF0837BD4680BD80B58AB000AFF860AA
:104A5800B9607A60002387F82730FA68BB68134486
:104A68003B623B6AFB61FB699A78DB781B02134364
:104A78007B83FB691B797B76FB695B793B7600233B
:104A8800FB753A7E797E7B8B1846FFF75FFE0346FF
:104A9800FB75FB7D002B0BD1798B7A7E3B7E1D4805
:104AA800FEF702F87B6802221A606FF001032CE01F
:104AB8007B8B1846FFF7FAFD0346002B0CBF01233A
:104AC8000023DBB2FB75FB7D002B0AD17B8B1946DB
:104AD8001148FDF7E9FF7B6802221A606FF00703AF
:104AE80013E0798B7A7E3B7E0C48FDF7DDFF0C4A9C
:104AF8007B8B13800A4A7B7E9370094A3B7ED37076
:104B08007B6801221A6097F9273018462837BD4676
:104B180080BD00BF64C30008A8C30008D8C300084C
:104B280014000020F0B58FB004AFF860B9607A6067
:104B3800002387F82730FA68BB6813443B623B6A56
:104B4800FB61584B1B887B83564B9B787B76554B78
:104B5800DB783B7600237B610023FB743A7E797E09
:104B68007B8B1846FFF7F2FD0346FB74FB7C002B9A
:104B78000BD1798B7A7E3B7E4B48FDF795FF7B689E
:104B880002221A606FF0050387E07B8B1846FFF757
:104B98008DFD0346002B0CBF01230023DBB2FB7401
:104BA800FB7C002B0AD17B8B19464048FDF77CFF24
:104BB8007B6802221A606FF007036EE0FB69587881
:104BC800FB699978FB695B681A46FFF71BFE034689
:104BD800FB74FB7C002B1BD1798B7A7E387EFB69BA
:104BE8005B781C46FB699B781D46FB69DB781E4693
:104BF800FB695B68039302960195009403462C4871
:104C0800FDF752FF7B6802221A606FF0010344E04F
:104C1800798B7A7E387EFB695B781C46FB699B78CA
:104C28001D46FB69DB781E46FB695B6803930296A9
:104C38000195009403461F48FDF736FF1E4B19687F
:104C48007A8B13465B001344DB000B4419687A7EA9
:104C58001346DB009B1A9B000B441A683B7EDB0063
:104C680013447B61FB695A787B691A70FB699A78EF
:104C78007B695A70FB69DA787B699A70FB695A68B4
:104C88007B695A60074BDB780133DAB2054BDA707F
:104C98007B6801221A6097F9273018462C37BD46E1
:104CA800F0BD00BF1400002028C4000884C4000818
:104CB800B4C400082CC50008000C002090B58DB0C5
:104CC80002AFF860B9607A60002387F82730FA6885
:104CD800BB6813443B623B6AFB610023BB61002352
:104CE800FB75614B1B68002B08D0FB695B889AB287
:104CF8005D4B9B889A4201D2012300E00023FB759B
:104D0800FB7D002B0CD1FB695B889BB21946574889
:104D1800FDF7CAFE7B6802221A606FF001039FE06C
:104D2800514B1A68FB695B889BB219460B465B00BE
:104D38000B44DB001344BB61FB695B889BB21846DC
:104D4800FFF7B4FC0346002B0CBF01230023DBB2A2
:104D5800FB75FB7D002B0CD1FB695B889BB2194668
:104D68004348FDF7A1FE7B6802221A606FF0070333
:104D780076E0FB699B889BB27F2B94BF01230023BD
:104D8800DBB2FB75FB7D002B0CD1FB699B889BB2CA
:104D980019463848FDF788FE7B6802221A606FF0D2
:104DA80001035DE0FB69DB79002B0CBF01230023C5
:104DB800DBB2FB75FB7D002B08D12F48FDF774FE95
:104DC8007B6802221A606FF0010349E0FB695B7897
:104DD8001846FFF732FD0346FB75FB7D002B0BD110
:104DE800FB695B7819462548FDF75EFE7B68022261
:104DF8001A606FF0090333E0FB695B889BB21946C0
:104E0800FB695B781846FB699B889BB21C46FB696B
:104E18009B791A46FB69DB79019300922346024687
:104E28001748FDF741FEFB695A78BB691A72FB699E
:104E38009B889AB2BB69DA80FB699A79BB695A7216
:104E4800FB69DA79BB699A72BB695B7A012B02D874
:104E5800BB6901225A727B6801221A6097F92730D0
:104E680018462C37BD4690BD000C00209CC5000894
:104E7800CCC5000800C6000830C600086CC600088B
:104E8800A0C6000890B58FB000AFF860B9607A602E
:104E9800002387F82630FA68BB6813443B623B6AF4
:104EA800FB610023BB61FB695B889BB27B610023CC
:104EB80087F837300023FB748A4B1B68002B07D018
:104EC800884B9B881A467B69934201DA012300E0EC
:104ED800002387F8373097F83730002B09D17969E4
:104EE8008148FDF7E1FD7B6802221A606FF001033B
:104EF800B2E17E4A7B6913607A4B19687A69134676
:104F08005B001344DB000B44BB61FB695B7818460C
:104F1800FFF7A6FC034687F8373097F83730002BA1
:104F28000BD1FB695B7819467148FDF7BDFD7B68BD
:104F380002221A606FF009038EE1FFF7C3FC0346F3
:104F4800002B5AD0BB695B79002B56D1BB691B7A01
:104F580003F00203002B21D0BB691B68002B09D08A
:104F6800604BDB791A46BB691B791344802B01DC43
:104F7800012300E0002387F8373097F83730002BFB
:104F88002DD0584BDA79BB69DA72564BDA79BB699E
:104F98001B791344DAB2534BDA7120E0BB691B6802
:104FA800002B09D04F4B9B791A46BB691B791344D8
:104FB800FC2B01DC012300E0002387F8373097F849
:104FC8003730002B0BD0474B9A79BB69DA72454BC7
:104FD8009A79BB691B791344DAB2424B9A7197F8F4
:104FE8003730002B09D179694248FDF75DFD7B68B0
:104FF80002221A606FF008032EE1FB695B78012B2F
:1050080004D0FB695B78022B40F0908000233B635F
:10501800012387F8373000233B637CE00023FB62E1
:105028000023BB620023FB6213E0BB6919683A6B7B
:105038001346DB009B1A9B000B441A68FB6ADB00D3
:1050480013445B781A46BB6A1344BB62FB6A01339C
:10505800FB62BB6919683A6B1346DB009B1A9B001D
:105068000B441B791A46FB6A9342DEDB3B6B002B31
:1050780017D1BB691B7A03F01003002B11D0BB6951
:10508800DB891A46BB6A02FB03F35C1D02F0E8F9F0
:1050980003469C4294BF01230023DBB287F83730D4
:1050A80010E0BB69DB891A46BB6A02FB03F35C1C90
:1050B80002F0D6F903469C4294BF01230023DBB2D9
:1050C80087F8373097F83730002B17D13A6B796962
:1050D8000948FDF7E9FC7B6802221A606FF00803B3
:1050E800BAE000BF000C002004C700081000002030
:1050F80034C7000864C70008A0C70008BB6919685E
:105108003A6B1346DB009B1A9B000B44BA6A9A6001
:105118003B6B01333B63BB691B791A463B6B93427C
:1051280004DA97F83730002B7FF478AFBB69DB8857
:105138001846FFF74DFA0346FB74FB7C002B7DD025
:10514800002387F82730FB695B78022B53D0022BAA
:105158005FDC002B02D0012B13D05AE0796940485C
:10516800FDF7A2FCBB6901225A71FFF7C7FA034693
:10517800002B4BD00120FEF7FDFB4020FEF72AFC58
:1051880044E079693748FDF78FFCBB695B69B3F187
:10519800FF3F22D1BB69DA88334B1B889A420CD176
:1051A800314B5868304B9968BB6914331A4602F082
:1051B80033FE034687F827300FE07B69002B0CDCB1
:1051C800BB69DB88002B08D1B869FFF7E3FB03460E
:1051D80087F82730BB6900221A8297F92730002BFD
:1051E80016D1BB6903225A710220FEF7C3FB402087
:1051F800FEF7DCFB0CE0FB695B889BB219461B4899
:10520800FDF752FCBB6902225A7102E000BF00E0C0
:1052180000BFBB69DB881846FFF700FA7B680222EB
:105228001A6097F92730002B08D01148FDF73CFC8D
:105238007B6802221A606FF002030DE0FB7C002BF2
:1052480008D10C48FDF730FC7B6802221A606FF029
:105258000A0301E097F9263018463C37BD4690BD51
:1052680004C8000830C80008180000205CC80008FE
:1052780088C80008D4C8000880B586B000AF0346C7
:10528800B9607A60FB7397F90F30002B12D1BB68B5
:105298007B617B69FF221A700C4B1A680C4B1B68E8
:1052A80019460B465B000B44DB001344DA7A7B6932
:1052B8005A7006E097F90F307A68B9681846FEF711
:1052C800BBFB00BF1837BD4680BD00BF000C0020E7
:1052D8001000002090B58BB000AFF860B9607A601C
:1052E8000023FB77FA68BB681344BB61BB697B6129
:1052F8000023FB740023BB7400237B627B695B780B
:105308001846FFF7C6FA0346FB74FB7C002B0BD14B
:105318007B695B781946A648FDF7C6FB7B680222C5
:105328001A606FF0090362E1A24B1B68002B05D0DD
:10533800A04B9B88002B01D0012300E00023FB74C5
:10534800FB7C002B08D19C48FDF7AEFB7B68022252
:105358001A606FF001034AE101F07AFA0346BB7460
:10536800BB7C002B00F03581002387F82330002315
:105378003B847B695B78022B00F0D580022B00F31D
:105388000681002B02D0012B2CD000E100237B6288
:105398001BE0884B19687A6A13465B001344DB00EC
:1053A8000B445B79002B0DD0796A8448FDF77CFBB0
:1053B800804B19687A6A13465B001344DB000B4480
:1053C80001225A717B6A01337B627A4B9B881A46A9
:1053D8007B6A9342DDDB0120FEF7CCFA4020FEF722
:1053E800F9FAD4E000237B6263E0724B19687A6AA9
:1053F80013465B001344DB000B445B79022B55D149
:105408006C4B19687A6A13465B001344DB000B4443
:105418005B69B3F1FF3F49D1664B19687A6A134655
:105428005B001344DB000B44DA88654B1B889A4207
:1054380014D1634B5868624B9C685E4B19687A6A52
:1054480013465B001344DB000B4414331A46214611
:1054580002F0E2FC034687F8233027E07B6A002B42
:1054680024DC544B19687A6A13465B001344DB004A
:105478000B44DB88002B19D14E4B19687A6A134606
:105488005B001344DB000B441846FFF783FA03461E
:1054980087F82330474B19687A6A13465B00134430
:1054A800DB000B4400221A827B6A3B847B6A01334F
:1054B8007B62404B9B881A467B6A934203DA97F9D2
:1054C8002330002B91D097F92330002B5CD1002397
:1054D8007B6221E0374B19687A6A13465B001344F4
:1054E800DB000B445B79022B13D1796A3548FDF751
:1054F800DBFA304B19687A6A13465B001344DB0009
:105508000B4403225A710220FEF734FA4020FEF7BA
:105518004DFA7B6A01337B62264B9B881A467B6A6D
:105528009342D7DB30E000237B621BE0214B1968F4
:105538007A6A13465B001344DB000B445B79022B49
:105548000DD1796A1D48FDF7AFFA1A4B19687A6AC6
:1055580013465B001344DB000B4401225A717B6A3B
:1055680001337B62134B9B881A467B6A9342DDDBCF
:10557800FFF7C4F80346002B08D00120FEF7FAF91C
:105588004020FEF727FA01E000BF00E000BF01F06D
:105598006EF997F92330002B18D03B8C19460A482E
:1055A800FDF782FA7B6802221A606FF002031EE0A0
:1055B8001CC90008000C00204CC9000878C9000864
:1055C80018000020A0C90008C8C900087B6801228B
:1055D8001A60BB7C002B08D10748FDF765FA7B6889
:1055E80002221A606FF00A0301E097F91F3018468B
:1055F8002C37BD4690BD00BF14CA000880B584B0E2
:1056080000AFF860B9607A600548FDF74DFA7B682D
:1056180008221A60002318461037BD4680BD00BF17
:1056280058CA000880B586B000AF0346B9607A60F2
:10563800FB73BB687B6108220021786906F06AF871
:105648007B69FF221A707B6911225A707B694FF0BF
:10565800FF329A704FF0FF32DA707B69002262F0F5
:105668007F021A7100225A717B6900229A717B6944
:105678000022DA717B695B7819461048FDF714FA45
:105688007B695B889BB219460D48FDF70DFA7B696B
:105698009B889BB219460B48FDF706FA7B699B79F4
:1056A80019460948FDF700FA7B69DB79194607486E
:1056B800FDF7FAF900BF1837BD4680BD70CA00086B
:1056C8008CCA0008A8CA0008C4CA0008E0CA0008B2
:1056D80080B584B000AFF860B9607A600548FDF71E
:1056E800E3F97B6808221A60002318461037BD4684
:1056F80080BD00BFFCCA000880B586B000AF034675
:10570800B9607A60FB73BB687B6108220021786905
:1057180006F000F87B69FF221A707B6901225A7033
:105728007B69FF229A707B690122DA707B69FF220C
:105738001A717B6934225A717B69002242F0010296
:105748009A710022DA717B695B7819461248FDF775
:10575800ABF97B699B7819461048FDF7A5F97B6979
:10576800DB7819460E48FDF79FF97B691B791946C6
:105778000C48FDF799F97B695B7919460A48FDF7EA
:1057880093F97B69DB889BB219460848FDF78CF9C9
:1057980000BF1837BD4680BD18CB000840CB0008B5
:1057A80068CB000890CB0008B8CB0008E4CB000811
:1057B80080B586B000AFF860B9607A600023FB75E9
:1057C8000023BB750F48FDF76FF901F057F8034642
:1057D800BB75BB7D002B08D10B48FDF765F97B68CD
:1057E80002221A606FF00A0307E00120FEF7C2F8F0
:1057F8007B6801221A6097F9173018461837BD469A
:1058080080BD00BF0CCC00083CCC000880B58CB033
:1058180000AFF860B9607A60002387F82B30FA6827
:10582800BB6813447B627B6A3B623B6A5B889BB2C2
:10583800FB610023BB610023FB750023FB62514B16
:105848001B68002B0CBF01230023DBB2FB75FB7D1B
:10585800002B08D14C48FDF727F97B6802221A6013
:105868006FF003038AE0FB69002B05DDFB69B3F5E4
:10587800803F01DA012300E00023FB75FB7D002B4C
:1058880009D1F9694148FDF70FF97B6802221A60CE
:105898006FF0010372E0FA6913465B001344DB0002
:1058A8001A46F9693A48FDF7FFF8FA6913465B00AA
:1058B8001344DB00184601F0C5FFB861BB69002B33
:1058C80009D1F9693348FDF7EFF87B6802221A60BD
:1058D8006FF0020352E0FA6913465B001344DB00E1
:1058E8001A460021B86905F015FF264ABB691360FE
:1058F800FB699AB2234B9A800023FB6235E0FA6A6F
:1059080013465B001344DB001A46BB6913444FF08F
:10591800FF325A61FA6A13465B001344DB001A46E9
:10592800BB69134400221A73FA6A13465B001344D6
:10593800DB001A46BB69134401225A73FA6A1346FC
:105948005B001344DB001A46BB6913440122DA8169
:10595800FA6A13465B001344DB001A46BB6913441A
:1059680000221A82FB6A0133FB62FA6AFB699A42D7
:10597800C5DB7B6801221A6097F92B30184630374F
:10598800BD4680BD000C002078CC0008BCCC0008C7
:10599800ECCC000818CD000890B589B000AFF860CD
:1059A800B9607A600023FB77FA68BB681344BB616F
:1059B800BB697B617B699A78DB781B0213437B8226
:1059C8007B691B797B7400233B745C4B1B68002B41
:1059D80014BF01230023DBB23B743B7C002B08D1AE
:1059E8005748FDF761F87B6802221A606FF00303DD
:1059F8009FE0524B9B887A8A9A4234BF0123002346
:105A0800DBB23B743B7C002B0AD17B8A19464D489C
:105A1800FDF74AF87B6802221A606FF0010388E0FC
:105A28007B7C002B04D07B7CFC2B01D8012300E07D
:105A380000233B743B7C002B0BD17B7C7A8A194674
:105A48004148FDF731F87B6802221A606FF00103C4
:105A58006FE03A4B19687A8A13465B001344DB00FF
:105A68000B441B68002B0CBF01230023DBB23B74E3
:105A78003B7C002B08D13548FDF716F87B680222DD
:105A88001A606FF0030354E0797C788A7A7C1346B5
:105A9800DB009B1A9B0002462D48FDF705F87A7C2F
:105AA8001346DB009B1A9B001846244B19687A8A18
:105AB80013465B001344DB00CC1801F0C3FE034619
:105AC80023601E4B19687A8A13465B001344DB0077
:105AD8000B441B68002B0BD17B7C7A8A19461D4826
:105AE800FCF7E2FF7B6802221A606FF0020320E0F5
:105AF800124B19687A8A13465B001344DB000B4487
:105B080018687A7C1346DB009B1A9B001A46002112
:105B180005F000FE094B19687A8A13465B001344A6
:105B2800DB000B447A7C1A717B6801221A6097F9B2
:105B38001F3018462437BD4690BD00BF000C00201A
:105B480050CD000890CD0008BCCD0008F8CD000865
:105B580034CE00086CCE000890B58DB002AFF86066
:105B6800B9607A60002387F82730FA68BB68134465
:105B78003B623B6AFB61FB699A78DB781B02134343
:105B88007B83FB691B797B76FB695B793B7600231A
:105B9800FB75844B1B68002B14BF01230023DBB269
:105BA800FB75FB7D002B08D17F48FCF77DFF7B68E8
:105BB80002221A606FF00303F0E07A4B9B887A8B1D
:105BC8009A4234BF01230023DBB2FB75FB7D002B17
:105BD8000AD17B8B19467548FCF766FF7B68022261
:105BE8001A606FF00103D9E06E4B19687A8B13467F
:105BF8005B001344DB000B441B68002B14BF01231C
:105C08000023DBB2FB75FB7D002B08D16848FCF74D
:105C18004BFF7B6802221A606FF00303BEE0614B02
:105C280019687A8B13465B001344DB000B441B791D
:105C38007A7E9A4234BF01230023DBB2FB75FB7DD9
:105C4800002B0AD17B7E19465A48FCF72DFF7B684A
:105C580002221A606FF00103A0E0524B19687A8B98
:105C680013465B001344DB000B4419687A7E134625
:105C7800DB009B1A9B000B441B68002B0CBF012305
:105C88000023DBB2FB75FB7D002B08D14A48FCF7EB
:105C98000BFF7B6802221A606FF003037EE03B7EF5
:105CA800002B14BF01230023DBB2FB75FB7D002B07
:105CB8000BD1397E7A7E7B8B4048FCF7F5FE7B68FA
:105CC80002221A606FF0010368E0397E7A8B787ED1
:105CD8003B7EDB00009303463948FCF7E5FE3B7E3C
:105CE800D800304B19687A8B13465B001344DB00ED
:105CF8000B4419687A7E1346DB009B1A9B00CC186C
:105D080001F0A0FD03462360264B19687A8B1346E1
:105D18005B001344DB000B4419687A7E1346DB00F2
:105D28009B1A9B000B441B68002B0BD1397E7A8B86
:105D38007B7E2448FCF7B8FE7B6802221A606FF06D
:105D480002032BE0174B19687A8B13465B00134448
:105D5800DB000B4419687A7E1346DB009B1A9B0014
:105D68000B4418683B7EDB001A46002105F0D2FC84
:105D78000C4B19687A8B13465B001344DB000B4409
:105D880019687A7E1346DB009B1A9B000B443A7E07
:105D98001A717B6801221A6097F9273018462C3748
:105DA800BD4690BD000C0020ACCE0008F0CE000827
:105DB80024CF000864CF000890CF0008DCCF00088B
:105DC8002CD0000878D0000880B485B000AFF86007
:105DD800B9607A607B6802221A606FF00F03184678
:105DE8001437BD465DF8047B7047000080B58AB063
:105DF80000AFF860B9607A60002387F82730FA6846
:105E0800BB6813443B623B6AFB61FB699A78DB78A9
:105E18001B0213437B83FB691B797B76FB695B79E8
:105E28003B76FB699A79DB791B021343FB820123DA
:105E38007B756C4B1B68002B14BF01230023DBB25E
:105E48007B757B7D002B08D16748FCF72DFE7B68AE
:105E580002221A606FF00303C0E0624B9B887A8BC2
:105E68009A4234BF01230023DBB27B757B7D002B74
:105E78000AD17B8B19465D48FCF716FE7B68022227
:105E88001A606FF00103A9E07B8B002B0CBF012384
:105E98000023DBB27B757B7D002B0AD17B8B1946F7
:105EA8005348FCF701FE7B6802221A606FF0090371
:105EB80094E07B7E002B02D07B7E022B01D1012354
:105EC80000E000237B757B7D002B0AD17B7E194681
:105ED8004848FCF7E9FD7B6802221A606FF0090365
:105EE8007CE03B7E012B0CBF01230023DBB27B75DA
:105EF8007B7D002B0AD13B7E19463F48FCF7D4FD39
:105F08007B6802221A606FF0090367E07B7E002B32
:105F180002D1FB8A012B05D07B7E002B04D0FB8AA3
:105F2800012B01D9012300E000237B757B7D002B29
:105F38000AD1FB8A19463148FCF7B6FD7B68022274
:105F48001A606FF0090349E07B8B1846FEF7AEFB39
:105F58000346002B0CBF01230023DBB27B757B7D3E
:105F6800002B08D12648FCF79FFD7B6802221A60A7
:105F78006FF0070332E0797E3A7EFB8A2148FCF70E
:105F880093FD184B19687A8B13465B001344DB00AA
:105F98000B447A7E1A73134B19687A8B13465B008D
:105FA8001344DB000B443A7E5A730E4B19687A8B04
:105FB80013465B001344DB000B44FA8ADA81094B71
:105FC80019687A8B13465B001344DB000B440022EC
:105FD8001A827B6801221A6097F9273018462837F9
:105FE800BD4680BD000C0020C8D0000810D10008B4
:105FF80048D10008ACD10008E8D100082CD200082C
:1060080070D20008CCD2000880B588B000AFF86024
:10601800B9607A600023FB77FA68BB681344BB61F8
:10602800BB695B78012B0CBF01230023DBB2FB7536
:10603800FB7D002B0BD1BB695B7819460A48FCF73E
:1060480033FD7B6802221A604FF0FF3308E07A685C
:10605800B968F868FFF7CAFE0346FB7797F91F305F
:1060680018462037BD4680BD1CD3000880B582B0D5
:1060780000AF0346FB71FB790D2204491846FDF772
:1060880069FD034618460837BD4680BDF8E100089B
:1060980080B500AF084B00221A60084B00221A6036
:1060A80008220021064805F035FB064800F018F8DC
:1060B80000F0C2FC00BF80BD0C0C0020080C0020C2
:1060C800000C00207560000880B400AF034B1B680B
:1060D8001846BD465DF8047B704700BF100C0020D1
:1060E80080B483B000AF7860044A7B68136000BF57
:1060F8000C37BD465DF8047B704700BF100C0020CC
:1061080080B584B000AF0346FB800023FB6000230A
:10611800BB60224B1B68002B04D0204B9B88FA885D
:106128009A4205D31E48FCF7BFFC4FF0FF3331E01D
:106138001A4B1968FA8813465B001344DB000B44BA
:10614800BB60FB881846FEF7C5FB0346002B03D04F
:10615800BB681B8A002B01D100231BE00023FB60D6
:106168000EE0BB681968FA681346DB009B1A9B00AF
:106178000B44DB68184601F0D9FBFB680133FB6070
:10618800BB681B791A46FB689342EADBBB680022AE
:106198001A82002318461037BD4680BD000C002027
:1061A80054D3000880B487B000AFF8600B467A601B
:1061B800FB72FB681968FA7A1346DB009B1A9B008E
:1061C8000B443B613B695B697B613B6900229A61D7
:1061D800FB68DA7AFB7A1344DAB27B691A707B6956
:1061E80001337B61FB7A002B11D1FB681B7A03F02A
:1061F8001003002B0BD07A687B691A603B699B6996
:1062080004337A6913447B613B6900229A613B69D4
:106218007A695A6100BF1C37BD465DF8047B704738
:1062280080B588B000AF78600023FB777B685B6936
:10623800BB610023FB7735E07B681A68FB7FDB00D6
:1062480013447B617B695B683B617B691B78FF2B2F
:1062580012D03B69FB60FB681B687A6912781146AB
:1062680001228A401340002B14BF01230023DBB214
:106278001A46BB691A7006E07B695B781A46396969
:10628800B869FAF723FC7B695B781A467B689B69D7
:106298001344BA691344BB617B6800229A61FB7F8F
:1062A8000133FB777B681B79FA7F9A42C4D37B68FA
:1062B800BA695A6100BF2037BD4680BD80B58EB02F
:1062C80002AF0346B9607A60FB81002387F82F305C
:1062D800002387F82E300023BB62002387F82D3077
:1062E800002387F82730002387F82630724B1B6875
:1062F800002B04D0704B9B88FA899A4205D36F48CB
:10630800FCF7D2FB4FF0FF33D1E06B4B1968FA89E9
:1063180013465B001344DB000B44BB62FB89184641
:10632800FEF7D8FA034687F8273097F82730002B6E
:1063380006D0BB6A1B8A0133BA6AD289934201D15B
:10634800012300E0002387F82630002387F82D304A
:1063580093E0BB6A196897F82D201346DB009B1A57
:106368009B000B443B6201F033F8F8610023BB61EA
:1063780097F82730002B03D0BB6A1B8A002B01D16A
:10638800012300E00023FB75FB7D002B3CD097F830
:106398002D301946B86AFEF7D3FA02463B6A1A61ED
:1063A8003B6A1B690121184601F022F8B861BB6AF3
:1063B8005B69B3F1FF3F09D0BB6A5B69B9691846ED
:1063C80001F0BAFD02463B6ADA6005E0B86901F0FF
:1063D80039FA02463B6ADA603B6ADB68002B0DD06B
:1063E8003B6ADA68FB691A443B6A5A6197F82D30B0
:1063F800BA681946B86AFFF7D5FE05E0012387F8A1
:106408002E30F62387F82F3097F82E30002B2FD117
:106418003B6ADB68002B2BD0BB6ADA88284B1B88C9
:106428009A4202D0386AFFF7FBFE97F82630002B15
:106438001ED03B6A1B690121184600F0D9FFB861DC
:106448003B6ADA683B6A1B69F9890193FB69009327
:10645800BB69786800F0CEFD034687F82F3097F9BE
:106468002F30002B04D03B6ADB68184601F05EFA37
:1064780097F82D30013387F82D30BB6A1B7997F8D0
:106488002D209A4204D297F82E30002B3FF461AFAA
:10649800BB6A1B8A0133BA6AD28993FBF2F101FB0A
:1064A80002F29B1A9AB2BB6A1A8297F92F301846E1
:1064B8003037BD4680BD00BF000C002054D3000813
:1064C8001800002080B586B000AF03463960FB8015
:1064D80013467B710023FB75FB881846FEF7AEF860
:1064E800394B1B68002B64D0374B9B88002B60D03E
:1064F8000023BB82344B1B683B610023BB824FE007
:10650800BA8A13465B001344DB001A463B691344FE
:106518001B7A03F00203002B3FD1BA8A13465B00B3
:106528001344DB001A463B6913445B79032B34D1CF
:10653800BA8A13465B001344DB001A463B691344CE
:10654800DB88FA889A4228D1BB8A1946002000F0D5
:1065580037FD0346FB73FB7B002B01D0002301E0D2
:106568004FF0FF33BB607B79002B06D0BB8A1846FF
:10657800FFF7C6FD0346FB7507E0BB8ABA683968B2
:106588001846FFF79BFE0346FB75FB7B002B04D0E8
:10659800BB8A1946002000F020FDBB8A0133BB826C
:1065A800094B9B88BA8A9A4203D297F91730002B75
:1065B800A6D0FB881846FEF75DF897F917301846FD
:1065C8001837BD4680BD00BF000C002080B58EB0D6
:1065D80002AF7860002387F82F309C4B1B68002B94
:1065E80000F02E8100F034F9034687F8293097F837
:1065F8002930002B00F02181944B1B687B62934B60
:106608009B883B620023BB850023BB850DE1BB8DC6
:106618001846FEF75FF90346FB77FB7F002B00F077
:106628000181BA8D13465B001344DB001A467B6A6E
:1066380013445B79032B40F0F580BA8D13465B0059
:106648001344DB001A467B6A13441B8A002B00F0B4
:10665800E980BB8D1946002000F0B2FC0346BB77E9
:10666800BB7F002B01D0002301E04FF0FF33BB615B
:1066780000237B8500237B85BCE0BA8D13465B0035
:106688001344DB001A467B6A134419687A8D134653
:10669800DB009B1A9B000B44DB68002B00F0A780F3
:1066A800BA8D13465B001344DB001A467B6A134419
:1066B80019687A8D1346DB009B1A9B000B441B69F3
:1066C8000121184600F094FE786100F081FE3861DF
:1066D800BA8D13465B001344DB001A467B6A1344E9
:1066E80019687A8D1346DB009B1A9B000B44DA6805
:1066F8003B691344FB60BA8D13465B001344DB000F
:106708001A467B6A134419687A8D1346DB009B1A74
:106718009B000B441969BA8D13465B001344DB00D8
:106728001A467B6A134418687A8D1346DB009B1A55
:106738009B0003445A69FB68D31ACB1ABB60BA8D15
:1067480013465B001344DB001A467B6A134419683E
:106758007A8D1346DB009B1A9B000B445B69BA6871
:106768000021184604F0D6FFBA8D13465B00134487
:10677800DB001A467B6A134419687A8D1346DB00DE
:106788009B1A9B000B44D868BA8D13465B001344D0
:10679800DB001A467B6A134419687A8D1346DB00BE
:1067A8009B1A9B000B441B69B98D01933B690093AD
:1067B8007B690246B86900F01DFC034687F82F3054
:1067C80097F92F30002B12D0BA8D13465B00134473
:1067D800DB001A467B6A134419687A8D1346DB007E
:1067E8009B1A9B000B44DB68184601F09FF87B8DD1
:1067F80001337B85BA8D13465B001344DB001A46D0
:106808007B6A13441B791A467B8D9342FFF435AF9C
:10681800BA8D13465B001344DB001A467B6A1344A7
:1068280000221A82BB8D0133BB85BB8D3A6A9A421E
:106838003FF7EDAE00F01BF802E0FA2387F82F309F
:1068480097F92F3018463037BD4680BD000C002020
:1068580080B582B000AF0123FB710020FDF7B8FEC0
:106868000346FB71FB7918460837BD4680BD80B5E5
:1068780000AF0020FDF7D2FE00BF80BD80B586B016
:1068880000AF0123FB75614B1B68002B00F0B9803A
:106898005E4B1B68BB605D4B9B887B60FFF7D8FF36
:1068A8000346FB75FB7D002B00F0AB8000233B61AA
:1068B8000023FB60554B00221A60544B00229A803B
:1068C800524B00229A71514B0022DA71504B4FF013
:1068D800FF321A60FFF7CBFF00F0D0FD00233B61C9
:1068E80084E03A6913465B001344DB001A46BB6830
:1068F8001344DA88474B1B889A420CD13A691346ED
:106908005B001344DB001A46BB6813445B691846F6
:1069180001F0E0FA18E03B69002B15DC3A691346F0
:106928005B001344DB001A46BB681344DB88002B6A
:106938000AD13A6913465B001344DB001A46BB6868
:1069480013441846FEF76AF83A6913465B00134485
:10695800DB001A46BB6813441B68002B43D0002396
:10696800FB6027E03A6913465B001344DB001A46D4
:10697800BB6813441968FA681346DB009B1A9B002E
:106988000B441B68002B12D03A6913465B00134472
:10699800DB001A46BB6813441968FA681346DB0023
:1069A8009B1A9B000B441B68184600F0BFFFFB684E
:1069B8000133FB603A6913465B001344DB001A4657
:1069C800BB6813441B791A46FB689342CADB3A69D1
:1069D80013465B001344DB001A46BB6813441B686C
:1069E800184600F0A3FF3B6901333B613A697B68B5
:1069F8009A42FFF676AFB86800F098FF4020FCF79F
:106A0800E9FFFB7D18461837BD4680BD000C002005
:106A1800100000201800002080B500AFFFF72EFFFF
:106A280000F011F80020FFF75BFB024B00221A6010
:106A380000BF80BD0C0C002080B400AF00BFBD4675
:106A48005DF8047B704780B400AF00BFBD465DF8B9
:106A5800047B704780B584B000AF0346FB71012307
:106A6800FB6000F004FDB860FA79BB68A3F1080187
:106A7800FB68B1FBF3F39A4294BF01230023DBB216
:106A880018461037BD4680BD80B584B000AF0346B8
:106A9800FB710123FB6000F0EAFCB860FB79002B76
:106AA80009D0FA79BB68991EFB68B1FBF3F39A42E7
:106AB80001D8012300E00023DBB218461037BD4699
:106AC80080BD000080B584B000AF78600B46FB70D5
:106AD800FDF732FDF860F9680648FBF7E5FFFB783B
:106AE8001A467968F868F9F7F1FF00BF1037BD4614
:106AF80080BD00BF74D3000880B58AB000AFF860CD
:106B0800B9607A60002387F82730FA68BB681344B5
:106B18003B623B6AFB610023FB76FDF70DFD786164
:106B2800FB695B781846FFF7AFFF0346FB76FB7EF1
:106B3800002B0BD1FB695B7819461848FBF7B4FFAB
:106B48007B6802221A606FF0010323E07B69002B47
:106B580002D07B69002B08D11148FBF7A5FF7B68A1
:106B680002221A606FF00B0314E00E48FBF79CFF3B
:106B78003B6A9A1CFB695B7819461046FFF7A2FF2F
:106B8800FB695B781846FDF701FD7B6801221A60F6
:106B980097F9273018462837BD4680BD8CD30008A2
:106BA800BCD30008D8D3000880B588B000AFF8601F
:106BB800B9607A600023FB77FA68BB681344BB614D
:106BC800BB697B610023FB747B695B781846FFF720
:106BD80041FF0346FB74FB7C002B0BD17B695B7880
:106BE80019461C48FBF760FF7B6802221A606FF0A9
:106BF80001032BE07B695A687B69DB7819461046EC
:106C0800FDF7A6FC0346FB74FB7C002B08D1124859
:106C1800FBF74AFF7B6802221A606FF00B0315E04E
:106C28000E48FBF741FFBB6903F108027B695B78FB
:106C380019461046FFF746FF7B695B781846FDF753
:106C4800A5FC7B6801221A6097F91F301846203787
:106C5800BD4680BDE4D300081CD4000840D4000819
:106C680080B582B000AF0346FB71FB79022204496C
:106C78001846FCF76FFF034618460837BD4680BD27
:106C880094E2000880B500AF024800F011F800BF98
:106C980080BD00BF696C000880B400AF034B1B685F
:106CA8001846BD465DF8047B704700BF140C0020F1
:106CB80080B483B000AF7860044A7B68136000BF7B
:106CC8000C37BD465DF8047B704700BF140C0020EC
:106CD80080B400AF00BFBD465DF8047B704780B448
:106CE80083B000AF78607B6800221A607A687B689E
:106CF8005A6000BF0C37BD465DF8047B704780B40E
:106D080083B000AF786039603B6800221A607B6806
:106D18005B683A681A603A687B685A6000BF0C374B
:106D2800BD465DF8047B704780B483B000AF7860DF
:106D380039607B681A683B681A607B681B68002B9F
:106D48000BD07B681B681A687B681A607B681B68B5
:106D5800002B02D17A687B685A6000BF0C37BD46A9
:106D68005DF8047B704780B483B000AF7860396009
:106D78007B681A683B681A607B681B68002B02D125
:106D88003A687B685A607B683A681A6000BF0C37BB
:106D9800BD465DF8047B704780B582B000AF78606F
:106DA8007868FFF79CFF00BF0837BD4680BD00002C
:106DB80080B582B000AF00233B600023FB8002F067
:106DC80065F90346134A13600023FB8015E0FB882E
:106DD800DB00114A13443A4611461846FFF7A4FF50
:106DE8003B68002B03D03B68184600F09FFD3B68CA
:106DF800002BECD1FB880133FB80FB88012BE6D903
:106E0800044B1B68184602F052F900BF0837BD460C
:106E180080BD00BF280C0020180C002080B582B06F
:106E280000AF00233B6000237B6002F02FF903468C
:106E3800134A136000237B6015E07B68DB00114A6E
:106E480013443A4611461846FFF76EFF3B68002B7D
:106E580003D03B68184600F069FD3B68002BECD175
:106E68007B6801337B607B68002BE6DD044B1B6885
:106E7800184602F01CF900BF0837BD4680BD00BFA8
:106E8800340C00202C0C002080B586B000AF786050
:106E9800396000237B750023FB823F4B1B78002B56
:106EA80005D03E48FBF700FE6FF00B036FE00023B0
:106EB800FB8209E0FB8ADB00394A13441846FFF7D6
:106EC8000EFFFB8A0133FB82FB8A012BF2D9354B7B
:106ED80000221A600023FB8209E0FB8ADB00324AA9
:106EE80013441846FFF7FBFEFB8A0133FB82FB8A3B
:106EF800002BF2D02D4B00221A6000F0B9FB03469C
:106F08007B7597F91530002B08D097F9153019467D
:106F18002748FBF7C9FD97F9153038E000F0A7FAC4
:106F280038610021386900F063FAF860214A0221CB
:106F3800F86800F0B3FD03467B7597F91530002B10
:106F480008D097F9153019461B48FBF7ADFD97F99E
:106F580015301CE0174B1B68184601F02BFE3968EA
:106F6800786801F03BFB03467B7597F91530002BD9
:106F780008D097F9153019461048FBF795FD97F991
:106F8800153004E0044B01221A7097F915301846A1
:106F98001837BD4680BD00BF380C002054D4000807
:106FA800180C0020280C00202C0C0020340C002089
:106FB8008CD4000824000020DCD4000830D5000858
:106FC80080B483B000AF78600B467B8001231846FD
:106FD8000C37BD465DF8047B704780B483B000AFC2
:106FE80078600B467B80002318460C37BD465DF859
:106FF800047B704780B58AB000AFF8607A603B6068
:107008000B467B8100237B6200233B620023FB61EC
:1070180000237B610023FB76FB68B3F1FF3F0BD0B5
:10702800FB68002B02DBFB68012B05DD3848FBF70A
:107038003BFD4FF0FF3366E07B68002B05D13548F8
:10704800FBF732FD4FF0FF335DE000F0C1F9024677
:107058003B6B934205D03048FBF726FD4FF0FF33DA
:1070680051E07B6B002B05D12C48FBF71DFD4FF041
:10707800FF3348E03A6B7B6B13443A689A4205D277
:107088002748FBF711FD4FF0FF333CE0254B1B78F9
:10709800002B05D12448FBF707FD6FF0080332E009
:1070A8007B687B627B6808333B623B68083BFB611B
:1070B80001F0ECFF03461D4A136007F114027B6BD5
:1070C800F969386A01F046FC0346FB7697F91B30EC
:1070D800002B06D097F91B3019461548FBF7E4FC3E
:1070E8000AE07A697B6A5A60FB68DB00114A13443C
:1070F800796A1846FFF703FE0C4B1B68184601F027
:10710800D6FF97F91B3018462837BD4680BD00BF0B
:107118007CD50008A8D50008D4D5000804D60008F6
:1071280034D60008380C002064D60008280C00204B
:10713800A0D60008180C002080B584B000AF00234A
:10714800FB7300237B6000233B600123BB60314B52
:107158001B78002B05D13048FBF7A6FC6FF008031D
:1071680054E001F093FF03462C4A1360BB68DB0030
:107178002B4A13443A4611461846FFF7D5FD274BCC
:107188001B68184601F093FF3B68002B14D101F0EF
:107198007DFF0346214A13600023BB60BB68DB0008
:1071A8001F4A13443A4611461846FFF7BDFD1B4BCC
:1071B8001B68184601F07BFF3B68002B22D03B6818
:1071C8005B687B603B687A680821184601F03EFAE4
:1071D8000346FB7397F90F30002B15D001F056FFCB
:1071E80003460E4A1360BB68DB000D4A13443A6835
:1071F80011461846FFF7B7FD084B1B68184601F003
:1072080056FF01E0FE23FB7397F90F30184610373D
:10721800BD4680BD380C0020E4D60008280C0020AC
:10722800180C002080B584B000AF0023FB73002346
:10723800BB6000237B60174B1B78002B05D11648D9
:10724800FBF732FC6FF0080320E007F108023B1D52
:107258000821184601F0BEFA0346FB7397F90F3070
:10726800002B11D17B68BA685A6001F00FFF034602
:107278000A4A13607B6819460948FFF740FD074B27
:107288001B68184601F013FF97F90F30184610379E
:10729800BD4680BD380C002018D70008340C0020EB
:1072A8002C0C002080B588B000AFF860B9607A6017
:1072B8003B6000233B610023FB610023BB6100238B
:1072C800FB75FB68002B02DBFB68002B05DD3748EC
:1072D800FBF7EAFB4FF0FF3364E0BB68002B05D1F6
:1072E8003348FBF7E1FB4FF0FF335BE07B68002B93
:1072F80005D13048FBF7D8FB4FF0FF3352E03B682D
:10730800002B05D12C48FBF7CFFB4FF0FF3349E0AA
:10731800BB6A002B05D12948FBF7C6FB4FF0FF33AA
:1073280040E0274B1B78002B05D12648FBF7BCFB18
:107338006FF0080336E001F0A9FE0346224A136005
:10734800FB68DB00214A134407F110021146184676
:10735800FFF7EAFC1C4B1B68184601F0A8FE3B69C6
:10736800002B02D16FF001031CE03B690833FB617D
:107378003B695B68BB61BA6AB969F86901F034FBBB
:107388000346FB753A69BB681A603B695B6803F1A1
:1073980008027B681A6000F01BF802463B681A6016
:1073A80097F9173018462037BD4680BD4CD70008DE
:1073B80078D70008ACD70008E4D700081CD8000824
:1073C800380C002054D80008340C00202C0C002065
:1073D80080B582B000AF08237B6001F0B1FB0246A4
:1073E8007B6813447B607B6818460837BD4680BDC0
:1073F80080B584B000AF78600B46FB700023FB605B
:107408000023BB60FB78002B03D101F0B2FB0346DD
:1074180002E001F0A5FB0346BB607A68BB689A42AC
:1074280004D90E48FBF740FB002312E00823FB6059
:1074380001F086FB0246FB681344FB60FA687B6830
:107448001344FB6001F084FB0246FB681344FB60B5
:10745800FB6818461037BD4680BD00BF90D80008AD
:1074680080B500AF01F07CFB0346184680BD80B5AF
:1074780000AF01F07EFB0346184680BD80B582B0A0
:1074880000AF0023FB7101F07DFB0346FB7197F908
:107498000730002B08D097F9073019460748FBF743
:1074A80003FB97F9073005E0FFF782FCFFF7B6FC0E
:1074B80097F9073018460837BD4680BDBCD8000884
:1074C80080B582B000AF0023FB7101F05BFB03467F
:1074D800FB7197F90730002B08D097F90730194648
:1074E8000648FBF7E1FA97F9073003E0FFF760FC7D
:1074F80097F9073018460837BD4680BDBCD8000844
:1075080080B400AF034B1B681846BD465DF8047B8A
:10751800704700BF2400002080B582B000AF002370
:10752800FB7000237B602E4B1B78002B04D12D4869
:10753800FBF7BAFA00234FE001F04CFB0346FB705F
:1075480097F90330002B08D097F9033019462648DD
:10755800FBF7AAFA97F903303EE0FFF729FCFFF79B
:107568005DFC224B1B68184600F0AAFB00F09CFD4E
:107578000346FB7097F90330002B08D097F90330C6
:1075880019461B48FBF790FA97F9033024E00023CB
:107598007B6009E07B68DB00164A13441846FFF756
:1075A800FBFB7B6801337B607B68012BF2DD0023EA
:1075B8007B6009E07B68DB000F4A13441846FFF73D
:1075C800EBFB7B6801337B607B68002BF2DD044BAF
:1075D80000221A7097F9033018460837BD4680BD57
:1075E800380C002004D9000838D9000824000020ED
:1075F8007CD90008180C00202C0C002080B588B01D
:1076080000AFF860B9607A60FB68002B2BD00023CC
:10761800FB61BB681A1D7B6802FB03F37B617A6917
:107628000021F86804F076F80023BB6117E0FB68D6
:107638003B613B6900225A603B69FF221A70FB6973
:10764800002B02D0FB693A695A60BB680433FA68B8
:107658001344FB603B69FB61BB690133BB61BA69D9
:107668007B689A42E3D300BF2037BD4680BD000047
:1076780080B584B000AF6B4B033323F00303BB60CA
:10768800694B00221A6003226849694800F006FF26
:107698000023FB735CE0FB7B644A52F823307B6079
:1076A800FB7B634A52F823303B60FA7B61491346FF
:1076B8005B001344DB000B44BA681A60FA7B5D492F
:1076C80013465B001344DB000B4408337A681A60E6
:1076D800FA7B584913465B001344DB000B44043320
:1076E8007A681A60FA7B534913465B001344DB003F
:1076F8000B440C333A681A603B680433FA7B7968A8
:1077080003FB01F14B4813465B001344DB000344C1
:1077180010331960FA7B474913465B001344DB00BA
:107728000B44143300221A607A683968B868FFF786
:1077380065FFFA7B3F4913465B001344DB000B44AB
:1077480010331B68BA681344BB60FB7B0133FB73BF
:10775800FB7B022B9FD940F2A1220021364803F07F
:10776800D9FF364B00221A600323FB733DE0FA7BF6
:10777800304913465B001344DB000B4400221A60B7
:10778800FA7B2C4913465B001344DB000B44083397
:1077980000221A60FA7B274913465B001344DB007A
:1077A8000B44043300221A60FA7B224913465B001B
:1077B8001344DB000B440C3300221A60FA7B1D498A
:1077C80013465B001344DB000B44103300221A609D
:1077D800FA7B184913465B001344DB000B4414334F
:1077E80000221A60FB7B0133FB73FB7B062BBED99F
:1077F8000023FB730DE0FB7B114A002142F8331094
:10780800FB7B0F4ADB00134400225A60FB7B0133E9
:10781800FB73FB7B002BEED0002318461037BD46C8
:1078280080BD00BFEC0C0020541200203400002062
:10783800280000203C0C0020AC0F00205012002033
:10784800E40C002080B586B000AF78600023FB60B0
:1078580000233B617B68002B01D100235BE001F032
:1078680015FC03462E4A13600023FB7520E0FB7DC0
:107878002C4A52F82330FB607A68FB689A4214D885
:10788800FA7D294913465B001344DB000B4404339B
:107898001B68002B09D0FA7D234913465B0013446B
:1078A800DB000B441B683B6105E0FB7D0133FB7586
:1078B800FB7D022BDBD93B69002B06D1184B1B68DB
:1078C800184601F0F4FB002325E0FA7D3B6959686E
:1078D800154813465B001344DB0003441960FA7D26
:1078E800114913465B001344DB000B4404331B6847
:1078F800591E0D4813465B001344DB000344043350
:1079080019603B69FA7D1A70054B1B68184601F02F
:10791800CEFB3B69043318461837BD4680BD00BF0F
:1079280054120020280000203C0C002090B585B09F
:1079380000AF78607B68002B00F0A4807B68043B74
:10794800FB60FB681B78FB72FB7A062B17D9FB7A66
:10795800072B14D8FB7A073BFB72FB7A4B4ADB00F8
:1079680013445B68002B00F08C80FB7A474ADB00ED
:1079780013445B687A68043A1046984781E0FB7ABA
:10798800FF2B02D0FB7A062B04D979684048FBF715
:107998008BF877E0FB7A022B32D801F077FB0346AD
:1079A8003C4A1360FB68FF221A70FA7A3A49134678
:1079B8005B001344DB000B441A68FB685A60FA7AD0
:1079C800354913465B001344DB000B44FA681A6020
:1079D800FA7A314913465B001344DB000B44043345
:1079E8001B68591C2C4813465B001344DB000344F6
:1079F80004331960274B1B68184601F058FB41E017
:107A0800FC7A01F043FB0246234923465B002344EA
:107A1800DB000B4414331A60FB68FF221A70FA7AF1
:107A28001D4913465B001344DB000B441A68FB68CE
:107A38005A60FA7A184913465B001344DB000B447A
:107A4800FA681A60FA7A144913465B001344DB009B
:107A58000B4404331B68591C0F4813465B0013443E
:107A6800DB00034404331960FA7A0B4913465B00C0
:107A78001344DB000B4414331B68184601F017FB52
:107A880000E000BF1437BD4690BD00BFE40C0020E5
:107A9800C4D90008541200203C0C002080B58AB0DC
:107AA80000AFF860B9607A60804B033323F00303BA
:107AB8003B620023FB774FF0FF33BB617B68002BF1
:107AC80005D0FB68002B02D0BB68002B05D1784895
:107AD800FAF7EAFF4FF0FF33E3E0FB68033323F0E4
:107AE8000303FB60FB681A1DBB6802FB03F37B61A1
:107AF80001F0CCFA03466F4A1360032387F8273056
:107B0800B8E097F827206C4913465B001344DB0064
:107B18000B441B68002B40F09B8097F82720664990
:107B280013465B001344DB000B4410331B68002B27
:107B38004DD1624B1B68C3F5277302337A699A42A9
:107B480000F29E8097F827205B4913465B00134498
:107B5800DB000B443A6A1A6097F827205649134607
:107B68005B001344DB000B440833BA681A6097F8CB
:107B78002720514913465B001344DB000B440433B0
:107B8800BA681A6097F827204B4913465B001344DC
:107B9800DB000B440C33FA681A6097F82720464933
:107BA80013465B001344DB000B4410337A691A60F8
:107BB800BA68F968386AFFF721FD404B1A687B6993
:107BC80013443E4A136097F82730BB6158E097F892
:107BD8002720394913465B001344DB000B4410335C
:107BE8001B687A699A4233D897F827203249134696
:107BF8005B001344DB000B443A6A1A6097F82720AD
:107C08002D4913465B001344DB000B440833BA6864
:107C18001A6097F82720284913465B001344DB00B5
:107C28000B440433BA681A6097F827202249134690
:107C38005B001344DB000B440C33FA681A60BA6823
:107C4800F968386AFFF7DAFC97F82730BB6118E063
:107C580097F82720184913465B001344DB000B44B0
:107C680010331B683A6A13443B6297F82730013394
:107C780087F8273097F82730062B7FF642AF00E0C9
:107C880000BF0C4B1B68184601F011FABB69B3F131
:107C9800FF3F01D1F623FB777B68BA691A6097F931
:107CA8001F3018462837BD4680BD00BFAC0F0020E6
:107CB800F4D90008541200203C0C00205012002077
:107CC80080B584B000AF78600123BB737B68022B5A
:107CD80002DD7B68062B05DD4B48FAF7E5FE4FF021
:107CE800FF338CE001F0D2F90346484A13600623BB
:107CF800FB731AE0FA7B464913465B001344DB002A
:107D08000B441B68002B0AD1FA7B414913465B00E0
:107D18001344DB000B4410331B68002B02D00023F4
:107D2800BB7306E0FB7B013BFB73FB7B7A689A42E3
:107D3800E0DB37497A6813465B001344DB000B44E9
:107D480000221A6032497A6813465B001344DB004C
:107D58000B44083300221A602D497A6813465B00E9
:107D68001344DB000B44043300221A6028497A6864
:107D780013465B001344DB000B440C3300221A60EB
:107D8800BB7B002B35D00323FB732FE0FA7B204904
:107D980013465B001344DB000B441B68002B22D105
:107DA800FA7B1B4913465B001344DB000B4410337A
:107DB8001B68002B17D0174B1968FA7B1448134619
:107DC8005B001344DB00034410331B68CB1A114AD1
:107DD8001360FA7B0E4913465B001344DB000B4427
:107DE800103300221A60FB7B0133FB73FB7B062BED
:107DF800CCD9064B1B68184601F059F900231846E0
:107E08001037BD4680BD00BF28DA00085412002094
:107E18003C0C00205012002080B586B000AFF860FE
:107E2800B9607A600023FB754FF0FF333B617B68D4
:107E3800002B05D0FB68002B02D0BB68002B05D1B6
:107E48002148FAF731FE4FF0FF3339E001F01EF90F
:107E580003461E4A13600023BB751EE0BB7D1C4A07
:107E680052F83330002B15D1BB7D194ADB0013447F
:107E78005B68002B0ED1BB7D07333B61BB7D14498A
:107E8800FA6841F83320BB7D114ADB001344BA6815
:107E98005A6005E0BB7D0133BB75BB7D002BDDD08F
:107EA8000A4B1B68184601F002F93B69B3F1FF3F22
:107EB80001D1F623FB757B683A691A6097F9173088
:107EC80018461837BD4680BD5CDA000854120020F9
:107ED800E40C002080B582B000AF78607B68062B88
:107EE80002DD7B68072B05DD1048FAF7DDFD4FF052
:107EF800FF3317E001F0CAF803460D4A13607B68A8
:107F0800073B0C4A002142F833107B68073B094ABB
:107F1800DB00134400225A60054B1B68184601F029
:107F2800C6F8002318460837BD4680BD90DA000819
:107F380054120020E40C002080B584B000AF7860B3
:107F480039600023FB603B68002B01D10023A2E0CD
:107F58007B68062B21DD7B68072B1EDC7B68073BD3
:107F68004F4A52F83330002B15D07B68073B4C4AF8
:107F780052F833303A68043210469847F860FB6884
:107F8800002B01D1002386E07B68DAB2FB681A7007
:107F9800FB6804337FE000237DE07B68022B18DD5B
:107FA8007B68062B15DC3F497A6813465B0013444F
:107FB800DB000B441B68002B0BD03A497A68134648
:107FC8005B001344DB000B440C331B683A689A428D
:107FD80001D900235FE001F059F8014631487A6879
:107FE80013465B001344DB000344143319602D4926
:107FF8007A6813465B001344DB000B4404331B68A8
:10800800002B08D027497A6813465B001344DB002D
:108018000B441B68FB60FB68002B0DD121497A6873
:1080280013465B001344DB000B4414331B681846EB
:1080380001F03DF800232EE0FB68596819487A687A
:1080480013465B001344DB000344196015497A6842
:1080580013465B001344DB000B4404331B68591EB2
:1080680010487A6813465B001344DB00034404336A
:1080780019607B68DAB2FB681A700A497A68134695
:108088005B001344DB000B4414331B68184601F0F3
:108098000EF8FB68043318461037BD4680BD00BF94
:1080A800E40C00203C0C002080B500AF40F2BF2259
:1080B80000210C4803F02EFB40F2A12200210A48BF
:1080C80003F028FB094B00221A60A8220021084867
:1080D80003F020FB08220021064803F01BFB0023C5
:1080E800184680BDEC0C0020AC0F00205012002078
:1080F8003C0C0020E40C002080B584B000AF786010
:1081080039600023FB73124B1B68B3F1FF3F05D0A6
:108118001048FAF7C9FC6FF00B0315E03968786866
:1081280000F03AFF03460A4A1360094B1B68002B0C
:1081380008DA0948FAF7B8FC054B4FF0FF321A6025
:10814800F423FB7397F90F3018461037BD4680BDEE
:1081580040000020BCDA0008E8DA000880B584B0E6
:1081680000AF0346FB710023FB73FB79002B08D09B
:10817800FB79012B05D00A48FAF796FC4FF0FF333C
:108188000AE0FB79012B0CBF01230023DBB21A465E
:10819800044B1A7097F90F3018461037BD4680BD4A
:1081A8001CDB00085812002080B58AB000AF786048
:1081B800396000237B61002387F827300023FB60A8
:1081C80000233B620023FB6100233B610023FB7615
:1081D8007B68002B05D14048FAF766FC4FF0FF3367
:1081E80075E03B68002B05D13C48FAF75DFC4FF081
:1081F800FF336CE03A4B1B68B3F1FF3F62D139485B
:10820800FAF752FC6FF0080361E07A683B6A13449E
:108218003B61334B18683A683B6AD21A07F10C0382
:10822800396900F0E5FE78617B69002B31D1FB6884
:10823800002B0AD13B6A002B07D12B4B1B78002B54
:1082480003D1FA2387F8273026E0FB683A6A1344FB
:108258003B623A6A3B689A422CBF01230023DBB297
:10826800FB76FB7E002B17D1204AFB69934203D390
:10827800F12387F827300FE00A221D4BA3FB0223C6
:108288009B09184600F00CFD0A22FB691344FB61A8
:1082980002E0F42387F82730FB7E002B0ED197F9F4
:1082A800273013F1060F09D097F9273013F10C0F77
:1082B80004D097F9273013F10F0F01D1012300E003
:1082C8000023FB76FB7E002B9FD097F927301846BA
:1082D8002837BD4680BD00BF3CDB00085CDB0008DA
:1082E8004000002078DB00085812002080841E001F
:1082F800D34D621080B58AB000AF78603960002332
:108308007B61002387F8273000233B620023FB6052
:108318000023FB6100233B610023FB767B68002B75
:1083280005D14048FAF7C0FB4FF0FF3375E03B68D2
:10833800002B05D13C48FAF7B7FB4FF0FF336CE050
:108348003A4B1B68B3F1FF3F62D13948FAF7ACFBEF
:108358006FF0080361E07A683B6A13443B61334B72
:1083680018683A683B6AD21A07F10C03396900F0B9
:1083780059FE78617B69002B31D1FB68002B0AD14B
:108388003B6A002B07D12B4B1B78002B03D1FE2314
:1083980087F8273026E0FB683A6A13443B623A6A5A
:1083A8003B689A422CBF01230023DBB2FB76FB7E9D
:1083B800002B17D1204AFB69934203D3F22387F895
:1083C80027300FE00A221D4BA3FB02239B09184606
:1083D80000F066FC0A22FB691344FB6102E0F42307
:1083E80087F82730FB7E002B0ED197F9273013F141
:1083F800020F09D097F9273013F10C0F04D097F921
:10840800273013F10E0F01D1012300E00023FB7682
:10841800FB7E002B9FD097F9273018462837BD469A
:1084280080BD00BFA0DB0008C0DB000840000020C2
:10843800DCDB00085812002040420F00D34D6210C8
:1084480080B582B000AF00233B600023FB71114B65
:108458001B68B3F1FF3F04D10F48FAF725FB00234F
:1084680013E00C4B1B68184600F000FE38603B68B0
:10847800002B06D1074B4FF0FF321A600023FB7127
:1084880001E0F423FB7197F9073018460837BD4619
:1084980080BD00BF40000020BCDC000880B489B06B
:1084A80000AFF860B9607A607B68002B0CBF0123CD
:1084B8000023DBB2FB770023BB614BE00123FB7792
:1084C8000023BB6141E0BB6901339B00FA68134498
:1084D8001A68BB699B00F9680B441B689A4231D241
:1084E800BB699B00FA6813441B687B61BB699B00EE
:1084F800BA6813441B683B610023FB77BB690133EF
:108508009B00BA681A44BB699B00B9680B4412689F
:108518001A60BB6901339B00BA6813443A691A6050
:10852800BB6901339B00FA681A44BB699B00F96870
:108538000B4412681A60BB6901339B00FA68134444
:108548007A691A60BB690133BB617B68013BBA6910
:108558009A42B8D3FB7F002BB0D000BF00BF2437AE
:10856800BD465DF8047B704780B483B000AF034616
:10857800FB80FB8818460C37BD465DF8047B7047C6
:1085880080B582B000AF0346FB80FB881846FFF732
:10859800EBFF034618460837BD4680BD80B485B05A
:1085A80000AF78600B467B807B68FB6000237B8193
:1085B80007E0FB685A1CFA601B781A467B8913444B
:1085C8007B817B885A1E7A80002BF2D17B891846E2
:1085D8001437BD465DF8047B7047000080B584B051
:1085E80000AF786039600023FB73134B1B78002BB6
:1085F80005D01248FAF758FA6FF00B0317E03968FC
:108608007868FFF779FD0346FB7397F90F30002B65
:108618000BD10B4B00221A800A4B00221A800A4BFE
:1086280000221A60044B01221A7097F90F3018467D
:108638001037BD4680BD00BF64120020E4DC00088E
:108648005A1200205C1200206012002080B58AB007
:1086580000AFF860B9607A6000233B620023FB61D9
:1086680000237B83002387F8273000237B61FB6886
:10867800002B05D15148FAF717FA4FF0FF3398E06D
:108688007B68052B05D84E48FAF70EFA4FF0FF33F2
:108698008FE04C4B1B78002B05D14B48FAF704FAB6
:1086A8006FF0080385E0FA68BB6813443B623B6AD5
:1086B800FB61FB691B889BB21846FFF761FF034605
:1086C8007B837B8B002B04D07B8B06337A689A42A2
:1086D80005D23E48FAF7E8F96FF0060369E03C4B2B
:1086E8001B881846FFF740FF03461A46FB695A8065
:1086F8007B8B0433FA6913447B617B8B04339BB215
:108708001946F869FFF74AFF03461846FFF72CFF9A
:1087180003467B827A8A7B691A800421386AFFF7CC
:1087280043FD034687F8273097F92730002B02D0FE
:1087380097F927303DE03B6A04333B620120FFF79D
:108748000DFD7B8B1946386AFFF72EFD034687F827
:10875800273097F92730002B21D17B8B3A6A1344B5
:108768003B620221386AFFF71FFD034687F827306E
:1087780097F92730002B14D197F92730002B02D115
:10878800F868FFF7D3F897F9273013F1060F0AD0E6
:108798000F4B1B8801339AB20D4B1A8004E000BFBF
:1087A80002E000BF00E000BF0020FFF7D7FC97F908
:1087B800273018462837BD4680BD00BF18DD0008A1
:1087C8003CDD00086412002060DD000890DD000830
:1087D8005A12002080B588B000AFF860B9607A609E
:1087E8000023FB770023BB83FB68002B05D151488E
:1087F800FAF75AF94FF0FF3398E07B68002B05D160
:108808004D48FAF751F94FF0FF338FE04B4B1B7887
:10881800002B05D14A48FAF747F96FF0080385E0BD
:1088280007F1100304211846FFF764FD0346FB77A0
:1088380097F91F30002B02D097F91F3076E03B8A5A
:108848001846FFF79DFE0346BB83BB8B002B07D161
:108858003C48FAF729F9F923FB7797F91F3065E0C7
:10886800394B1868BA8BBB68134406331946FFF7AF
:1088780063FBB861BB69002B04D1F623FB7797F93A
:108888001F3053E0BB697B61BA680021786902F048
:1088980041FF7A69BB6813447B613A697B691A6056
:1088A8007B6904337B610120FFF758FCBB8B1946B9
:1088B8007869FFF71FFD0346FB7797F91F30002BF8
:1088C80005D02248FAF7F0F8F923FB7720E0BB8BB4
:1088D8007A6913447B6102217869FFF70BFD03462F
:1088E800FB7797F91F30002B05D01948FAF7DCF809
:1088F800F923FB770CE00020FFF730FCFB68BA692E
:108908001A60BB8B9A1D7B681A6097F91F300DE0BF
:108918000020FFF723FCFB6800221A607B68002216
:108928001A60B869FFF702F897F91F301846203720
:10893800BD4680BDC4DD0008F0DD000864120020DB
:108948001CDE00084CDE00084400002080DE000821
:10895800E4DE000880B586B000AFF860B9607A60E0
:108968003B60FB687B61FB68002B05D11A48FAF76E
:108978009BF84FF0FF332AE07B68002B05D117489E
:10898800FAF792F84FF0FF3321E03B68002B05D14E
:108998001348FAF789F84FF0FF3318E03B680633BD
:1089A800BA689A4205D20F48FAF77EF84FF0FF33BB
:1089B8000DE03B689BB21846FFF7D6FD03461A4602
:1089C8007B691A803B689A1D7B681A6000231846E9
:1089D8001837BD4680BD00BF54DF000880DF00089F
:1089E800B4DF0008E0DF000880B58AB000AFF860A7
:1089F800B9607A60FB683B620023FB830023BB837A
:108A08000023BB610023FB82002387F82730FB6823
:108A1800002B05D14148FAF747F84FF0FF3379E0CA
:108A28007B68002B05D13E48FAF73EF84FF0FF333C
:108A380070E0BB68042B05D83A48FAF735F84FF0D0
:108A4800FF3367E0384B1B78002B05D13748FAF71E
:108A58002BF86FF008035DE03B6A1B889BB2184651
:108A6800FFF78EFD0346FB833B6A5B889BB2184683
:108A7800FFF786FD0346BB83FB8B0633BA689A4231
:108A880005D02B48FAF710F86FF0060342E0294B9F
:108A98001B68002B03D1274B01221A6011E0264BDB
:108AA8001B88BA8B9A4203D8FC2387F8273008E042
:108AB800BA8B214B1B8801339A4202DDFB2387F8CE
:108AC80027301D4ABB8B1380FB8B0433FA68134491
:108AD800BB61BB691B889BB2FB82FB8A1846FFF708
:108AE8004FFD0346FB82FB8B04339BB21946386A61
:108AF800FFF754FD03461A46FB8A9A4205D00F48F1
:108B0800F9F7D2FF6FF00C0304E0FA8B7B681A6068
:108B180097F9273018462837BD4680BD10E0000871
:108B28003CE0000874E0000864120020A4E000089B
:108B3800DCE00008601200205C12002014E100084C
:108B480080B400AF04231846BD465DF8047B704727
:108B580080B400AF02231846BD465DF8047B704719
:108B680080B400AF4FF6FC731846BD465DF8047B31
:108B7800704780B400AFFF231846BD465DF8047BFC
:108B88007047000080B400AF074B00221A80074BE3
:108B980000221A80064B00221A6000231846BD46A0
:108BA8005DF8047B704700BF5A1200205C12002059
:108BB8006012002080B483B000AF7860044A7B68FC
:108BC800136000BF0C37BD465DF8047B704700BFDB
:108BD8004400002080B582B000AF0023FB71134B26
:108BE8001B78002B04D11248F9F75EFF002319E027
:108BF800FFF726FC0346FB7197F90730002B0CD1D1
:108C08000C4B00221A800C4B00221A800B4B0022BE
:108C18001A60064B00221A7002E00948F9F744FF6F
:108C280097F9073018460837BD4680BD6412002002
:108C380040E100085A1200205C1200206012002057
:108C48006CE1000880B483B000AF786039607B685D
:108C5800002B08D03B68002B05D07B6800221A60E7
:108C68003B6800221A6000BF0C37BD465DF8047BE4
:108C7800704780B483B000AF786039607B68002BA0
:108C880008D03B68002B05D07B6800221A603B683F
:108C980000221A6000BF0C37BD465DF8047B7047A0
:108CA80080B584B000AF786002F0D2F9F8607B68D4
:108CB800BB6000BF02F0CCF90246FB68D31ABA6861
:108CC8009A42F7D800BF00BF1037BD4680BD0000EC
:108CD80080B400AF00BFBD465DF8047B704700BF9D
:108CE80010B50E4C82B0636A019302F0B1F900909E
:108CF800626A019B9A4207D3009B01984FF47A72EB
:108D080002FB030002B010BD02F0A2F9636A4FF43F
:108D18007A7202FB003002B010BD00BF00000140B3
:108D280010B5044641B9FFF7DBFF0346181BA34201
:108D380038BF00F1FF3010BD02F08AF90346181B56
:108D4800A34238BF00F1FF3010BD00BF80B483B02C
:108D580000AF03463960FB7197F90730002B0ADB37
:108D68003B68DAB20C4997F907301201D2B20B44CA
:108D780083F800230AE03B68DAB20849FB7903F07C
:108D88000F03043B1201D2B20B441A7600BF0C3712
:108D9800BD465DF8047B704700E100E000ED00E0AF
:108DA80080B582B000AF78607B68013BB3F1807F0B
:108DB80001D301230FE00A4A7B68013B53600F216E
:108DC8004FF0FF30FFF7C2FF054B00229A60044BBB
:108DD80007221A60002318460837BD4680BD00BF29
:108DE80010E000E080B500AFBFF34F8F00BFBFF3C6
:108DF8006F8F00BF0B4B1A680B4B1B689A4202D34C
:108E0800084B00221A60074B1B685A1C05490A6068
:108E1800002B05D172B600BFF9F748FD62B600BF56
:108E280000BF80BD681200206C12002080B400AF23
:108E3800054B5B68044A43F08053536000BFBD464E
:108E48005DF8047B704700BF00ED00E080B584B09A
:108E580000AF87ED010A234B1B6807EE903AB8EE86
:108E6800677AD7ED017A67EE277AFCEEE77A17EE94
:108E7800903AFB60FB68B3F1807F18D3FB6807EE7C
:108E8800903AB8EE677ADFED186AC7EE267AFCEEFC
:108E9800E77A17EE903A0133144A1360134B1B68B4
:108EA800FA68B2FBF3F31846FFF77AFF05E00F4BB9
:108EB80000221A60F868FFF773FF0D4B00221A6052
:108EC8000C4A0D4B1A600F216FF00400FFF73EFFAC
:108ED8000F216FF00100FFF739FF00BF1037BD46C3
:108EE80080BD00BF90000020FFFF7F4B6C12002068
:108EF80068120020ED8D000870120020EFF300804A
:108F080001B5EFF3118003B41EF0100F08BFB0EEE7
:108F1800400A0A48006803B488B004A006904FF0DD
:108F2800807007906FF006008646704703BC804744
:108F3800BFF36F8F00DFFEE700BF00007012002054
:108F48001EF0100F08BFB0EE400A1EF0040F0CBF51
:108F5800EFF30880EFF30980816911F8020C10B172
:108F680001280DD00BE01EF0100F0CBF1AB008B08E
:108F780003BC80F3118803BC80F300880847FEE730
:108F88004EF61451CEF200010A6842F001020A605E
:108F98007047F4E700BF00BF80B584B000AF7860C9
:108FA80039600023FB600C4B0C4A1A600A4B1B68A3
:108FB8000B4AD3610B4B0C4A1A600A4B1B68084AD0
:108FC80013620748F8F782FF0346084A1360FB68F4
:108FD80018461037BD4680BD7C1200201C020020B8
:108FE80048000020781200201C060020741200207F
:108FF80080B586B002AFF860B9607A603B603B68C4
:1090080000221A60064B18683B68009300237A68B0
:10901800B968F9F7DDF8002318461037BD4680BD5A
:109028007412002080B586B000AFF860B9607A602D
:109038003B603B6800221A600B4B1B680022796872
:109048001846F8F7D7FB78617B69002B06D0064BEA
:1090580018683B687A69B968F9F722F80023184656
:109068001837BD4680BD00BF7412002080B582B09D
:1090780000AF7860044B1B681846F9F727F90023FE
:1090880018460837BD4680BD7412002080B483B0EE
:1090980000AFEFF310833B603B687B6072B600BFA4
:1090A8007B6818460C37BD465DF8047B704780B472
:1090B80085B000AF78607B68FB60FB6883F310883D
:1090C80000BF00BF1437BD465DF8047B7047000041
:1090D80080B400AF044BDB681B0A03F00703184693
:1090E800BD465DF8047B704700ED00E080B483B0B6
:1090F80000AF0346FB7197F90730002B0BDBFB79B8
:1091080003F01F02074997F907305B09012000FAAD
:1091180002F241F8232000BF0C37BD465DF8047BFE
:10912800704700BF00E100E080B483B000AF0346A1
:109138003960FB7197F90730002B0ADB3B68DAB21C
:109148000C4997F907301201D2B20B4483F8002377
:109158000AE03B68DAB20849FB7903F00F03043BE5
:109168001201D2B20B441A7600BF0C37BD465DF827
:10917800047B704700E100E000ED00E080B489B0B6
:1091880000AFF860B9607A60FB6803F00703FB6121
:10919800FB69C3F10703042B28BF0423BB61FB69E8
:1091A8000433062B02D9FB69033B00E000237B61F3
:1091B8004FF0FF32BB6902FA03F3DA43BB681A4087
:1091C8007B699A404FF0FF317B6901FA03F3D94379
:1091D8007B680B40134318462437BD465DF8047B73
:1091E8007047000080B485B000AFF860B9607A605D
:1091F8000D4ABB6813441B781A46FB6813441B6866
:1092080023F0C0020849BB680B441B781946FB6869
:109218000B4419467B6813430B6000BF1437BD46E7
:109228005DF8047B704700BFACE2000880B485B0ED
:1092380000AFF860B9607A600D4ABB6813441B78C8
:109248001A46FB6813441B6823F490720849BB68EC
:109258000B441B781946FB680B4419467B6813437B
:109268000B6000BF1437BD465DF8047B704700BF34
:10927800ACE2000880B485B000AFF860B9607A60ED
:109288000D4ABB6813441B781A46FB6813441B68D5
:1092980023F400720849BB680B441B781946FB6825
:1092A8000B4419467B6813430B6000BF1437BD4657
:1092B8005DF8047B704700BFACE2000880B485B05D
:1092C80000AFF860B9607A600D4ABB6813441B7838
:1092D8001A46FB6813441B6823F480620849BB687C
:1092E8000B441B781946FB680B4419467B681343EB
:1092F8000B6000BF1437BD465DF8047B704700BFA4
:10930800ACE2000880B485B000AFF860B9607A605C
:109318000D4ABB6813441B781A46FB6813441B6844
:1093280023F4C0520849BB680B441B781946FB68F4
:109338000B4419467B6813430B6000BF1437BD46C6
:109348005DF8047B704700BFACE2000880B485B0CC
:1093580000AFF860B9607A600D4ABB6813441B78A7
:109368001A46FB6813441B6823F4C0420849BB68CB
:109378000B441B781946FB680B4419467B6813435A
:109388000B6000BF1437BD465DF8047B704700BF13
:10939800ACE2000880B485B000AFF860B9607A60CC
:1093A8000D4ABB6813441B781A46FB6813441B68B4
:1093B80023F440320849BB680B441B781946FB6804
:1093C8000B4419467B6813430B6000BF1437BD4636
:1093D8005DF8047B704700BFACE2000880B485B03C
:1093E80000AFF860B9607A600D4ABB6813441B7817
:1093F8001A46FB6813441B6823F060620849BB687F
:109408000B441B781946FB680B4419467B681343C9
:109418000B6000BF1437BD465DF8047B704700BF82
:10942800ACE2000880B483B000AF786039600C4AC1
:109438003B6813441B781A467B6813445B690849E8
:109448003A680A44127811467A680A4423F00403F9
:10945800536100BF0C37BD465DF8047B704700BF01
:10946800ACE2000880B400AF054B1B68044A43F027
:109478000103136000BFBD465DF8047B704700BF61
:109488000038024080B400AF064B1B6803F00203AB
:10949800022B0CBF01230023DBB21846BD465DF842
:1094A800047B70470038024080B483B000AF786016
:1094B800074B1B6823F0F8027B68DB000449134361
:1094C8000B6000BF0C37BD465DF8047B704700BFDA
:1094D8000038024080B483B000AF7860064B9B68C8
:1094E80023F0030204497B6813438B6000BF0C37E9
:1094F800BD465DF8047B70470038024080B400AF79
:10950800044B9B6803F00C031846BD465DF8047BCA
:10951800704700BF0038024080B483B000AF786065
:10952800064B9B6823F0F00204497B6813438B6069
:1095380000BF0C37BD465DF8047B70470038024019
:1095480080B483B000AF7860064B9B6823F4E05288
:1095580004497B6813438B6000BF0C37BD465DF838
:10956800047B70470038024080B483B000AF786055
:10957800064B9B6823F4604204497B6813438B6065
:1095880000BF0C37BD465DF8047B704700380240C9
:1095980080B400AF054B1B68044A43F08073136026
:1095A80000BFBD465DF8047B704700BF003802402D
:1095B80080B400AF074B1B6803F00073B3F1007F62
:1095C8000CBF01230023DBB21846BD465DF8047BBF
:1095D800704700BF0038024080B485B000AFF86023
:1095E800B9607A603B600D4B5A680D4B1340F968BF
:1095F800BA6811437A6892010A43084913434B60D9
:10960800064B5B6823F4403204493B6813434B60C4
:1096180000BF1437BD465DF8047B70470038024030
:109628000080BFFF80B485B000AF7860084B1A6B2C
:1096380007497B6813430B63054B1A6B7B68134020
:10964800FB60FB6800BF1437BD465DF8047B7047BC
:109658000038024080B485B000AF7860084B1A6CBF
:1096680007497B6813430B64054B1A6C7B681340EE
:10967800FB60FB6800BF1437BD465DF8047B70478C
:109688000038024080B483B000AF7860064B1B6896
:1096980023F0070204497B6813430B6000BF0C37B3
:1096A800BD465DF8047B7047003C024080B400AFC3
:1096B800044B1B6803F007031846BD465DF8047B9E
:1096C800704700BF003C024080B483B000AF7860B0
:1096D800064B1B6823F4804204497B6813430B60E4
:1096E80000BF0C37BD465DF8047B70470070004032
:1096F80080B400AF074B5B6803F48043B3F5804F39
:109708000CBF01230023DBB21846BD465DF8047B7D
:10971800704700BF0070004080B483B000AF78602D
:109728007B68DB6843F400527B68DA6000BF0C3763
:10973800BD465DF8047B704780B483B000AF7860A5
:109748007B681B6923F490427B681A617B685B69BC
:1097580023F02A027B685A6100BF0C37BD465DF8CA
:10976800047B704780B500AF0520FFF78BFF00BF73
:10977800FFF79CFF0346052BFAD14FF48040FFF713
:10978800A3FF1020FFF790FEFFF76CFE00BFFFF766
:1097980079FE0346012BFAD10023A82208210020D4
:1097A800FFF71AFFFFF7F4FE00BFFFF701FF0346BC
:1097B800012BFAD100BFFFF79BFF0346002BFAD01D
:1097C8000020FFF7A9FE4FF4A050FFF7B9FE4FF4B1
:1097D8000040FFF7C9FE0220FFF77CFE00BFFFF73D
:1097E8008DFE0346082BFAD1064801F0B7FA0F2080
:1097F80000F0B0F90346002B01D000F057F900BF84
:1098080080BD00BF007A030A80B58EB000AF07F1B3
:109818001C0300221A605A609A60DA601A615A6161
:109828009A613B1D00221A605A609A60DA601A61D8
:109838005A614FF40020FFF70DFF0120FFF7F2FEF9
:1098480003237B600223BB600323FB6000233B618F
:1098580000237B610823BB613B1D1946184800F0B3
:10986800DAFDFFF735FC0346002200211846FFF712
:1098780085FC034619463420FFF756FC3420FFF7D1
:1098880035FC4FF4E133FB6100233B6200237B622C
:109898000023BB620C23FB6200233B6300237B6332
:1098A80007F11C031946074801F09EF80548FFF721
:1098B80043FF0448FFF730FF00BF3837BD4680BD7F
:1098C80000000240004C004080B58EB000AF07F1A8
:1098D8001C0300221A605A609A60DA601A615A61A1
:1098E8009A613B1D00221A605A609A60DA601A6118
:1098F8005A614FF40030FFF7ADFE0120FFF792FEEA
:109908000C237B600223BB600323FB6000233B61C5
:1099180000237B610723BB613B1D19463E4800F0CD
:109928007AFD4FF0006205213C48FFF757FD002201
:1099380005213A48FFF756FC002205213748FFF772
:1099480029FD002205213548FFF770FC002205217A
:109958003248FFF78FFC4FF4806205212F48FFF74C
:10996800ADFC002205212D48FFF7CCFC0022052183
:109978002A48FFF7EBFC05212848FFF753FD4FF075
:10998800006206212548FFF729FD402206212348C9
:10999800FFF728FC002206212048FFF7FBFC0022E5
:1099A80006211E48FFF742FC002206211B48FFF74C
:1099B80061FC4FF4806206211848FFF77FFC002203
:1099C80006211648FFF79EFC002206211348FFF7E0
:1099D800BDFC06211148FFF725FD4FF4E133FB617B
:1099E80000233B6200237B620023BB620C23FB62E3
:1099F80000233B6300237B6307F11C0319460848D7
:109A080000F0F2FF0648FFF797FE0548FFF784FECF
:109A180000BF3837BD4680BD0000024000600240EC
:109A28000044004080B500AF4FF40010FFF7FAFD86
:109A3800FFF74EFB0346002200211846FFF79EFB66
:109A4800034619461020FFF76FFB1020FFF74EFB67
:109A5800FFF73EFB0346002200211846FFF78EFB66
:109A6800034619461120FFF75FFB1120FFF73EFB65
:109A780000BF80BD80B500AF8020FFF7D3FD012077
:109A8800FFF7D0FD00BF80BD80B582B000AF786021
:109A98007B681B68044A934201D101F0C5FA00BFF4
:109AA8000837BD4680BD00BF0000014080B400AF4C
:109AB80072B600BF00BFFDE780B400AF00BFFDE78E
:109AC80080B400AF00BFFDE780B400AF00BFFDE782
:109AD80080B400AF00BFFDE780B400AF00BFFDE772
:109AE80080B400AF00BFBD465DF8047B704700003E
:109AF80080B500AF024800F06BF900BF80BD00BF21
:109B08008012002080B483B000AF00237B60104B2C
:109B18005B6C0F4A43F4804353640D4B5B6C03F456
:109B280080437B607B6800233B60094B1B6C084AC1
:109B380043F080531364064B1B6C03F080533B6067
:109B48003B6800BF0C37BD465DF8047B704700BF1B
:109B58000038024080B58CB000AF78600023BB624B
:109B680000237B620023BB602F4B5B6C2E4A43F0C3
:109B7800010353642C4B5B6C03F00103BB60BB68AF
:109B880007F10C0207F110031146184601F016F907
:109B980001F000F903465B00BB62BB6A234AA2FBE3
:109BA80003239B0C013B7B62214B224A1A60204B0A
:109BB80040F2E732DA601E4A7B6A53601C4B00228F
:109BC8001A611B4B00229A60194B00229A611848AF
:109BD80000F034F8034687F82F3097F82F30002B21
:109BE8001BD1134800F084F8034687F82F3097F804
:109BF8002F30002B11D1192001F0E6F97B680F2BCB
:109C080008D800227968192001F0C2F90A4A7B684D
:109C1800136002E0012387F82F3097F82F30184699
:109C28003037BD4680BD00BF0038024083DE1B438D
:109C380080120020000001408800002080B582B01A
:109C480000AF78607B68002B01D1012341E07B687D
:109C580093F83D30DBB2002B06D17B68002283F8F5
:109C68003C20786800F039F87B68022283F83D20B0
:109C78007B681A687B6804331946104600F0C0F9FF
:109C88007B68012283F846207B68012283F83E2006
:109C98007B68012283F83F207B68012283F84020FB
:109CA8007B68012283F841207B68012283F84220E7
:109CB8007B68012283F843207B68012283F84420D3
:109CC8007B68012283F845207B68012283F83D20C8
:109CD800002318460837BD4680BD80B483B000AF66
:109CE800786000BF0C37BD465DF8047B7047000004
:109CF80080B485B000AF78607B6893F83D30DBB204
:109D0800012B01D001234EE07B68022283F83D201D
:109D18007B681B68DA687B681B6842F00102DA60BE
:109D28007B681B68234A934222D07B681B68B3F187
:109D3800804F1DD07B681B681F4A934218D07B68F0
:109D48001B681E4A934213D07B681B681C4A9342C7
:109D58000ED07B681B681B4A934209D07B681B683E
:109D6800194A934204D07B681B68184A934211D160
:109D78007B681B689B6803F00703FB60FB68062B86
:109D880010D07B681B681A687B681B6842F0010268
:109D98001A6007E07B681B681A687B681B6842F0DA
:109DA80001021A60002318461437BD465DF8047B8B
:109DB800704700BF00000140000400400008004058
:109DC800000C004000040140004001400018004021
:109DD80080B584B000AF78607B681B68DB68FB6087
:109DE8007B681B681B69BB60BB6803F00203002B20
:109DF80020D0FB6803F00203002B1BD07B681B6894
:109E08006FF002021A617B6801221A777B681B686F
:109E18009B6903F00303002B03D0786800F0D2F8A5
:109E280005E0786800F0C4F8786800F0D5F87B6839
:109E380000221A77BB6803F00403002B20D0FB68CC
:109E480003F00403002B1BD07B681B686FF004022F
:109E58001A617B6802221A777B681B689B6903F486
:109E68004073002B03D0786800F0ACF805E0786800
:109E780000F09EF8786800F0AFF87B6800221A7747
:109E8800BB6803F00803002B20D0FB6803F008032D
:109E9800002B1BD07B681B686FF008021A617B6877
:109EA80004221A777B681B68DB6903F00303002B25
:109EB80003D0786800F086F805E0786800F078F854
:109EC800786800F089F87B6800221A77BB6803F08D
:109ED8001003002B20D0FB6803F01003002B1BD0CD
:109EE8007B681B686FF010021A617B6808221A777A
:109EF8007B681B68DB6903F44073002B03D0786828
:109F080000F060F805E0786800F052F8786800F032
:109F180063F87B6800221A77BB6803F00103002B03
:109F28000CD0FB6803F00103002B07D07B681B688B
:109F38006FF001021A617868FFF7A6FDBB6803F0AD
:109F48008003002B0CD0FB6803F08003002B07D0A4
:109F58007B681B686FF080021A61786800F006F968
:109F6800BB6803F04003002B0CD0FB6803F04003F0
:109F7800002B07D07B681B686FF040021A61786875
:109F880000F034F8BB6803F02003002B0CD0FB680A
:109F980003F02003002B07D07B681B686FF02002BA
:109FA8001A61786800F0D8F800BF1037BD4680BD48
:109FB80080B483B000AF786000BF0C37BD465DF851
:109FC800047B704780B483B000AF786000BF0C3763
:109FD800BD465DF8047B704780B483B000AF7860FD
:109FE80000BF0C37BD465DF8047B704780B483B072
:109FF80000AF786000BF0C37BD465DF8047B704742
:10A0080080B485B000AF786039607B681B68FB60FE
:10A018007B68464A934213D07B68B3F1804F0FD0D8
:10A028007B68434A93420BD07B68424A934207D0ED
:10A038007B68414A934203D07B68404A934208D1E7
:10A04800FB6823F07003FB603B685B68FA681343A6
:10A05800FB607B68354A93422BD07B68B3F1804F15
:10A0680027D07B68324A934223D07B68314A934297
:10A078001FD07B68304A93421BD07B682F4A93429B
:10A0880017D07B682E4A934213D07B682D4A93429F
:10A098000FD07B682C4A93420BD07B682B4A9342A3
:10A0A80007D07B682A4A934203D07B68294A9342A7
:10A0B80008D1FB6823F44073FB603B68DB68FA68EF
:10A0C8001343FB60FB6823F080023B685B69134322
:10A0D800FB607B68FA681A603B689A687B68DA629A
:10A0E8003B681A687B689A627B68104A934203D07F
:10A0F8007B68124A934203D13B681A697B681A63EA
:10A108007B6801225A617B681B6903F00103012BFC
:10A1180005D17B681B6923F001027B681A6100BFC7
:10A128001437BD465DF8047B704700BF000001404E
:10A138000004004000080040000C004000040140FA
:10A148000040014000440140004801400018004020
:10A15800001C00400020004080B483B000AF78604D
:10A1680000BF0C37BD465DF8047B704780B483B0F0
:10A1780000AF786000BF0C37BD465DF8047B7047C0
:10A1880080B48BB000AFF860B9607A60FB681A6879
:10A19800BB687B617B6993FAA3F33B613B69BB6155
:10A1A800BB69002B01D1202303E0BB69B3FA83F319
:10A1B800DBB25B00032101FA03F3DB431A40BB68FF
:10A1C8003B623B6A93FAA3F3FB61FB697B627B6AA0
:10A1D800002B01D1202303E07B6AB3FA83F3DBB2BF
:10A1E8005B00796801FA03F31A43FB681A6000BF41
:10A1F8002C37BD465DF8047B704780B485B000AF4E
:10A20800F860B9607A60FB685A68BB68DB431A403B
:10A21800BB68796801FB03F31A43FB685A6000BF07
:10A228001437BD465DF8047B704780B48BB000AF2F
:10A23800F860B9607A60FB689A68BB687B617B6983
:10A2480093FAA3F33B613B69BB61BB69002B01D166
:10A25800202303E0BB69B3FA83F3DBB25B0003217D
:10A2680001FA03F3DB431A40BB683B623B6A93FA8B
:10A27800A3F3FB61FB697B627B6A002B01D120237E
:10A2880003E07B6AB3FA83F3DBB25B00796801FA17
:10A2980003F31A43FB689A6000BF2C37BD465DF88C
:10A2A800047B704780B48BB000AFF860B9607A6007
:10A2B800FB68DA68BB687B617B6993FAA3F33B614F
:10A2C8003B69BB61BB69002B01D1202303E0BB695B
:10A2D800B3FA83F3DBB25B00032101FA03F3DB4338
:10A2E8001A40BB683B623B6A93FAA3F3FB61FB69C4
:10A2F8007B627B6A002B01D1202303E07B6AB3FADF
:10A3080083F3DBB25B00796801FA03F31A43FB6855
:10A31800DA6000BF2C37BD465DF8047B704780B417
:10A328008BB000AFF860B9607A60FB681A6ABB68E6
:10A338007B617B6993FAA3F33B613B69BB61BB69B2
:10A34800002B01D1202303E0BB69B3FA83F3DBB20E
:10A358009B000F2101FA03F3DB431A40BB683B6201
:10A368003B6A93FAA3F3FB61FB697B627B6A002B70
:10A3780001D1202303E07B6AB3FA83F3DBB29B00AD
:10A38800796801FA03F31A43FB681A6200BF2C3795
:10A39800BD465DF8047B704780B48BB000AFF860B1
:10A3A800B9607A60FB685A6ABB681B0A7B617B6983
:10A3B80093FAA3F33B613B69BB61BB69002B01D1F5
:10A3C800202303E0BB69B3FA83F3DBB29B000F21C0
:10A3D80001FA03F3DB431A40BB681B0A3B623B6A82
:10A3E80093FAA3F3FB61FB697B627B6A002B01D1C3
:10A3F800202303E07B6AB3FA83F3DBB29B0079681E
:10A4080001FA03F31A43FB685A6200BF2C37BD46B2
:10A418005DF8047B704780B58AB000AF786039601A
:10A4280000237B6200233B623B681B68BB61BB69FE
:10A4380093FAA3F37B617B69FB61FB69002B01D174
:10A44800202303E0FB69B3FA83F3DBB27B6257E0B6
:10A458003B681A6801217B6A01FA03F313403B62E7
:10A468003B6A002B49D03B685B68012B03D03B68F3
:10A478005B68022B0DD13B689B681A46396A78687D
:10A48800FFF7D3FE3B68DB681A46396A7868FFF73E
:10A49800B4FE3B681B691A46396A7868FFF702FF01
:10A4A8003B685B68022B21D13B6AFB60FB6893FA2F
:10A4B800A3F3BB60BB683B613B69002B01D1202340
:10A4C80003E03B69B3FA83F3DBB2072B07D83B6899
:10A4D8005B691A46396A7868FFF721FF06E03B682E
:10A4E8005B691A46396A7868FFF756FF3B685B680C
:10A4F8001A46396A7868FFF743FE7B6A01337B6244
:10A508003B681A687B6A22FA03F3002BA0D1002368
:10A5180018462837BD4680BD80B483B000AF786048
:10A528007B68DB6803F40053B3F5005F0CBF0123BD
:10A538000023DBB218460C37BD465DF8047B704734
:10A5480080B483B000AF786039607B681B6923F4FE
:10A5580040523B681A437B681A6100BF0C37BD46FE
:10A568005DF8047B704780B483B000AF78603960D1
:10A578007B685B6923F440723B681A437B685A61C5
:10A5880000BF0C37BD465DF8047B70472DE9B04F1E
:10A59800C0B000AFC7F8FC00C7F8F810C7F8F4203F
:10A5A800C7F8F030D7F8F430B3F5004F40F00C811D
:10A5B800D7F8F8300022C7F8E830C7F8EC20D7E918
:10A5C8003A4522462B46911839665B417B66D7E9A6
:10A5D8001823214612EB0108294643EB01094FF0E5
:10A5E80000024FF000034FEAC90343EA58734FEAE9
:10A5F800C80290469946234618EB0303C7F8E03093
:10A608002B4649EB0303C7F8E430D7F8F0300022B3
:10A618009A4693461AEB0A03BB654BEB0B03FB65A3
:10A62800D7E91623D7E93801F6F736FA02460B467A
:10A63800644BA3FB02235B099BB21B019CB2D7F8B6
:10A64800F8300022C7F8D830C7F8DC20D7E93689B7
:10A6580042464B46911839655B417B65D7E914231F
:10A6680041465118B96449464B41FB644FF000021A
:10A678004FF00003D7E912AB5946CB00514643EAE5
:10A6880051735146CA0010461946034642469B1864
:10A69800C7F8D0304B460A4642EB0303C7F8D4301C
:10A6A800D7F8F0300022C7F8C830C7F8CC20D7E96F
:10A6B80032120B46DB183B64134642EB03037B6400
:10A6C800D7E91023D7E93401F6F7E6F902460B4635
:10A6D80011463C4BA3FB01235B09642202FB03F3F5
:10A6E800CB1ADB0003F13202364BA3FB02235B09D2
:10A6F8009BB25B009BB203F4F8739BB223449CB2F9
:10A70800D7F8F8300022C7F8C030C7F8C420D7E916
:10A71800308942464B469118B9635B41FB63D7E9E0
:10A728000E2341465118396349464B417B634FF02C
:10A7380000024FF00003D7E90CAB5946CB00514655
:10A7480043EA51735146CA00104619460346424629
:10A758009B18C7F8B8304B460A4642EB0303C7F8C4
:10A76800BC30D7F8F0300022C7F8B030C7F8B420B2
:10A77800D7E92C120B46DB18BB62134642EB0303E6
:10A78800FB62D7E90A23D7E92E01F6F785F90246D5
:10A798000B460C4BA3FB02135B09642101FB03F37B
:10A7A800D31ADB003233074AA2FB03235B099BB2AF
:10A7B80003F007039BB223449BB21A46D7F8FC3038
:10A7C8009A6008E11F85EB51D7F8F8300022C7F8E6
:10A7D800A830C7F8AC20D7E92A8942464B469118D9
:10A7E80039625B417B62D7E90823414654184946E0
:10A7F80043EB01054FF000024FF00003EB0043EA82
:10A808005473E20014461D464346E318C7F8A030C7
:10A818004B4645EB0303C7F8A430D7F8F0300022C5
:10A82800C7F89830C7F89C204FF000024FF000039B
:10A83800D7E9264529468B00214643EA91732146EC
:10A848008A00D7E92801F6F727F902460B46654B37
:10A85800A3FB02235B099BB21B019CB2D7F8F8301B
:10A868000022C7F89030C7F89420D7E924894246D7
:10A878004B469118B9615B41FB61D7E90623414614
:10A888005118396149464B417B614FF000024FF046
:10A898000003D7E904AB5946CB00514643EA51734C
:10A8A8005146CA0010461946034642469B18C7F847
:10A8B80088304B460A4642EB0303C7F88C30D7F87A
:10A8C800F0300022C7F88030C7F884204FF000022B
:10A8D8004FF00003D7E9208949468B00414643EAF7
:10A8E800917341468A00D7E92201F6F7D5F8024666
:10A8F8000B4611463B4BA3FB01235B09642202FB79
:10A9080003F3CB1A1B013233364AA2FB03235B093C
:10A918009BB203F0F0039BB223449CB2D7F8F83003
:10A928000022BB67FA67D7E91E8942464B46911851
:10A93800B9605B41FB60D7E9022341465118396091
:10A9480049464B417B604FF000024FF00003D7E9C6
:10A9580000AB5946CB00514643EA51735146CA00F1
:10A9680010461946034642469B183B674B460A4623
:10A9780042EB03037B67D7F8F0300022BB66FA6628
:10A988004FF000024FF00003D7E91A8949468B00BF
:10A99800414643EA917341468A00D7E91C01F6F71C
:10A9A8007BF802460B460F4BA3FB02135B0964219D
:10A9B80001FB03F3D31A1B0132330A4AA2FB032318
:10A9C8005B099BB203F00F039BB223449BB21A4668
:10A9D800D7F8FC309A6000BF07F58077BD46BDE820
:10A9E800B08F00BF1F85EB5180B588B000AF78608D
:10A9F80039600123FB770023BB617868FFF78CFD82
:10AA08000346002B5ED17B68DB6823F4164323F0F2
:10AA18000C033A6851683A68D26811433A68126977
:10AA280011433A6892690A431A437B68DA603B68C3
:10AA38009B6819467868FFF783FD3B685B69194690
:10AA48007868FFF790FD07F10803184600F0BCF896
:10AA58007B681F4A934202D17B69BB6121E07B6816
:10AA68001C4A934202D13B69BB611AE07B681A4ACF
:10AA7800934202D13B69BB6113E07B68174A93425A
:10AA880002D17B69BB610CE07B68154A934202D115
:10AA98003B69BB6105E07B68124A934201D13B697F
:10AAA800BB61BB69002B0DD03B681B68002B09D02C
:10AAB8000023FB773B689A693B681B68B96978682B
:10AAC800FFF764FDFB7F18462037BD4680BD00BFF9
:10AAD80000100140004400400048004000140140BC
:10AAE800004C00400050004080B400AF044B9B680D
:10AAF80003F00C031846BD465DF8047B704700BFA1
:10AB08000038024080B400AF044B9B6803F0F003A8
:10AB18001846BD465DF8047B704700BF0038024008
:10AB280080B400AF044B9B6803F4E0531846BD465D
:10AB38005DF8047B704700BF0038024080B400AF66
:10AB4800044B9B6803F460431846BD465DF8047BDC
:10AB5800704700BF0038024080B400AF044B5B6808
:10AB680003F480031846BD465DF8047B704700BFB8
:10AB78000038024080B400AF044B5B689B09C3F304
:10AB880008031846BD465DF8047B7047003802404C
:10AB980080B400AF044B5B6803F440331846BD46ED
:10ABA8005DF8047B704700BF0038024080B400AFF6
:10ABB800044B5B6803F03F031846BD465DF8047B11
:10ABC800704700BF0038024080B582B000AF78609F
:10ABD80000F020F802467B681A607B681B681846FC
:10ABE80000F040F802467B685A607B685B6818464C
:10ABF80000F04EF802467B689A607B685B681846EE
:10AC080000F05AF802467B68DA6000BF0837BD4694
:10AC180080BD000080B582B000AF00237B60FFF7E5
:10AC280063FF0346082B0CD0082B0FD8002B02D04B
:10AC3800042B03D00AE0094B7B600AE0084B7B60D9
:10AC480007E0082000F04CF8786002E0034B7B60D6
:10AC580000BF7B6818460837BD4680BD0024F40055
:10AC680000127A0080B582B000AF7860FFF74AFF23
:10AC780003461B0903F00F03044AD35C1A467B689A
:10AC8800D34018460837BD4680BD00BFB4E200086F
:10AC980080B582B000AF7860FFF742FF03469B0A99
:10ACA800044AD35C1A467B68D34018460837BD4629
:10ACB80080BD00BFC4E2000880B582B000AF7860F4
:10ACC800FFF73CFF03465B0B044AD35C1A467B68DC
:10ACD800D34018460837BD4680BD00BFC4E200080F
:10ACE80090B587B000AF786000237B610023FB60DC
:10ACF80000233B61FFF730FFF860FB68002B04D0AE
:10AD0800FB68B3F5800F03D005E0124B7B6105E0CB
:10AD1800114B7B6102E00F4B7B6100BF7B68082B06
:10AD280013D1FFF743FF02467B69B3FBF2F4FFF749
:10AD380021FF034603FB04F4FFF72AFF03461B0C1D
:10AD480001335B00B4FBF3F33B613B6918461C37E6
:10AD5800BD4690BD0024F40000127A0080B483B090
:10AD680000AF7860044A7B68136000BF0C37BD46AB
:10AD78005DF8047B704700BF9000002080B400AFEE
:10AD8800034B1B681846BD465DF8047B704700BF3F
:10AD98009000002080B500AFFFF7F0FF0246054B9A
:10ADA8009B685B0B03F007030349CB5C22FA03F3B0
:10ADB800184680BD00380240C4E2000880B483B061
:10ADC80000AF786039607B680F221A60124B9B686D
:10ADD80003F003027B685A600F4B9B6803F0F00294
:10ADE8007B689A600C4B9B6803F4E0527B68DA60DE
:10ADF800094B9B68DB0803F4E0527B681A61074B38
:10AE08001B6803F007023B681A6000BF0C37BD4699
:10AE18005DF8047B704700BF00380240003C0240E8
:10AE280080B485B000AF78607B6803F00703FB60EF
:10AE38000C4BDB68BB60BA684FF6FF031340BB607E
:10AE4800FB681A02BB68134343F0BF6343F4003343
:10AE5800BB60044ABB68D36000BF1437BD465DF8C9
:10AE6800047B704700ED00E080B400AF044BDB6862
:10AE78001B0A03F007031846BD465DF8047B7047BC
:10AE880000ED00E080B483B000AF0346FB7197F992
:10AE98000730002B0BDBFB7903F01F02074997F9FA
:10AEA80007305B09012000FA02F241F8232000BFB5
:10AEB8000C37BD465DF8047B704700BF00E100E039
:10AEC80080B483B000AF03463960FB7197F907304F
:10AED800002B0ADB3B68DAB20C4997F907301201FC
:10AEE800D2B20B4483F800230AE03B68DAB208497F
:10AEF800FB7903F00F03043B1201D2B20B441A761C
:10AF080000BF0C37BD465DF8047B704700E100E0E8
:10AF180000ED00E080B489B000AFF860B9607A60F5
:10AF2800FB6803F00703FB61FB69C3F10703042B0C
:10AF380028BF0423BB61FB690433062B02D9FB69D4
:10AF4800033B00E000237B614FF0FF32BB6902FA4C
:10AF580003F3DA43BB681A407B699A404FF0FF312C
:10AF68007B6901FA03F3D9437B680B401343184606
:10AF78002437BD465DF8047B704780B582B000AFCA
:10AF880078607868FFF74CFF00BF0837BD4680BD82
:10AF980080B586B000AF0346B9607A60FB730023C2
:10AFA8007B61FFF761FF78617A68B9687869FFF7B4
:10AFB800B1FF024697F90F3011461846FFF780FF98
:10AFC80000BF1837BD4680BD80B582B000AF0346CC
:10AFD800FB7197F907301846FFF754FF00BF083791
:10AFE800BD4680BD80B500AF0E4B1B680D4A43F4CB
:10AFF800007313600B4B1B680A4A43F480631360A9
:10B00800084B1B68074A43F4807313600320FFF75B
:10B01800B4FF0F20FEF79EFDFEF774FD00231846CF
:10B0280080BD00BF003C024080B400AF064B1B78D7
:10B038001A46064B1B681344044A136000BFBD46FA
:10B048005DF8047B704700BF8C000020C812002008
:10B0580080B400AF034B1B681846BD465DF8047BFF
:10B06800704700BFC812002080B400AF064BD3F869
:10B078008830054A43F47003C2F8883000BFBD46E3
:10B088005DF8047B704700BF00ED00E0DFF834D0C6
:10B09800FFF7EAFF0C480D490D4A002302E0D45897
:10B0A800C4500433C4188C42F9D30A4A0A4C00230A
:10B0B80001E013600432A242FBD300F083FBF7F7F0
:10B0C80031FC70470000022000000020BC01002075
:10B0D800F4E20008C00100209C150020FEE70000F3
:10B0E800F8B52DED028B57EC106B55EC114B00F0B9
:10B0F8002DF83046394622462B46B0EE408AF0EE0F
:10B10800608AF5F793FC30B90022002320462946CF
:10B11800F5F75AFC30B9B0EE480AF0EE680ABDEC13
:10B12800028BF8BD00F048FB0022002321210160BA
:10B1380010461946F5F70AFB41EC180BB0EE480A21
:10B14800F0EE680ABDEC028BF8BD00BF53EC112B82
:10B158002DE9F04723F0004852EA080155EC104B5E
:10B1680047D0B74925F0004A8A45A94641D85042F8
:10B17800B44E40EA020148EAD171B142964638D845
:10B18800C2451F46214605F0004C3EDCC0F28480D3
:10B19800A24200F2818000F0B580354245D1BAF173
:10B1A800000F34D1002C234640F32A81A64A5B00C5
:10B1B800002B02F1FF32FADCA24B3B40002B40F09F
:10B1C8009380B8F1000F40F0DF80BEF1000F7346A6
:10B1D8006DDC9D4E9D48801A1F2800F3F08002F216
:10B1E8001E4321FA03F30AFA00FA43EA0A038140EC
:10B1F8006AE020462946F5F77FF902460B46F5F73F
:10B20800A5FA41EC100BBDE8F08735420DD18F4A05
:10B218004FEACA235B00002B02F1FF32CCDD5B0052
:10B22800002B02F1FF32F5DCC6E7864B4FEA2A52C3
:10B238003B40A2F2FF3293B34FEA2850C9F31303FD
:10B24800A0F2FF3643F48013A1EB0E00C7F31305F9
:10B2580045F48015921B0BD163E0013858D4A1EB5B
:10B268000E04E30F013A03EB40034FEA440156D0C2
:10B278007145A3EB0500F0D30028A1EB0E0447DBD2
:10B2880050EA0403EDD1724B4FEADC7C03EBCC03AC
:10B2980093ED000BBDE8F08745EC104BB3E7B8F130
:10B2A800000F71D1BEF1000F734640F3B480664EB3
:10B2B8005B00002B06F1FF36FADC644B9A4289DB0F
:10B2C800C9F3130343F48013604CA41B1F2C4CDCFC
:10B2D80006F21E452EFA05F508FA04F00EFA04FEE9
:10B2E8000543A1EB0E00B5E7584CA41A4FEA2858BD
:10B2F8001F2CA8F2FF3672DD564B9B1A01FA03F396
:10B308000021A3E7524B03EB1C7393ED000B7AE784
:10B31800C80F013A00EB43034FEA4101A8D1A1EB62
:10B328000E005A1B8E4588BF02F1FF32002ABCBFAF
:10B3380008461A4652EA000305D1A4E7C30F03EBF7
:10B3480042024000013EB2F5801FF7DB3F4B9E42B0
:10B3580023DBA2F5801242EA0C0106F2FF3641EA2D
:10B368000653024643EC102B4DE73A4D921BA5EBD2
:10B3780006050EFA05F518BF4FF0000E7FF478AFFA
:10B388005A1B0846D2E7304A304E4FEAC8235B00C2
:10B39800002B06F1FF36FADC8FE79B1B142B14DC1D
:10B3A80006F21E41D84002FA01F142FA03F30143C2
:10B3B80043EA0C0C63460A4643EC102B23E7254B63
:10B3C8009B1A01FA03F300217EE71F2B13DC06F218
:10B3D8001E4120FA03F302FA01F11943EAE702F2E7
:10B3E8001E4321FA03F30AFA04FA43EA0A03A140C6
:10B3F800A1EB0E002AE71749891B42FA01F1D9E7A8
:10B40800104B3B407BB14FEA28500F4AA0F2FF3661
:10B41800E30A6105ECE7C9F313030B4E43F4801309
:10B428000B25152456E7B8F1000FACD1BEF1000F7B
:10B43800054A73463FF73BAF15201646CFE600BFD7
:10B44800FFFFEF7F0000F07FEDFBFFFF02FCFFFF37
:10B45800D0E20008E2FBFFFF2DE9F047089D0E4609
:10B4680004460F46002B4AD194468C45B2FA82F224
:10B4780060D942B1C2F12003974020FA03F30CFAD5
:10B4880002FC1F4394404FEA1C4E1FFA8CF6B7FB90
:10B49800FEF1230C0EFB117743EA074301FB06F08C
:10B4A80098420AD91CEB030301F1FF3780F015819C
:10B4B800984240F21281023963441B1AA4B2B3FBCA
:10B4C800FEF00EFB103344EA034400FB06F6A642E6
:10B4D8000AD91CEB040400F1FF3380F00081A64276
:10B4E80040F2FD806444023840EA0140A41B002178
:10B4F8001DB1D4400023C5E90043BDE8F0878B4265
:10B5080005D90DB1C5E9000100210846F5E7B3FAF0
:10B5180083F1002946D1B34202D3824200F2F5807A
:10B52800841A66EB030201201746002DE5D0C5E911
:10B538000047E2E7002A40F09380A1EB0C034FEAB2
:10B548001C471FFA8CFE0121B3FBF7F607FB1630E8
:10B55800230C43EA00430EFB06F0984208D91CEB83
:10B56800030306F1FF3802D2984200F2D080464623
:10B578001B1AA4B2B3FBF7F007FB103344EA0344E9
:10B588000EFB00FEA64508D91CEB040400F1FF33AE
:10B5980002D2A64500F2B6801846A4EB0E0440EA93
:10B5A8000640A5E7C1F120078B4022FA07FC4CEAC8
:10B5B800030C06FA01FE20FA07F426FA07F344EA18
:10B5C8000E0400FA01F84FEA1C404FEA1449B3FB95
:10B5D800F0FE1FFA8CF600FB1E3349EA03430EFB0C
:10B5E80006F9994502FA01F20BD91CEB03030EF197
:10B5F800FF3A80F08580994540F28280AEF1020ED4
:10B608006344A3EB0909A4B2B9FBF0F300FB139957
:10B6180044EA094403FB06F6A64208D91CEB0404D5
:10B6280003F1FF3068D2A64266D9023B644443EA7C
:10B638000E40A41BA0FB02E6B4427346B14652D3A7
:10B648004FD05DB1B8EB030264EB090404FA07F7C5
:10B6580022FA01F31F43CC40C5E9007400214CE7EE
:10B66800C2F1200120FA01F30CFA02FC26FA01F1DA
:10B67800964033434FEA1C471FFA8CFEB1FBF7F0A4
:10B6880007FB1016190C41EA064100FB0EF68E4224
:10B6980004FA02F408D91CEB010100F1FF382DD29D
:10B6A8008E422BD902386144891B9BB2B1FBF7F655
:10B6B80007FB161143EA014306FB0EF1994208D92C
:10B6C8001CEB030306F1FF3814D2994212D9023E4B
:10B6D80063445B1A46EA004136E73946EDE6184608
:10B6E80002E7F045ADD2BEEB020366EB0C0601386B
:10B6F800B146A6E74646ECE7034698E74046D3E757
:10B70800D6467EE76444023847E708460DE7023E1E
:10B7180063442DE7830730B547D0541E002A3ED036
:10B72800CAB2034601E0013C39D303F8012B9D0757
:10B73800F9D1032C2CD9CDB205EB05250F2C05EB3F
:10B74800054535D9A4F1100222F00F0C03F1100EB3
:10B75800E6444FEA121C1A46C2E90055C2E90255EE
:10B7680010327245F8D10CF1010214F00C0F03EB02
:10B77800021204F00F0C13D0ACF1040323F00303FE
:10B788000433134442F8045B9342FBD10CF00304E6
:10B798002CB1C9B21C4403F8011BA342FBD130BD34
:10B7A80064461346002CF4D1F9E703461446C0E773
:10B7B8001A46A446E0E700BF014B1868704700BF6F
:10B7C8009400002070B50F4B0F4DAB42A3EB05065C
:10B7D80007D0B610002455F8043B01349847A64218
:10B7E800F9D800F07FF8094D094B5E1BAB424FEAD0
:10B7F800A60606D0002455F8043B01349847A64213
:10B80800F9D870BDE8E20008E8E20008E8E20008BC
:10B81800F0E20008704700BF704700BF024B13B149
:10B82800024800F005B870470000000045B800085D
:10B83800002301461A46184600F014B838B5074DDB
:10B84800074C2C1BA41005D0013C55F8043D984723
:10B85800002CF9D1BDE8384000F04AB8F4E20008FD
:10B86800F0E200082DE9F8431B4D06462868984683
:10B878000F469146FFF7CEFF184B1C681CB328688B
:10B8880065681F2D22DC4EB96B1C0235636044F8D5
:10B898002570FFF7C1FF0020BDE8F88304EB8501A0
:10B8A8000123C1F88890D4F88821AB401A43022EAE
:10B8B800C4F88821C1F80881E6D1D4F88C211A434C
:10B8C800C4F88C21E0E7064C1C60D8E7FFF7A4FF1A
:10B8D8004FF0FF30E0E700BFB80100200814002057
:10B8E8000C140020F8B500BFF8BC08BC9E46704791
:0CB8F800F8B500BFF8BC08BC9E467047C5
:10B908006578746D6F6465496E69743A20696E76FE
:10B91800616C6964206578746D6F6465496E666FE3
:10B928000A0000006578746D6F6465496E69743A41
:10B9380020696E76616C69642066696E616C546911
:10B948006D65207661726961626C650A00000000AD
:10B958000A2A2A7761726E696E673A2074686520D0
:10B9680073696D756C6174696F6E2077696C6C2092
:10B9780072756E2077697468206E6F2073746F70AB
:10B988002074696D652064756520746F206578740E
:10B9980065726E616C206D6F646520696E66696E94
:10B9A8006974652066696E616C2073696D756C6178
:10B9B80074696F6E2074696D652E0A006578746D00
:10B9C8006F64654576656E74206572726F723A2091
:10B9D800696E76616C69642073696D756C617469F0
:10B9E8006F6E54696D652C206D75737420626520C7
:10B9F8006E6F6E2D6E656761746976650A0000006A
:10BA08006578746D6F64654576656E7420657272CD
:10BA18006F723A20696E76616C6964206576656E2E
:10BA280074496420282564292C206D75737420625C
:10BA380065206C657373207468616E2025640A0044
:10BA48006578746D6F64654576656E74206572728D
:10BA58006F723A20636F64652025640A0000000055
:10BA68006578746D6F646547657446696E616C537B
:10BA7800696D756C6174696F6E54696D653A20699A
:10BA88006E76616C69642066696E616C54696D6577
:10BA9800207661726961626C650A00006578746D70
:10BAA8006F646547657446696E616C53696D756C42
:10BAB8006174696F6E54696D653A2066696E616C70
:10BAC80054696D65206E6F7420696E697469616C64
:10BAD800697A65640A0000006578746D6F6465535F
:10BAE800657446696E616C53696D756C6174696FD4
:10BAF8006E54696D653A20696E76616C696420667A
:10BB0800696E616C54696D652076616C75650A00B3
:10BB18006578746D6F64654765744576656E7454B1
:10BB2800726967676572456E61626C653A20696E15
:10BB380076616C6964206576656E74496420766107
:10BB48006C75650A000000006578746D6F64654760
:10BB580065744576656E7454726967676572456E7B
:10BB680061626C653A20696E76616C6964207472F2
:10BB78006967676572456E61626C65642076616CA1
:10BB880075650A006578746D6F64655365744576EC
:10BB9800656E7454726967676572456E61626C653B
:10BBA8003A20696E76616C6964206576656E7449C1
:10BBB800642076616C75650A000000007863704542
:10BBC80078744D6F6465496E69743A20786370546F
:10BBD80072616E73706F7274496E697420657272E7
:10BBE8006F720A007863704578744D6F6465496EAA
:10BBF80069743A20786370496E6974206572726F4F
:10BC0800723A20636F64652025640A007863704582
:10BC180078744D6F646552756E4261636B67726FBD
:10BC2800756E643A207863705472616E73706F72C7
:10BC3800745278206572726F722C20636F6465206D
:10BC480025640A007863704578744D6F6465527591
:10BC58006E4261636B67726F756E643A20786370C9
:10BC680052756E206572726F722C20636F64652046
:10BC780025640A007863704578744D6F6465527561
:10BC88006E4261636B67726F756E643A2078637099
:10BC98005472616E73706F72745478206572726F2B
:10BCA800722C20636F64652025640A0078637052E3
:10BCB80065736574206572726F723A20636F64658C
:10BCC8002025640A000000007863705472616E7366
:10BCD800706F72745265736574206572726F723A10
:10BCE80020636F64652025640A000000496E766150
:10BCF8006C6964206475726174696F6E2076616C1A
:10BD08007565202830292064657465637465642E20
:10BD18000A000000496E76616C6964205472696794
:10BD28006765722053746174757320257520646586
:10BD38007465637465640A00446574656374656456
:10BD480020617474656D707420746F2073656E64FF
:10BD5800207061636B6574204944202578482077FA
:10BD680068656E207468652058435020636F6E6E56
:10BD7800656374696F6E20686173206E6F742062EA
:10BD880065656E2065737461626C69736865640AC1
:10BD9800000000005061636B657420494420202531
:10BDA8007848206973206E6F7420737570706F7295
:10BDB80074656420617420746865206D6F6D656EAC
:10BDC800740A000067656E657269634F75747075F3
:10BDD800745061636B657448616E646C657220654C
:10BDE80072726F723A20256420696E7075742063D0
:10BDF8006F6465206973206E6F7420737570706F3F
:10BE08007274656400000000786370496E69743A62
:10BE18002070726F746F636F6C206C61796572202B
:10BE2800616C726561647920696E697469616C69B5
:10BE38007A65640A0000000078637052756E3A20D3
:10BE480070726F746F636F6C206C61796572206EAD
:10BE58006F7420696E697469616C697A65640A0037
:10BE680078637052756E3A206D697373696E6720D6
:10BE7800696E7075742068616E646C657220666F97
:10BE880072207061636B65742049442025784800EE
:10BE98007863704576656E743A2070726F746F635C
:10BEA8006F6C206C61796572206E6F7420696E69A1
:10BEB8007469616C697A65640A000000786370458A
:10BEC80076656E744E6F74696669636174696F6EC6
:10BED8005265713A20696E76616C69642065766591
:10BEE8006E7444617461206275666665720A00004A
:10BEF8007863704576656E744E6F746966696361C0
:10BF080074696F6E5265713A20696E76616C696406
:10BF1800206576656E744461746153697A650A00B8
:10BF280078637052656D6F74655365727669636581
:10BF38005265713A20696E76616C69642073657226
:10BF480076696365526571446174612062756666DD
:10BF580065720A0078637052656D6F746553657217
:10BF6800766963655265713A20696E76616C6964B9
:10BF780020736572766963655265714461746153B3
:10BF8800697A650A00000000786370526573657409
:10BF98003A2070726F746F636F6C206C6179657290
:10BFA80020616C72656164792072657365740A003A
:10BFB80072656164696E672061742061646472658A
:10BFC80073732025700A0000434F4E4E4543543A80
:10BFD80020444151206C69737473207265736574D1
:10BFE8002063616E6E6F742062652063617272698E
:10BFF8006564206F75742C20617320616E206576EE
:10C00800656E74207761732070726F6365737365F2
:10C01800640A0000434F4E4E4543543A20696E76F9
:10C02800616C6964206D6F64652064657465637410
:10C038006564202578480A00434F4E4E4543543ADC
:10C0480020656E746572696E67205843505F434F70
:10C058004E4E4543544544207374617475730A0009
:10C068002A205265736F757263653A20202020205C
:10C0780020202020202578480A0000002A20436F2D
:10C088006D6D204D6F64652042617369633A2020AD
:10C09800202578480A0000002A204D617820435462
:10C0A8004F2073697A653A20202020202025640AD1
:10C0B800000000002A204D61782044544F20736905
:10C0C8007A653A20202020202025640A00000000FC
:10C0D8002A2050726F746F636F6C20566572736993
:10C0E8006F6E3A202025640A000000002A2054724E
:10C0F800616E73706F72742056657273696F6E3AF1
:10C108002025640A00000000444953434F4E4E4521
:10C1180043543A20444151206C697374732072650A
:10C128007365742063616E6E6F742062652063614D
:10C138007272696564206F75742C20617320616E5A
:10C14800206576656E74207761732070726F636501
:10C15800737365640A000000444953434F4E4E45CB
:10C1680043543A20656E746572696E67205843506F
:10C178005F444953434F4E4E4543544544207374DE
:10C18800617475730A0000004745542053544154A4
:10C1980055530A002A2053657373696F6E205374D0
:10C1A800617475733A202020202020202020202030
:10C1B8002020202578480A002A205265736F75725E
:10C1C80063652050726F74656374696F6E20537471
:10C1D800617475733A20202578480A002A2053652F
:10C1E8007373696F6E20436F6E6669672049643A9E
:10C1F800202020202020202020202025640A000044
:10C2080053594E43480A00005345545F4D54413A30
:10C2180020696E76616C6964206164647265737309
:10C228000A0000005345545F4D54413A2073657429
:10C2380074696E67204D54412076616C7565207471
:10C248006F20257820616E6420657874656E736947
:10C258006F6E2025780A000055504C4F41443A2013
:10C26800696E76616C6964206E756D626572206FA7
:10C2780066206461746120656C656D656E747320F9
:10C28800282564290A00000055504C4F41443A20A3
:10C29800696E76616C696420616464726573730A9F
:10C2A8000000000055504C4F41443A200000000067
:10C2B80055504C4F41443A20696E76616C69642050
:10C2C800646174612064657465637465640A000060
:10C2D80053484F52545F55504C4F41443A20696E71
:10C2E80076616C6964206E756D626572206F662078
:10C2F8006461746120656C656D656E7473202825B2
:10C3080064290A0053484F52545F55504C4F4144DA
:10C318003A20696E76616C69642061646472657341
:10C32800730A000053484F52545F55504C4F4144D4
:10C338003A20000053484F52545F55504C4F4144E7
:10C348003A20696E76616C69642064617461206466
:10C35800657465637465640A000000005345545FA2
:10C368004441515F5054523A204F445420656E74F2
:10C378007279206E6F7420617661696C61626C6598
:10C3880020284441512025642C204F445420256402
:10C398002C20456E747279202564290A000000005B
:10C3A8005345545F4441515F5054523A20444151DF
:10C3B800206C697374202564206973206375727218
:10C3C800656E746C79206163746976650A00000093
:10C3D8005345545F4441515F5054523A207570643C
:10C3E8006174696E672063757272656E74204F445C
:10C3F8005420656E74727920706F696E746572204E
:10C40800746F204441512025642C204F445420252A
:10C41800642C20456E7472792025640A000000009F
:10C4280057524954455F4441513A206375727265C9
:10C438006E74204F445420656E747279206E6F7448
:10C4480020617661696C61626C6520666F72207725
:10C4580072697465206F7065726174696F6E73209C
:10C46800284441512025642C204F44542025642C15
:10C4780020456E747279202564290A005843505F5C
:10C4880057524954455F4441513A20444151206C28
:10C498006973742025642069732063757272656EF0
:10C4A800746C79206163746976650A005843505F3B
:10C4B80057524954455F4441513A20696E76616C40
:10C4C800696420444151202564204F445420256448
:10C4D80020456E7472792025642076616C75653A02
:10C4E800206269744F6666736574203D202578481C
:10C4F8002073697A65203D20256420616464726533
:10C508007373457874656E73696F6E203D2025647A
:10C51800482061646472657373203D202578480A59
:10C52800000000005843505F57524954455F44414A
:10C53800513A2077726974696E6720444151202509
:10C5480064204F445420256420456E747279202558
:10C55800643A206269744F6666736574203D2025CD
:10C5680078482073697A65203D20256420616464D9
:10C5780072657373457874656E73696F6E203D20BC
:10C588002564482061646472657373203D202578B2
:10C59800480A00005345545F4441515F4C49535485
:10C5A8005F4D4F44453A20444151206C69737420D3
:10C5B8002564206E6F7420617661696C61626C65B8
:10C5C8000A0000005345545F4441515F4C4953549D
:10C5D8005F4D4F44453A20444151206C69737420A3
:10C5E80025642069732063757272656E746C792096
:10C5F8006163746976650A005345545F4441515F2D
:10C608004C4953545F4D4F44453A20696E76616CEE
:10C618006964206576656E74206368616E6E656C0A
:10C628002049642025640A005345545F4441515F02
:10C638004C4953545F4D4F44453A207072696F72AC
:10C64800697479206E6F7420737570706F72746579
:10C65800642C206D757374206265207A65726F0A88
:10C66800000000005345545F4441515F4C49535406
:10C678005F4D4F44453A20444151206C6973742002
:10C688006D6F6465206E6F7420737570706F72744F
:10C698006564202578480A005345545F4441515F3A
:10C6A8004C4953545F4D4F44453A2073657474693F
:10C6B8006E6720444151206C6973742025643A20C8
:10C6C8006D6F6465203D202578482C206576656E61
:10C6D800744964203D2025642C2070726573636161
:10C6E8006C6572203D2025642C207072696F726918
:10C6F8007479203D2025640A0000000053544152FB
:10C70800545F53544F505F4441515F4C4953543A1E
:10C7180020444151206C697374202564206E6F7425
:10C7280020617661696C61626C650A0053544152FC
:10C73800545F53544F505F4441515F4C4953543AEE
:10C7480020696E76616C6964206D6F64652025646C
:10C758002073656C6563746564200A005354415204
:10C76800545F53544F505F4441515F4C4953543ABE
:10C778002063616E6E6F742061737369676E2050F9
:10C7880049447320666F7220444151206C69737468
:10C79800202564200A00000053544152545F53542A
:10C7A8004F505F4441515F4C4953543A20696E20C1
:10C7B800444151206C697374202564207468652095
:10C7C8004F445420656E74726965732073697A6585
:10C7D800206973206C6172676572207468616E20CD
:10C7E8004D61782044544F2073697A6520666F72D2
:10C7F800204F4454202564200A000000535441521D
:10C80800545F53544F505F4441515F4C4953543A1D
:10C818002073746F7070696E6720444151206C6991
:10C8280073742025640A000053544152545F5354D2
:10C838004F505F4441515F4C4953543A20737461DF
:10C848007274696E6720444151206C6973742025A5
:10C85800640A000053544152545F53544F505F448C
:10C8680041515F4C4953543A2073656C6563746554
:10C878006420444151206C6973742025640A0000C7
:10C8880053544152545F53544F505F4441515F4C8D
:10C898004953543A2063616E6E6F7420616C6C6FFB
:10C8A80063617465207265736572766564206D6571
:10C8B8006D6F727920706F6F6C20666F722074686C
:10C8C8006520444151206C6973740A0053544152E5
:10C8D800545F53544F505F4441515F4C4953543A4D
:10C8E8002063616E6E6F7420626520636172726985
:10C8F8006564206F757420617320616E20657665AC
:10C908006E74207761732070726F636573736564EA
:10C918000A00000053544152545F53544F505F5320
:10C92800594E43483A20696E76616C6964206D6F90
:10C9380064652025642073656C6563746564200AEA
:10C948000000000053544152545F53544F505F53FA
:10C95800594E43483A20444151206C6973747320FE
:10C968006E6F7420617661696C61626C650A0000A3
:10C9780053544152545F53544F505F53594E434898
:10C988003A2073746F7070696E6720444151206C4F
:10C998006973742025640A0053544152545F5354F8
:10C9A8004F505F53594E43483A207374617274690B
:10C9B8006E6720444151206C6973742025640A0015
:10C9C80053544152545F53544F505F53594E434848
:10C9D8003A2063616E6E6F7420616C6C6F63617472
:10C9E80065207265736572766564206D656D6F721A
:10C9F8007920706F6F6C20666F72207468652044B0
:10CA08004151206C6973742025640A0053544152C3
:10CA1800545F53544F505F53594E43483A20636113
:10CA28006E6E6F742062652063617272696564203E
:10CA38006F757420617320616E206576656E742051
:10CA48007761732070726F6365737365640A0000A1
:10CA5800474554204441512050524F434553534F6A
:10CA68005220494E464F0A002A2044415120507214
:10CA78006F706572746965733A20202020257848A4
:10CA88000A0000002A204D41585F4441513A2020B5
:10CA980020202020202020202025640A00000000DB
:10CAA8002A204D41585F4556454E545F4348414EF4
:10CAB8004E454C3A2025640A000000002A204D49C2
:10CAC8004E5F4441513A2020202020202020202061
:10CAD8002025640A000000002A20446171204B656B
:10CAE8007920427974653A20202020202025784832
:10CAF8000A00000047455420444151205245534FF5
:10CB08004C5554494F4E20494E464F0A00000000EC
:10CB18002A20444151204F445420456E7472792094
:10CB280073697A65206772616E756C617269747970
:10CB38003A20202025640A002A204D6178204441AB
:10CB480051204F445420456E7472792073697A6578
:10CB58003A202020202020202020202025640A00A0
:10CB68002A205354494D204F445420456E747279FD
:10CB78002073697A65206772616E756C6172697479
:10CB8800793A202025640A002A204D6178205354E0
:10CB9800494D204F445420456E7472792073697A48
:10CBA800653A2020202020202020202025640A000B
:10CBB8002A2054696D657374616D70204D6F6465CA
:10CBC800203D202020202020202020202020202040
:10CBD800202020202578480A000000002A205469D7
:10CBE8006D657374616D70205469636B73203D20AB
:10CBF800202020202020202020202020202020202D
:10CC080025640A00465245455F4441513A20636C09
:10CC1800656172696E67206578697374696E6720EB
:10CC280064796E616D696320444151206C69737445
:10CC3800730A0000465245455F4441513A206361FA
:10CC48006E6E6F742062652063617272696564201C
:10CC58006F757420617320616E206576656E74202F
:10CC68007761732070726F6365737365640A00007F
:10CC7800414C4C4F435F4441513A2073657175658F
:10CC88006E6365206572726F722064657465637483
:10CC980065642C20444151206C6973747320616C65
:10CCA800726561647920616C6C6F63617465640A94
:10CCB80000000000414C4C4F435F4441513A206909
:10CCC8006E76616C6964206E756D626572206F6640
:10CCD80020444151206C6973747320282564290A03
:10CCE80000000000414C4C4F435F4441513A2061E1
:10CCF8006C6C6F636174696E6720256420444151D0
:10CD0800206C697374732028256C752042290A00E9
:10CD1800414C4C4F435F4441513A206E6F7420653B
:10CD28006E6F756768206D656D6F727920746F20FE
:10CD3800616C6C6F636174652025642044415120E7
:10CD48006C697374730A0000414C4C4F435F4F4445
:10CD5800543A2073657175656E6365206572726FEC
:10CD6800722064657465637465642C2044415120A5
:10CD78006C69737473206E6F7420616C6C6F63617F
:10CD88007465640A00000000414C4C4F435F4F44F7
:10CD9800543A20444151206C6973742069642025F9
:10CDA80064206973206F7574206F662072616E67E6
:10CDB800650A0000414C4C4F435F4F44543A206988
:10CDC8006E76616C6964206E756D626572206F663F
:10CDD800204F4454202825642920666F722044413E
:10CDE80051206C6973742069642025640A0000006E
:10CDF800414C4C4F435F4F44543A207365717565FD
:10CE08006E6365206572726F722064657465637401
:10CE180065642C204F445420616C726561647920EC
:10CE2800616C6C6F63617465640A0000414C4C4F1F
:10CE3800435F4F44543A20616C6C6F636174696E50
:10CE480067202564204F44547320696E2044415163
:10CE5800206C6973742025642028256C752042296C
:10CE68000A000000414C4C4F435F4F44543A206E37
:10CE78006F7420656E6F756768206D656D6F727968
:10CE880020746F20616C6C6F636174652025642069
:10CE98004F445420696E20444151206C69737420BA
:10CEA80025640A00414C4C4F435F4F44545F454E44
:10CEB8005452593A2073657175656E6365206572C1
:10CEC800726F722064657465637465642C204441D4
:10CED80051206C69737473206E6F7420616C6C6F71
:10CEE80063617465640A0000414C4C4F435F4F44D2
:10CEF800545F454E5452593A20444151206C69734D
:10CF080074206964202564206973206F7574206F0C
:10CF1800662072616E67650A00000000414C4C4F44
:10CF2800435F4F44545F454E5452593A20736571DC
:10CF380075656E6365206572726F722064657465CD
:10CF4800637465642C204F445473206E6F742061A1
:10CF58006C6C6F63617465640A000000414C4C4F4F
:10CF6800435F4F44545F454E5452593A204F4454FE
:10CF7800206964202564206973206F7574206F66AA
:10CF88002072616E67650A00414C4C4F435F4F4405
:10CF9800545F454E5452593A2073657175656E63F6
:10CFA80065206572726F7220646574656374656468
:10CFB8002C204F445420456E747269657320616C4F
:10CFC800726561647920616C6C6F63617465640A71
:10CFD80000000000414C4C4F435F4F44545F454EA6
:10CFE8005452593A20696E76616C6964206E756D89
:10CFF800626572206F66204F445420656E747269B2
:10D008006573202825642920666F72204F445420B8
:10D01800256420696E20444151206C697374202571
:10D02800640A0000414C4C4F435F4F44545F454EE7
:10D038005452593A20616C6C6F636174696E672051
:10D048002564204F445420456E74726965732069C5
:10D058006E20444151206C697374202564204F442C
:10D06800542025642028256C752042290A000000D8
:10D07800414C4C4F435F4F44545F454E5452593ACC
:10D08800206E6F7420656E6F756768206D656D6FB3
:10D09800727920746F20616C6C6F636174652025F0
:10D0A80064204F445420696E20444151206C6973B8
:10D0B80074202564204F44542025640A0000000091
:10D0C8005345545F4441515F5041434B45445F4D84
:10D0D8004F44453A2073657175656E6365206572C6
:10D0E800726F722064657465637465642C204441B2
:10D0F80051206C69737473206E6F7420616C6C6F4F
:10D1080063617465640A00005345545F4441515F8C
:10D118005041434B45445F4D4F44453A20444151AB
:10D12800206C697374206964202564206973206FFA
:10D138007574206F662072616E67650A00000000D2
:10D148005345545F4441515F5041434B45445F4D03
:10D158004F44453A207061636B6564206D6F646568
:10D16800206973206E6F7420737570706F727465A8
:10D178006420666F7220444151206C697374206981
:10D18800642025642C2077697468206E6F2072658E
:10D19800736572766564206D656D6F727920706F46
:10D1A8006F6C0A005345545F4441515F5041434BF3
:10D1B80045445F4D4F44453A2044415120506163F6
:10D1C8006B6564206D6F6465202564206973206E2B
:10D1D8006F7420737570706F727465640A00000054
:10D1E8005345545F4441515F5041434B45445F4D63
:10D1F8004F44453A20444151205061636B65642097
:10D2080074696D657374616D70206D6F6465202538
:10D2180064206973206E6F7420737570706F7274F8
:10D2280065640A005345545F4441515F5041434B84
:10D2380045445F4D4F44453A204441512050616375
:10D248006B65642073616D706C6520636F756E74B7
:10D25800202564206973206E6F7420737570706F59
:10D26800727465642E0A00005345545F4441515F4F
:10D278005041434B45445F4D4F44453A20706163EC
:10D288006B6564206D6F646520636F6E6669677592
:10D29800726174696F6E2063616E6E6F742062656F
:10D2A800206368616E67656420696620746865201C
:10D2B8004441512069732072756E6E696E672E0A3B
:10D2C800000000005345545F4441515F5041434BB7
:10D2D80045445F4D4F44453A2073657474696E67E1
:10D2E800207061636B6564206D6F64652025642020
:10D2F80074696D657374616D70206D6F6465202548
:10D30800642073616D706C6520636F756E74202581
:10D31800640A0000444151204C4556454C31204395
:10D328004F4D4D414E443A20636F6D6D616E6420E0
:10D33800636F6465202564206973206E6F742073A1
:10D348007570706F727465640A00000078637050BD
:10D35800726F636573734461713A20696E76616CAC
:10D36800696420646171496E6465780077726974D4
:10D37800696E672061742061646472657373202527
:10D38800700A0000444F574E4C4F41443A20696E92
:10D3980076616C6964206E756D626572206F6620B7
:10D3A8006461746120656C656D656E7473202825F1
:10D3B80064290A00444F574E4C4F41443A20696E45
:10D3C80076616C696420616464726573730A000035
:10D3D800444F574E4C4F41443A20000053484F5257
:10D3E800545F444F574E4C4F41443A20696E766122
:10D3F8006C6964206E756D626572206F6620646169
:10D40800746120656C656D656E74732028256429C8
:10D418000A00000053484F52545F444F574E4C4F38
:10D4280041443A20696E76616C6964206164647273
:10D438006573730A0000000053484F52545F444F0D
:10D44800574E4C4F41443A20000000007863705416
:10D4580072616E73706F7274496E69743A20747277
:10D46800616E73706F7274206C6179657220616C83
:10D47800726561647920696E697469616C697A653D
:10D48800640A00007863705472616E73706F72740E
:10D49800496E69743A206572726F72202825642972
:10D4A80020646574656374656420647572696E6769
:10D4B800206D656D6F727920616C6C6F6361746F3C
:10D4C8007220696E697469616C697A6174696F6EDA
:10D4D8000A0000007863705472616E73706F727422
:10D4E800496E69743A206572726F72202825642922
:10D4F80020646574656374656420647572696E6719
:10D5080020616C6C6F636174696F6E206F66207246
:10D5180065736572766564206D656D6F72792070CC
:10D528006F6F6C0A000000007863705472616E734C
:10D53800706F7274496E69743A206572726F7220E6
:10D54800282564292064657465637465642064759E
:10D5580072696E67206672616D652068616E646CC1
:10D56800657220696E697469616C697A6174696F42
:10D578006E0A00007863705472616E73706F727413
:10D5880054785061636B65745365743A20696E769C
:10D59800616C6964207175657565547970650A00F8
:10D5A8007863705472616E73706F727454785061DE
:10D5B800636B65745365743A20696E76616C69644F
:10D5C800206D73674275666665720A0078637054E9
:10D5D80072616E73706F727454785061636B6574A6
:10D5E8005365743A20696E76616C69642070616372
:10D5F8006B6574206F66667365740A00786370548F
:10D6080072616E73706F727454785061636B657475
:10D618005365743A20696E76616C69642070616341
:10D628006B65742073697A650A000000786370542A
:10D6380072616E73706F727454785061636B657445
:10D648005365743A20696E76616C6964206D7367FE
:10D6580042756666657253697A650A007863705424
:10D6680072616E73706F727454785061636B657415
:10D678005365743A207472616E73706F7274206CA3
:10D6880061796572206E6F7420696E697469616C66
:10D69800697A65640A0000007863705472616E7379
:10D6A800706F727454785061636B65745365743A23
:10D6B800207863704672616D654372656174654D6B
:10D6C8007367206661696C7572652064657465634B
:10D6D80074656420282564290A0000007863705462
:10D6E80072616E73706F727454783A207472616EDE
:10D6F80073706F7274206C61796572206E6F74201C
:10D70800696E697469616C697A65640A0000000071
:10D718007863705472616E73706F727452783A20C5
:10D728007472616E73706F7274206C6179657220A7
:10D738006E6F7420696E697469616C697A65640AD0
:10D74800000000007863705472616E73706F7274B9
:10D7580052785061636B65744765743A20696E76D8
:10D76800616C6964207175657565547970650A0026
:10D778007863705472616E73706F7274527850610E
:10D78800636B65744765743A20696E76616C696489
:10D79800206D736742756666657220706F696E7476
:10D7A80065720A007863705472616E73706F727478
:10D7B80052785061636B65744765743A20696E7678
:10D7C800616C6964206D736742756666657253693A
:10D7D8007A6520706F696E7465720A007863705498
:10D7E80072616E73706F727452785061636B657496
:10D7F8004765743A20696E76616C69642078637055
:10D80800506B744F666673657420706F696E7465CB
:10D81800720A00007863705472616E73706F72746C
:10D8280052785061636B65744765743A20696E7607
:10D83800616C696420786370506B7453697A6520F1
:10D84800706F696E7465720A000000007863705426
:10D8580072616E73706F727452785061636B657425
:10D868004765743A207472616E73706F7274206CBD
:10D8780061796572206E6F7420696E697469616C74
:10D88800697A65640A0000007863705472616E7387
:10D89800706F72744D736753697A653A20696E7652
:10D8A800616C6964207863705061636B6574536957
:10D8B8007A650A007863705472616E73706F72745F
:10D8C800526573746172743A206572726F7220289F
:10D8D80025642920646574656374656420647572C1
:10D8E800696E67206672616D652068616E646C653B
:10D8F8007220726573746172740A000078637054E0
:10D9080072616E73706F727452657365743A2074C5
:10D9180072616E73706F7274206C617965722061C8
:10D928006C72656164792072657365740A00000021
:10D938007863705472616E73706F72745265736538
:10D94800743A206572726F722028256429206465F4
:10D9580074656374656420647572696E67206672A5
:10D96800616D652068616E646C65722072657365AF
:10D97800740A00007863705472616E73706F727409
:10D9880052657365743A206572726F722028256437
:10D998002920646574656374656420647572696EB2
:10D9A80067206D656D6F727920616C6C6F6361744F
:10D9B8006F722072657365740A0000007863704D99
:10D9C800656D467265653A20696E76616C6964209A
:10D9D8006F7220646F75626C652D66726565642070
:10D9E800706F696E7465722025700A007863704DD7
:10D9F800656D5265736572766564506F6F6C4372BE
:10DA0800656174653A20696E76616C696420696E37
:10DA180070757420706172616D657465720A0000BA
:10DA28007863704D656D5265736572766564506F85
:10DA38006F6C44657374726F793A20696E76616CA5
:10DA4800696420696E70757420706172616D6574A7
:10DA580065720A007863704D656D437573746F6DF8
:10DA6800506F6F6C4372656174653A20696E7661B8
:10DA78006C696420696E70757420706172616D657F
:10DA88007465720A000000007863704D656D437517
:10DA980073746F6D506F6F6C44657374726F793AFD
:10DAA80020696E76616C696420706F6F6C49640AD6
:10DAB800000000007863704472764F70656E3A20FB
:10DAC8005843502064726976657220616C72656192
:10DAD800647920696E697469616C697A65640A00A1
:10DAE8007863704472764F70656E3A20756E616225
:10DAF8006C6520746F206F70656E20636F6D6D7537
:10DB08006E69636174696F6E206368616E6E656CBF
:10DB18000A000000786370447276496F63746C3A47
:10DB280020696E76616C696420636F6D6D616E64E7
:10DB38000A00000078637044727653656E643A2078
:10DB4800696E76616C6964207372632062756666BB
:10DB580065720A0078637044727653656E643A2081
:10DB6800696E76616C69642073697A650A000000E1
:10DB780078637044727653656E643A205843502037
:10DB8800647269766572206E6F7420696E69746953
:10DB9800616C697A65640A007863704472765265CC
:10DBA80063763A20696E76616C69642073726320CB
:10DBB8006275666665720A007863704472765265AB
:10DBC80063763A20696E76616C69642073697A6558
:10DBD8000A000000786370447276526563763A20D2
:10DBE80058435020647269766572206E6F7420699C
:10DBF8006E697469616C697A65640A007863704457
:10DC0800727652656376556E6B6E6F776E53697A6E
:10DC1800653A20696E76616C696420647374206269
:10DC280075666665720A000078637044727652659C
:10DC38006376556E6B6E6F776E53697A653A2069B5
:10DC48006E76616C69642073697A6520706F696E9D
:10DC58007465720A00000000786370447276526539
:10DC68006376556E6B6E6F776E53697A653A206985
:10DC78006E76616C6964206D617853697A650A0013
:10DC880078637044727652656376556E6B6E6F7703
:10DC98006E53697A653A20584350206472697665F4
:10DCA80072206E6F7420696E697469616C697A6537
:10DCB800640A0000786370447276436C6F73653A47
:10DCC800205843502064726976657220616C7265D1
:10DCD80061647920636C6F7365640A0078637046C9
:10DCE80072616D65496E69743A206672616D65206E
:10DCF80068616E646C657220616C7265616479201C
:10DD0800696E697469616C697A65640A000000006B
:10DD18007863704672616D654D736753656E643ADA
:10DD280020696E76616C6964206D736742756666FA
:10DD380065720A007863704672616D654D7367534A
:10DD4800656E643A20696E76616C6964206D7367EC
:10DD580053697A650A0000007863704672616D65E0
:10DD68004D736753656E643A206672616D6520680D
:10DD7800616E646C6572206E6F7420696E69746977
:10DD8800616C697A65640A007863704672616D65D2
:10DD98004D736753656E643A20696E76616C696489
:10DDA800206D65737361676520666F726D6174209D
:10DDB80064657465637465640A000000786370467E
:10DDC80072616D654D7367526563763A20696E7648
:10DDD800616C6964206D7367427566666572207050
:10DDE8006F696E7465720A007863704672616D655A
:10DDF8004D7367526563763A20696E76616C696423
:10DE0800206D736753697A6520706F696E746572E7
:10DE18000A0000007863704672616D654D73675241
:10DE28006563763A206672616D652068616E646C20
:10DE38006572206E6F7420696E697469616C697AA5
:10DE480065640A007863704672616D654D73675248
:10DE58006563763A20696E76616C6964206D6573D6
:10DE68007361676520666F726D617420646574659F
:10DE7800637465640A0000007863704672616D65BA
:10DE88004D7367526563763A207265636569766596
:10DE98006420584350206865616465722C2062755F
:10DEA8007420584350207061636B65742069732037
:10DEB8006E6F7420617661696C61626C65206F7247
:10DEC800207061636B65742073697A6520697320BB
:10DED800696E636F72726563740A000078637046D6
:10DEE80072616D654D7367526563763A207265633A
:10DEF8006569766564205843502068656164657279
:10DF080020616E6420584350207061636B65742CE7
:10DF18002062757420584350207461696C206973BD
:10DF2800206E6F7420617661696C61626C65206F28
:10DF380072207061636B65742073697A65206973F8
:10DF480020696E636F72726563740A007863704645
:10DF580072616D654372656174654D73673A2069D6
:10DF68006E76616C6964206D73674672616D6520B9
:10DF78006275666665720A007863704672616D65DF
:10DF88004372656174654D73673A20696E76616C9A
:10DF98006964206D73674672616D6553697A65209F
:10DFA800706F696E7465720A0000000078637046CD
:10DFB80072616D654372656174654D73673A206976
:10DFC8006E76616C6964207863705061636B657408
:10DFD80053697A650A0000007863704672616D655E
:10DFE8004372656174654D73673A20696E76616C3A
:10DFF8006964206D73674672616D65427566666512
:10E008007253697A650A00007863704672616D65BB
:10E01800457874726163745061636B65743A206902
:10E028006E76616C6964206D73674672616D650A0E
:10E03800000000007863704672616D6545787472FF
:10E048006163745061636B65743A20696E76616CC4
:10E058006964207863705061636B657453697A658D
:10E0680020706F696E7465720A00000078637046EC
:10E0780072616D65457874726163745061636B6534
:10E08800743A20696E76616C6964206D73674672B4
:10E09800616D6553697A650A00000000786370460F
:10E0A80072616D65457874726163745061636B6504
:10E0B800743A206672616D652068616E646C657281
:10E0C800206E6F7420696E697469616C697A656421
:10E0D8000A0000007863704672616D654578747255
:10E0E8006163745061636B65743A20586370207083
:10E0F80061636B65742068617320616E20696E7658
:10E10800616C69642073697A650A000078637046F7
:10E1180072616D65457874726163745061636B6593
:10E12800743A20696E76616C696420636865636B14
:10E1380073756D0A000000007863704672616D6542
:10E1480052657365743A206672616D652068616E08
:10E15800646C657220616C726561647920726573A4
:10E1680065740A007863704672616D6552657365FF
:10E17800743A20786370447276436C6F73652065D7
:10E1880072726F720A000000102840587088A0B898
:10E19800F80A0020010000000A000000FF0000004B
:10E1A800153F0008B93F0008FE0000008D40000838
:10E1B800413A0008FD000000E1400008094100085C
:10E1C800FC00000089410008413A0008F600000000
:10E1D800CD410008413A0008F5000000454200081A
:10E1E800DD420008F4000000794300081D440008DF
:10E1F800DE0000008D4E000881520008DD0000009E
:10E20800DD520008413A0008DA000000055600080F
:10E218002D560008D9000000D956000801570008FB
:10E22800E2000000514A0008413A0008E1000000FD
:10E238002D4B0008413A0008E0000000C54C0008DA
:10E24800413A0008D6000000B9570008413A0008D2
:10E25800D500000015580008413A0008D400000015
:10E26800A1590008413A0008D3000000615B00088A
:10E27800413A0008DC000000D15D0008413A00087E
:10E28800C000000011600008413A0008F0000000DA
:10E29800016B0008413A0008ED000000B16B00086E
:10E2A800413A0008102840587088A0B800000000C3
:10E2B800000000000102030406070809000000002E
:10E2C800010203040000000000000000000000003C
:08E2D8000000000000000080BE
:08E2E000F427FF7F010000009C
:08E2E80025B80008710C0008C4
:04E2F000490C0008CD
:10E2F40000000000000000C0E8030000010000006E
:10E30400FFFFFFFFFFFFFFFFFFFF00000000000013
:10E3140000000000FFFFFFFF60000000A8000000F5
:10E3240018000000010000000300000003000000CA
:10E33400FFFFFFFFFFFFFFFF0044004000600240BB
:10E3440000600240000000000506000000033000E9
:10E3540000000000000000000000000000040000B5
:10E3640000040000000000000000000000000000A5
:10E374000000000000000000100000000100000088
:10E384000024F4009800002000000000CC120020BB
:10E39400341300209C130020000000000000000043
:10E3A4000000000000000000000000000000000069
:10E3B4000000000000000000000000000000000059
:10E3C4000000000000000000000000000000000049
:10E3D4000000000000000000000000000000000039
:10E3E4000000000000000000000000000000000029
:10E3F4000000000000000000000000000000000019
:10E404000000000000000000000000000000000008
:10E4140000000000000000000000000000000000F8
:10E4240001000000000000000E33CDAB34126DE695
:10E43400ECDE05000B0000000000000000000000FE
:10E4440000000000000000000000000000000000C8
:10E4540000000000000000000000000000000000B8
:10E4640000000000000000000000000000000000A8
:10E474000000000000000000000000000000000098
:10E484000000000000000000000000000000000088
:10E494000000000000000000000000000000000078
:0CE4A40000000000000000000414002034
:040000050800B095AA
:00000001FF
