:020000040800F2
:100000000000022059D3000879B4000881B4000828
:1000100089B4000891B4000899B4000800000000F9
:10002000000000000000000000000000A18B00089C
:10003000A1B40008000000005D8B00088D8A000854
:10004000A9D30008A9D30008A9D30008A9D30008A0
:10005000A9D30008A9D30008A9D30008A9D3000890
:10006000A9D30008A9D30008A9D30008A9D3000880
:10007000A9D30008A9D30008A9D30008A9D3000870
:10008000519C0008319C0008A9D30008A9D300089E
:10009000A9D30008A9D30008A9D30008A9D3000850
:1000A000A9D30008B1B40008A9D30008A9D3000857
:1000B000A9D30008A9D30008A9D30008A9D3000830
:1000C000A9D30008A9D30008A9D30008A9D3000820
:1000D000A9D30008A9D300081D9C0008A9D30008D3
:1000E000A9D30008A9D30008A9D30008A9D3000800
:1000F000A9D30008A9D30008A9D30008A9D30008F0
:10010000A9D30008A9D30008A9D30008A9D30008DF
:10011000A9D30008A9D30008A9D30008A9D30008CF
:10012000A9D30008A9D30008A9D30008A9D30008BF
:10013000A9D300080000000000000000A9D30008B7
:10014000A9D30008A9D30008A9D30008A9D300089F
:10015000A9D30008A9D30008A9D30008A9D300088F
:10016000A9D30008A9D30008A9D30008A9D300087F
:10017000A9D30008A9D30008000000000000000077
:08018000A9D30008A9D300086F
:1001880081F0004102E000BF83F0004330B54FEA40
:1001980041044FEA430594EA050F08BF90EA020FAD
:1001A8001FBF54EA000C55EA020C7FEA645C7FEA40
:1001B800655C00F0E2804FEA5454D4EB5555B8BF63
:1001C8006D420CDD2C4480EA020281EA030382EAD4
:1001D800000083EA010180EA020281EA0303362D66
:1001E80088BF30BD11F0004F4FEA01314FF4801C39
:1001F8004CEA113102D0404261EB410113F0004F4B
:100208004FEA03334CEA133302D0524263EB430301
:1002180094EA050F00F0A780A4F10104D5F1200E9F
:100228000DDB02FA0EFC22FA05F2801841F10001FA
:1002380003FA0EF2801843FA05F359410EE0A5F1CE
:1002480020050EF1200E012A03FA0EFC28BF4CF0FF
:10025800020C43FA05F3C01851EBE37101F00045B5
:1002680007D54FF0000EDCF1000C7EEB00006EEBC2
:100278000101B1F5801F1BD3B1F5001F0CD349084C
:100288005FEA30004FEA3C0C04F101044FEA4452A3
:1002980012F5800F80F09A80BCF1004F08BF5FEA2A
:1002A800500C50F1000041EB045141EA050130BD0A
:1002B8005FEA4C0C404141EB0101013C28BFB1F51C
:1002C800801FE9D291F0000F04BF01460020B1FA67
:1002D80081F308BF2033A3F10B03B3F120020CDA3A
:1002E8000C3208DD02F1140CC2F10C0201FA0CF018
:1002F80021FA02F10CE002F11402D8BFC2F1200C7D
:1003080001FA02F120FA0CFCDCBF41EA0C01904032
:10031800E41AA2BF01EB0451294330BD6FEA04047B
:100328001F3C1CDA0C340EDC04F11404C4F1200266
:1003380020FA04F001FA02F340EA030021FA04F378
:1003480045EA030130BDC4F10C04C4F1200220FACF
:1003580002F001FA04F340EA0300294630BD21FA0D
:1003680004F0294630BD94F0000F83F4801306BFD3
:1003780081F480110134013D4EE77FEA645C18BFC7
:100388007FEA655C29D094EA050F08BF90EA020F5E
:1003980005D054EA000C04BF1946104630BD91EA56
:1003A800030F1EBF0021002030BD5FEA545C05D159
:1003B8004000494128BF41F0004130BD14F5800498
:1003C8003CBF01F5801130BD01F0004545F0FE410C
:1003D80041F470014FF0000030BD7FEA645C1ABF41
:1003E800194610467FEA655C1CBF0B46024650EA78
:1003F800013406BF52EA033591EA030F41F40021A4
:1004080030BD00BF90F0000F04BF0021704730B529
:100418004FF4806404F132044FF000054FF00001FE
:1004280050E700BF90F0000F04BF0021704730B5BF
:100438004FF4806404F1320410F0004548BF404294
:100448004FF000013EE700BF42004FEAE2014FEAE9
:1004580031014FEA02701FBF12F07F4393F07F4FC4
:1004680081F06051704732F07F4208BF704793F0C7
:100478007F4F04BF41F40021704730B54FF46074DA
:1004880001F0004521F000411CE700BF50EA0102DD
:1004980008BF704730B54FF000050AE050EA010286
:1004A80008BF704730B511F0004502D5404261EBF6
:1004B80041014FF4806404F132045FEA915C3FF437
:1004C800D8AE4FF003025FEADC0C18BF03325FEAD4
:1004D800DC0C18BF033202EBDC02C2F1200300FA85
:1004E80003FC20FA02F001FA03FE40EA0E0021FAAA
:1004F80002F11444BDE600BF70B54FF0FF0C4CF498
:10050800E06C1CEA11541DBF1CEA135594EA0C0F49
:1005180095EA0C0F00F0DEF82C4481EA030621EA84
:100528004C5123EA4C5350EA013518BF52EA0335BF
:1005380041F4801143F4801338D0A0FB02CE4FF071
:100548000005E1FB02E506F00042E0FB03E54FF0A1
:100558000006E1FB03569CF0000F18BF4EF0010E99
:10056800A4F1FF04B6F5007F64F5407404D25FEA95
:100578004E0E6D4146EB060642EAC62141EA555148
:100588004FEAC52040EA5E504FEACE2EB4F1FD0C8A
:1005980088BFBCF5E06F1ED8BEF1004F08BF5FEA08
:1005A800500E50F1000041EB045170BD06F00046BA
:1005B80046EA010140EA020081EA0301B4EB5C0467
:1005C800C2BFD4EB0C0541EA045170BD41F480115F
:1005D8004FF0000E013C00F3AB8014F1360FDEBF84
:1005E800002001F0004170BDC4F10004203C35DA60
:1005F8000C341BDC04F11404C4F1200500FA05F3E3
:1006080020FA04F001FA05F240EA020001F0004283
:1006180021F0004110EBD37021FA04F642EB0601F9
:100628005EEA430E08BF20EAD37070BDC4F10C0423
:10063800C4F1200500FA04F320FA05F001FA04F2E7
:1006480040EA020001F0004110EBD37041F10001D3
:100658005EEA430E08BF20EAD37070BDC4F12005DE
:1006680000FA05F24EEA020E20FA04F301FA05F246
:1006780043EA020321FA04F001F0004121FA04F2EE
:1006880020EA020000EBD3705EEA430E08BF20EABE
:10069800D37070BD94F0000F0FD101F000464000F8
:1006A80041EB010111F4801F08BF013CF7D041EA7A
:1006B800060195F0000F18BF704703F0004652007E
:1006C80043EB030313F4801F08BF013DF7D043EA4F
:1006D8000603704794EA0C0F0CEA135518BF95EA05
:1006E8000C0F0CD050EA410618BF52EA4306D1D18C
:1006F80081EA030101F000414FF0000070BD50EAAB
:10070800410606BF1046194652EA430619D094EA34
:100718000C0F02D150EA013613D195EA0C0F05D11E
:1007280052EA03361CBF104619460AD181EA030172
:1007380001F0004141F0FE4141F470014FF000002A
:1007480070BD41F0FE4141F4780170BD70B54FF0C5
:10075800FF0C4CF4E06C1CEA11541DBF1CEA135545
:1007680094EA0C0F95EA0C0F00F0A7F8A4EB050427
:1007780081EA030E52EA03354FEA013100F088801E
:100788004FEA03334FF0805545EA131343EA1263E7
:100798004FEA022245EA111545EA10654FEA00269C
:1007A8000EF000419D4208BF964244F1FD0404F555
:1007B800407402D25B084FEA3202B61A65EB0305B1
:1007C8005B084FEA32024FF480104FF4002CB6EB6E
:1007D800020E75EB030E22BFB61A754640EA0C00EE
:1007E8005B084FEA3202B6EB020E75EB030E22BF2E
:1007F800B61A754640EA5C005B084FEA3202B6EB6F
:10080800020E75EB030E22BFB61A754640EA9C002D
:100818005B084FEA3202B6EB020E75EB030E22BFFD
:10082800B61A754640EADC0055EA060E18D04FEABB
:10083800051545EA16754FEA06164FEAC30343EA5B
:1008480052734FEAC2025FEA1C1CC0D111F4801F28
:100858000BD141EA00014FF000004FF0004CB6E721
:1008680011F4801F04BF01430020B4F1FD0C88BFC0
:10087800BCF5E06F3FF6AFAEB5EB030C04BFB6EBCB
:10088800020C5FEA500C50F1000041EB045170BDBE
:100898000EF0004E4EEA113114EB5C04C2BFD4EBEB
:1008A8000C0541EA045170BD41F480114FF0000E6F
:1008B800013C90E645EA060E8DE60CEA135594EAEB
:1008C8000C0F08BF95EA0C0F3FF43BAF94EA0C0FEE
:1008D8000AD150EA01347FF434AF95EA0C0F7FF463
:1008E80025AF104619462CE795EA0C0F06D152EAB7
:1008F80003353FF4FDAE1046194622E750EA41069B
:1009080018BF52EA43067FF4C5AE50EA41047FF4AB
:100918000DAF52EA43057FF4EBAE12E74FF0FF3C10
:1009280006E000BF4FF0010C02E000BF4FF0010CE1
:100938004DF804CD4FEA410C7FEA6C5C4FEA430C5A
:1009480018BF7FEA6C5C1BD001B050EA410C0CBFA9
:1009580052EA430C91EA030F02BF90EA020F00200B
:10096800704710F1000F91EA030F58BF994208BF72
:1009780090422CBFD8176FEAE37040F0010070472F
:100988004FEA410C7FEA6C5C02D150EA013C07D186
:100998004FEA430C7FEA6C5CD6D152EA033CD3D0D1
:1009A8005DF8040B704700BF8446104662468C46CB
:1009B8001946634600E000BF01B5FFF7B7FF0028FE
:1009C80048BF10F1000F01BD4DF808EDFFF7F4FF27
:1009D8000CBF012000205DF808FB00BF4DF808EDB2
:1009E800FFF7EAFF34BF012000205DF808FB00BFD5
:1009F8004DF808EDFFF7E0FF94BF012000205DF8F7
:100A080008FB00BF4DF808EDFFF7CEFF94BF0120AB
:100A180000205DF808FB00BF4DF808EDFFF7C4FFA4
:100A280034BF012000205DF808FB00BF4FEA410CED
:100A38007FEA6C5C02D150EA013C0AD14FEA430CD0
:100A48007FEA6C5C02D152EA033C02D14FF000000D
:100A580070474FF0010070474A0011D212F500129A
:100A680011D20DD56FF47873B3EB62520ED44FEAFE
:100A7800C12343F0004343EA505323FA02F070477E
:100A88004FF00000704750EA013002D14FF0FF30BC
:100A980070474FF00000704753B94AB9002908BFA2
:100AA80000281CBF4FF0FF314FF0FF3000F00CB8AA
:100AB800ADF1080C6DE904CE0CF030FEDDF804E071
:100AC800DDE9022304B07047704700BF844641EA5D
:100AD800000313F003036DD1403A41D351F8043BAE
:100AE80040F8043B51F8043B40F8043B51F8043B00
:100AF80040F8043B51F8043B40F8043B51F8043BF0
:100B080040F8043B51F8043B40F8043B51F8043BDF
:100B180040F8043B51F8043B40F8043B51F8043BCF
:100B280040F8043B51F8043B40F8043B51F8043BBF
:100B380040F8043B51F8043B40F8043B51F8043BAF
:100B480040F8043B51F8043B40F8043B51F8043B9F
:100B580040F8043B51F8043B40F8043B403ABDD20E
:100B6800303211D351F8043B40F8043B51F8043BB0
:100B780040F8043B51F8043B40F8043B51F8043B6F
:100B880040F8043B103AEDD20C3205D351F8043B3F
:100B980040F8043B043AF9D2043208D0D2071CBF0B
:100BA80011F8013B00F8013B01D30B880380604634
:100BB800704700BF082A13D38B078DD010F00303AA
:100BC8008AD0C3F10403D21ADB071CBF11F8013B1A
:100BD80000F8013B80D331F8023B20F8023B7BE769
:100BE800043AD9D3013A11F8013B00F8013BF9D294
:100BF8000B7803704B7843708B788370604670472E
:100C08000348044B834202D0034B03B11847704793
:100C1800BC010020BC010020000000000548064B74
:100C28001B1AD90F01EBA301491002D0034B03B1E2
:100C380018477047BC010020BC01002000000000DC
:100C480010B5064C237843B9FFF7DAFF044B13B10C
:100C58000448AFF300800123237010BDC0010020B9
:100C680000000000B0DB000808B5054B1BB10549C2
:100C78000548AFF30080BDE80840FFF7CFBF00BFCD
:100C880000000000C4010020B0DB000880B483B07D
:100C980000AF786039600C4A3B6813441B781A46E9
:100CA8007B6813441B6808493A680A44127811465D
:100CB8007A680A4443F00103136000BF0C37BD464D
:100CC8005DF8047B704700BF5004010880B485B00C
:100CD80000AFF860B9607A600D4ABB6813441B78AE
:100CE8001A46FB6813445B681B0C1B040849BA6866
:100CF8000A4412781146FA680A4411467A6813437E
:100D08004B6000BF1437BD465DF8047B704700BFD9
:100D18005004010880B485B000AFF860B9607A600B
:100D28003B60BB69402B14D1174ABB6813441B783E
:100D38001A46FB6813441A467B68D360124ABB689C
:100D480013441B781A46FB6813441A463B689360A1
:100D580013E00D4ABB6813441B781A46FB6813441A
:100D68001A467B689360084ABB6813441B781A4686
:100D7800FB6813441A463B68D36000BF1437BD466E
:100D88005DF8047B704700BF5004010880B483B04D
:100D980000AF786039600C4A3B6813441B781A46E8
:100DA8007B6813441B6808493A680A44127811465C
:100DB8007A680A4443F01003136000BF0C37BD463D
:100DC8005DF8047B704700BF5004010880B483B00D
:100DD80000AF78607B681B6843F040027B681A604C
:100DE80000BF0C37BD465DF8047B704780B483B004
:100DF80000AF78607B681B6823F040027B681A604C
:100E080000BF0C37BD465DF8047B704780B483B0E3
:100E180000AF78607B681B6803F04003402B01D16A
:100E2800012300E0002318460C37BD465DF8047B1B
:100E3800704780B483B000AF78607B681B6803F4A8
:100E4800827318460C37BD465DF8047B704780B442
:100E580083B000AF786039607B681B6823F00102BB
:100E68003B681A437B681A6000BF0C37BD465DF8C3
:100E7800047B704780B483B000AF78607B681B68E0
:100E880003F0010318460C37BD465DF8047B704734
:100E980080B483B000AF786039607B681B6823F04A
:100EA80002023B681A437B681A6000BF0C37BD46D4
:100EB8005DF8047B704780B483B000AF78607B68CE
:100EC8001B6803F0020318460C37BD465DF8047B27
:100ED800704780B483B000AF786039607B681B6866
:100EE80023F444423B681A437B681A6000BF0C37FE
:100EF800BD465DF8047B704780B483B000AF78606E
:100F08007B681B6803F4444318460C37BD465DF8FC
:100F1800047B704780B483B000AF786039607B6829
:100F28001B6823F400623B681A437B681A6000BFA1
:100F38000C37BD465DF8047B704780B483B000AFC2
:100F480078607B681B6803F4006318460C37BD465D
:100F58005DF8047B704780B483B000AF78607B682D
:100F68009B6803F00203022B01D1012300E0002358
:100F780018460C37BD465DF8047B704780B483B0D3
:100F880000AF78607B689B6803F08003802B01D1F9
:100F9800012300E0002318460C37BD465DF8047BAA
:100FA800704780B483B000AF78607B685B6843F0BB
:100FB80040027B685A6000BF0C37BD465DF8047B71
:100FC800704780B483B000AF78607B685B6843F09B
:100FD80001027B685A6000BF0C37BD465DF8047B90
:100FE800704780B483B000AF78607B685B6843F07B
:100FF80002027B685A6000BF0C37BD465DF8047B6F
:10100800704780B483B000AF78607B680C331846B3
:101018000C37BD465DF8047B704780B485B000AFDF
:1010280078600B46FB707B680C33FB60FB68FA78D2
:101038001A7000BF1437BD465DF8047B704780B452
:1010480085B000AF78600B467B807B680C33FB6013
:10105800FB687A881A8000BF1437BD465DF8047BA8
:101068007047000080B584B000AF78603960002315
:10107800FB600023BB607B68002B0BD03B68002B18
:1010880008D07B68BB60BB681B68654A934201D186
:10109800644BFB60FB68002B00F0BC80BB681A68DF
:1010A800FB681A60FB6893F84620BB6893F84630E3
:1010B8001343DAB2FB6883F84620FB6893F84420B0
:1010C800BB6893F844301343DAB2FB6883F84420D2
:1010D800FB6893F84520BB6893F845301343DAB2B0
:1010E800FB6883F84520FB683A68DA61BB6893F8C7
:1010F800463003F00103002B32D0BB689A6AFB68C4
:101108009A62BB681A6AFB681A62FB6800225A6313
:10111800FB6800221A63FB68002283F84020FB6802
:1011280093F8443003F00403002B05D0FB681B68D8
:101138001846FFF736FF13E0FB6893F8443003F0D6
:101148001003002B0CD0BB685A68FB685A60BB6858
:1011580093F85420FB6883F85420F86800F02EFABE
:10116800BB6893F8463003F00203002B28D0BB6815
:10117800DA6AFB68DA62BB685A6AFB685A62FB681B
:1011880000229A63FB680022DA63FB6800229A61F6
:10119800FB68002283F85620FB6893F8453003F07B
:1011A8002003002B0CD0BB689A68FB689A60BB6868
:1011B80093F85520FB6883F85520F86800F03FFA4B
:1011C8003B68FA681A60FB681B681846FFF794FECC
:1011D8000346B3F5004F0ED1FB681B681846FFF7AE
:1011E80028FE0346B3F5827F05D1FB681B681846C5
:1011F800FFF7FCFD04E0FB681B681846FFF7E6FDF7
:10120800BB681B681A46064B9A4202D000233B6013
:1012180000E000BF3B6818461037BD4680BD00BFE0
:10122800003C0040DC01002080B582B000AF78604F
:101238000B467B807868FFF75FFE0346B3F5004FE7
:101248000BD17B88012B08D1786800F024FA4FF481
:1012580040417868FFF73DFE11E07868FFF74CFEE3
:101268000346B3F5404F0AD17B88002B07D1786835
:1012780000F011FA4FF400417868FFF72AFE0023C6
:1012880018460837BD4680BD80B586B000AFF86007
:101298007A601A460B467B8113467B7200237B617A
:1012A800FB68002B06D0FB681B68002B02D0FB688C
:1012B8001B687B617B689BB21B0A7B827B897A698E
:1012C800134493F84E30002B0CD07B69B3F84C20B4
:1012D8007B7A9BB29A4205D17B695B697A689A42AC
:1012E80000F0C8807B7A9AB27B69A3F84C207B69AE
:1012F8007A685A617B691B68184600F0CCF97B69EB
:10130800B3F84C30002B1CD17B691B681846FFF7DB
:10131800B1FD0346002B05D07B691B6800211846E8
:10132800FFF795FD7B691B681846FFF7C4FD034668
:10133800022B66D07B691B6802211846FFF7A8FDBF
:101348005FE07B69B3F84C30012B1CD17B691B68CB
:101358001846FFF78FFD0346012B05D07B691B68F4
:1013680001211846FFF773FD7B691B681846FFF7D4
:10137800A2FD0346022B44D07B691B680221184654
:10138800FFF786FD3DE07B69B3F84C30022B1CD19A
:101398007B691B681846FFF76DFD0346002B05D0D7
:1013A8007B691B6800211846FFF751FD7B691B68A4
:1013B8001846FFF780FD0346002B22D07B691B6887
:1013C80000211846FFF764FD1BE07B691B6818467F
:1013D800FFF750FD0346012B05D07B691B680121EF
:1013E8001846FFF734FD7B691B681846FFF763FD55
:1013F8000346002B05D07B691B6800211846FFF7C0
:1014080047FD7B691B681846FFF797FD02467B6816
:1014180093420CD07B691A687B8A082B01D8002379
:1014280001E04FF4006319461046FFF773FD7B692E
:101438001B681846FFF760FD0346B3F5004F0ED151
:101448007B691B681846FFF7F4FC0346B3F5827FF7
:1014580005D17B691B68184600F01DF904E07B691B
:101468001B681846FFF7B2FC7B897A69134401228E
:1014780083F84E20002318461837BD4680BD80B536
:101488008AB000AFF860B96011461A460B46FB8077
:101498001346BB800023BB840023FB610BF0A8F834
:1014A800F86100233B62FB68002B06D0FB681B68D1
:1014B800002B02D0FB681B683B623B6A1B6801215A
:1014C8001846FFF7B1FE0346BB843B8E002B01D1C3
:1014D80000237B633B6A1B681846FFF797FC0346AB
:1014E800002B04D13B6A1B681846FFF76FFCBB88CA
:1014F800DBB2002B2CD1BB687B610023FB8422E08C
:101508003B6A1B681846FFF726FD0346012B0CD1E2
:101518003B6A1868FB8C7A6913441B781946FFF7F5
:101528007CFDFB8C0133FB840DE00121F86907F099
:1015380023FA02467B6B934205D2386A00F0F3F82F
:101548000346BB8435E0FA8CFB889A42D8D330E056
:10155800BB88DBB2012B2CD1BB68BB610023FB84A9
:1015680023E03B6A1B681846FFF7F5FC0346012B8E
:101578000DD13B6A1868FB8C5B00BA6913441B8861
:101588001946FFF75CFDFB8C0133FB840DE001215C
:10159800F86907F0F1F902467B6B934205D2386A85
:1015A80000F0C1F80346BB8403E0FA8CFB889A423A
:1015B800D7D3BB8C18462837BD4680BDB0B584B09C
:1015C80002AF78607B685C687B6893F854301D468E
:1015D8007B681B681846FFF714FD02467B681B6A88
:1015E8001946002300930B4629462046FFF792FB35
:1015F8007B6858687B6893F8543019467B68DB69C8
:101608001B691A46FFF762FB7B685A687B6893F888
:10161800543019461046FFF7B9FB7B681B6818461B
:10162800FFF7CFFC7B685A687B6893F854301946FB
:101638001046FFF72BFB00BF0837BD46B0BDF0B51D
:1016480085B002AF78607B689C687B6893F85530FA
:101658001D467B685B6A1E467B681B681846FFF759
:10166800D0FC034640220092324629462046FFF726
:1016780051FB7B689A687B6893F855301946104689
:10168800FFF784FB7B681B681846FFF7AAFC00BFBE
:101698000C37BD46F0BD80B582B000AF7860786881
:1016A800FFF7B4FB0346002B2CD07868FFF724FC27
:1016B8000346002B0AD100BF7868FFF75FFC03469A
:1016C800002BF9D17868FFF791FB1BE07868FFF7EA
:1016D80013FC0346B3F5806F06D07868FFF70CFC5F
:1016E8000346B3F5004F03D17868FFF77FFB09E0A5
:1016F80000BF7868FFF742FC0346002BF9D17868F1
:10170800FFF774FB00BF0837BD4680BD80B485B0C5
:1017180000AFF860B9607A603B6000BF1437BD461F
:101728005DF8047B704780B483B000AF7860012314
:1017380018460C37BD465DF8047B704780B485B009
:1017480000AF786039600023FB7397F90F301846B3
:101758001437BD465DF8047B7047000080B584B03F
:1017680000AF786039600023FB727B68002B05D1DD
:10177800374800F0C5FF4FF0FF3365E03B68002BAA
:1017880005D1344800F0BCFF4FF0FF335CE0324B2A
:10179800D3E900014FF000024FF04043FFF714F97E
:1017A8000346002B06D03B68D3E900232A49C1E948
:1017B800002305E0284BD3E900233968C1E9002359
:1017C800254BD3E900014FF00002244BFFF7FCF84A
:1017D8000346002B02D0224800F092FF7B685B682A
:1017E8001B68204A13607B685B685B681E4A13604D
:1017F8007B685B689B681D4A13607B685B68DB6875
:101808001B4A13601B4B00221A6001F037FC0023AF
:10181800FB600023FB6007E0174AFB68174942F8A2
:101828002310FB680133FB60FB68012BF4D901F03E
:1018380065F80346FB7297F90B30002B02D1104B69
:1018480001221A7097F90B3018461037BD4680BD33
:10185800C8DB0008ECDB0008000000200000F0BF37
:1018680018DC0008DC030020E0030020E40300206B
:10187800E8030020EC03002034020020ED300008CB
:10188800D903002080B586B000AF78600023FB75CF
:1018980000233B610023FB732A4B1B78DBB2002B30
:1018A8000CBF01230023DBB2BB73274B02221A7043
:1018B8007B68002B0BD1234B1B78DBB2002B06D1A6
:1018C800224B1B78DBB2002B01D1012300E000235F
:1018D800FB7316E00A2007F00FF83B6903F51C5369
:1018E80010333B617B68B3F1FF3F05D03A697B68F1
:1018F8009A4201D9012300E00023FB73002001F084
:1019080055F8104B1B78DBB2002B07D10F4B1B7817
:10191800DBB2002B02D1FB7B002BDBD00A4B03226E
:101928001A70FB7B002B01D09C23FB75BB7B002B23
:1019380001D001F0D1FC97F9173018461837BD4689
:1019480080BD00BFD7030020D9030020D8030020A2
:1019580080B588B000AF034687ED000BFB810023FC
:10196800FB770123BB774FF000024FF00003D7E964
:101978000001FFF733F80346002B05D02F4800F08D
:10198800BFFE4FF0FF3355E0FB89FF2B08D9FB89D9
:10199800FF2219462A4800F0B3FE4FF0FF3349E012
:1019A800284B1B78DBB2032B04D0264B1B78DBB209
:1019B800012B02D1234B04221A70FB89012B15D865
:1019C800FB89214A52F82330002B0FD002F046F849
:1019D80003467B777B7F022B08D1FB891A4A52F892
:1019E8002330FA89104698470346BB77FB897B83E7
:1019F800FB89184697ED000B00F03EFF7861BB7F2E
:101A0800002B07D07B8B7969184602F003F8034650
:101A1800FB7703E07B8B184602F05BF897F91F30E1
:101A2800002B05D097F91F301946084800F068FECA
:101A380097F91F3018462037BD4680BD84DC000862
:101A4800C8DC0008D90300203402002008DD0008A3
:101A580080B582B000AF0023FB71002000F0A6FF24
:101A68000346FB7197F9073018460837BD4680BD15
:101A780080B582B000AF0023FB710B4B06221A70B1
:101A880001F032F80346FB710822002107480BF0E9
:101A9800A3FF01F0A7FB044B00221A7097F9073047
:101AA80018460837BD4680BDD903002034020020FF
:101AB80080B400AF034B1B78DBB21846BD465DF817
:101AC800047B7047D803002080B400AF034B1B7819
:101AD800DBB21846BD465DF8047B7047F003002072
:101AE80080B483B000AF786039607B683A689A61E7
:101AF80000BF0C37BD465DF8047B704780B483B0E7
:101B080000AF786039603B681A047B689A6100BF4F
:101B18000C37BD465DF8047B704780B483B000AFD6
:101B280078607B684FF0FF321A6000BF0C37BD4603
:101B38005DF8047B704780B483B000AF78607B6841
:101B48004FF0FF321A6000BF0C37BD465DF8047BCA
:101B5800704780B485B000AF0346B9607A60FB81F6
:101B68007B684FF0FF321A60FB89DB039AB2BB68CF
:101B78001A8000BF1437BD465DF8047B704780B4F7
:101B880083B000AF78607B684FF0FF321A6000BF07
:101B98000C37BD465DF8047B704780B483B000AF56
:101BA80078607B684FF0FF321A6000BF0C37BD4683
:101BB8005DF8047B704780B485B000AF0346B96018
:101BC8007A60FB817B684FF0FF321A60FB89DB0289
:101BD8009AB2BB681A8000BF1437BD465DF8047B13
:101BE8007047000080B59AB000AF78600023BB62F0
:101BF8000023FB62234BBB60002387F84E30002391
:101C08003B6300237B63012387F84C30022387F86A
:101C18004D300023FB60002387F85C3000233B61D4
:101C2800002387F85D307B6800221A617B68164ABA
:101C38005A61012387F867307B680E229A617B68B6
:101C4800012283F824207B6897F867201A777B683D
:101C580001221A627B6810333B6607F10803396E6C
:101C68001846FFF7FFF902467B68DA607B68D86898
:101C780003234FF470620221FFF706FB00BF6837A9
:101C8800BD4680BD003C00400008024090B58BB0C6
:101C980002AFB14B93F99330FB760023FB77FB7EC1
:101CA800042B1BD801A252F823F000BFC91C00085E
:101CB800CF1C0008D51C0008DB1C0008E11C00082C
:101CC8000023FB770AE00323FB7707E00323FB7776
:101CD80004E00023FB7701E00023FB7797F91F203E
:101CE8009D4B83F893209C4B93F99230BB7600234D
:101CF800BB77BB7E042B1BD801A252F823F000BF90
:101D08001D1D0008231D0008291D00082F1D00089F
:101D1800351D00080023BB770AE00323BB7707E0E3
:101D28000323BB7704E00023BB7701E00023BB77E4
:101D380097F91E20884B83F89220874BB3F8903090
:101D4800B3F5FF7F07D8844BB3F8903001339AB2CC
:101D5800814BA3F89020804B93F89430002B19D135
:101D68007D4B012283F894207B4B0022A3F890201E
:101D7800794B0222C3F88C2077494FF00002774B49
:101D8800C1E9182376494FF000024FF00003C1E97A
:101D9800002324E1704BD3F88C30013B062B00F272
:101DA800FD8001A252F823F0CD1D00081D1E000879
:101DB8006D1E0008A71E0008EF1E0008271F000858
:101DC8006D1F000866494FF00002644BC1E900230B
:101DD800634BD3E900014FF00002604BFEF7F4FDBE
:101DE8000346002B00D1F5E05B4BB3F89030B3F518
:101DF800FA7FC0F0EF80584B0022A3F89020564B92
:101E08000322C3F88C2056494FF00002534BC1E916
:101E18000423DFE052494FF000024FF00003C1E90C
:101E280000234D4BD3E918014FF000024B4BFEF74E
:101E3800CBFD0346002B00D1CEE0474BB3F89030E2
:101E4800032B40F2C980444B0022A3F89020424B58
:101E58000122C3F88C2042494FF000023F4BC1E9F0
:101E68000023B9E03E494FF000023C4BC1E904238E
:101E7800394BB3F89030B3F5FA7FC0F0AF80364BEA
:101E88000022A3F89020344B0422C3F88C20344954
:101E98004FF000024FF00003C1E904239EE03049EF
:101EA8004FF000024FF00003C1E904232A4BB3F8B6
:101EB8009030B3F5967F0FD329494FF000024FF0C9
:101EC8000003C1E90223244B0022A3F89020224BEF
:101ED8000522C3F88C2082E021494FF000021F4BF5
:101EE800C1E902237BE01C4BB3F89030C72B0FD914
:101EF800194B0022A3F89020174B0622C3F88C2018
:101F080017494FF000024FF00003C1E90A2366E0C9
:101F180013494FF00002114BC1E90A235FE00E4B51
:101F2800B3F89030C72B0FD90B4B0022A3F89020A1
:101F3800094B0722C3F88C2009494FF000024FF0E3
:101F48000003C1E906234AE005494FF00002034BAC
:101F5800C1E9062343E000BF800200200000F03FF3
:101F680040020020AC4BB3F89030C72B0FD9AA4BD6
:101F78000022A3F89020A84B0822C3F88C20A74978
:101F88004FF000024FF00003C1E90C2327E0A349FA
:101F98004FF00002A24BC1E90C2320E09E4BB3F89E
:101FA8009030C72B0FD99D494FF000024FF0000326
:101FB800C1E90823984B0022A3F89020964B0522EC
:101FC800C3F88C200BE095494FF00002944BC1E90F
:101FD800082304E000BF02E000BF00E000BF8F4B11
:101FE800D3E900014FF000024FF00003FEF7ECFCCC
:101FF8000346002B0DD1894BD3E902014FF00002B3
:102008004FF00003FEF7E0FC0346002B01D101234B
:1020180000E00023DAB2814B83F83E207F4B93F82F
:102028003E30002B67D07C4B93F89630002B09D1BB
:102038007C48FFF780FD7C48FFF7AFFD764B012217
:1020480083F89620BB1D774A19460020FFF781FDCB
:102058003B1D754A19460320FFF7ADFDFA88BB887A
:1020680013439AB2714B5B8813439AB26B4B5A87EE
:102078006A4B5A8F694B9A87674B586B03234FF407
:1020880070620221FFF700F90346FB80FB88002BF2
:1020980010D14FF480416648FFF730FD5E4B586B16
:1020A8004FF47A73019301230093012301226149BC
:1020B800FFF7E5F9584B93F993307B767B7E7B7776
:1020C8007B7E042B11D801A252F823F0E9200008E6
:1020D800F3200008F3200008EF200008F320000890
:1020E80002237B7701E001237B7797F91D204A4B78
:1020F80083F8932003E0484B002283F89620474B4F
:10210800D3E900014FF000024FF00003FEF75CFC3A
:102118000346002B0DD1414BD3E904014FF00002D7
:102128004FF00003FEF750FC0346002B01D10123BA
:1021380000E00023DAB2394B83F83F20374B93F89D
:102148003F30002B7CD0344B93F89530002B09D1CD
:102158003948FFF7F0FC3948FFF71FFD2E4B0122E5
:1021680083F89520BB1D344A19460020FFF7F1FC7F
:102178003B1D324A19460220FFF71DFDFA88BB882D
:1021880013439AB2294B1B8813439AB2234B1A87DD
:10219800224B1B8FBB60204BD86803234FF470621F
:1021A8000221FFF771F80346FB80FB88002B11D151
:1021B8004FF480411E48FFF7A1FC174BD86807F180
:1021C80008014FF47A73019301230093022301223B
:1021D800FFF755F9104B93F992303B763B7E3B77EE
:1021E8003B7E042B11D801A252F823F009220008E3
:1021F80013220008132200080F22000813220008E7
:1022080002233B7701E001233B7797F91C20024B1F
:1022180083F8922018E000BF8002002040020020CE
:102228000000F03F3003002028030020600401086C
:10223800000802407C020020200300201803002030
:10224800234B002283F89520224B7B6100233B61BE
:10225800214BD3E900014FF000024FF00003FEF7D5
:10226800B3FB0346002B03D14FF48053BB6001E05E
:102278000023BB60BA683B6902FA03F3BB604FF402
:1022880080523B6902FA03F3FB60BB681946786920
:10229800FFF726FCBB68DA43FB68134019467869E8
:1022A800FFF72CFC0D4B9A6A01329A629B6A18461A
:1022B800FEF7A8F8094BD3E90C23084CFEF71CF9E4
:1022C80002460B46C4E9082300BF2437BD4690BD2B
:1022D8008002002000040240400200203803002051
:1022E80080B500AF4C494FF000024C4BC1E90E23BA
:1022F800494947A3D3E90023C1E90C23464B484A7F
:102308009A60454B474ADA60434B474A1A61424B49
:10231800464A5A61404B464A5A60454B454A1A60FC
:10232800444B454A1A60434B434A5A60414B434A1F
:102338009A60404B414ADA603E4B404A1A613D4B35
:102348003E4A5A613B4B3D4A9A613A4B3B4ADA61F5
:10235800384B3B4A1A62374B394A5A62354B384A2E
:102368009A62344B364ADA62324B354A1A63314B39
:10237800334A5A632F4B304A9A63274A264B5B6885
:1023880018329A60244A244B5B6808325A60224A01
:10239800214B5B682032DA602A48FFF7BEFB2A48E7
:1023A800FFF7EDFB294B002283F82820274B00225A
:1023B80083F83020254B0122DA622548FFF712FC0A
:1023C800224B012283F830202248FFF7A6FB22483F
:1023D800FFF7D5FB1D4B00221A701C4B00221A7206
:1023E8001A4B01225A601948FFF7FCFB174B0122D0
:1023F8001A72164B002283F85020144B01225A659A
:10240800124B012283F8582000BF80BDAFF3008033
:102418007B14AE47E17A843F38030020000059401E
:10242800C6D2BFD1CFBEB7E329A237EA5ED99F0390
:1024380080030020940300205C040108130300209B
:10244800120300203003002028030020800200200F
:10245800A8020020200300201803002080B584B0C3
:1024680002AF234B93F82830002B18D1204B0122C0
:1024780083F828201E4BDB6A012B10D11C4B93F8E4
:102488003030002B0BD04FF0FF337B60184B586B6C
:102498000E2300937B687A687968FFF737F9144B45
:1024A8001B78002B16D1124B01221A70104B5B6857
:1024B800012B0FD10E4B1B7A002B0BD04FF0FF33A3
:1024C8007B600B4BD8680E2300937B687A68796829
:1024D800FFF71CF9064B93F85030002B03D1044B3F
:1024E800012283F8502000BF0837BD4680BD00BFD9
:1024F8008002002080B582B000AF4FF000024FF09C
:102508000003C7E90023164B1B785A1CD1B2144AA2
:102518001170002B09D0134B01221A60104B1B7845
:10252800013BDAB20E4B1A7016E062B600BF0E4BD2
:102538001B68D3E90823C7E90023FFF7A7FB97ED3A
:10254800000B0020FFF704FA72B600BF044B1B789B
:10255800013BDAB2024B1A700837BD4680BD00BF96
:10256800D4030020D00300205804010880B586B0A9
:1025780000AF786039605C4B7B615C4B3B6100234A
:10258800FB735B4B00221A705A4B00221A7009F039
:10259800F9FF08F063FB06F0C7F908F0DFFE08F062
:1025A80005FF08F0ABFB08F02BFE08F01DFC08F057
:1025B80033FD08F07BFC08F0DBFC4F4B1B68002266
:1025C8001A6000210020FFF7B9F80346FB7397F95A
:1025D8000F30002B02D097F90F3080E0FFF780FE14
:1025E80072B600BF62B600BF434B1B685A68424BC5
:1025F8001B68383319461046FFF7B0F80346FB73DB
:1026080097F90F30002B0DD14FF0FF30FFF73AF953
:10261800FFF74EFA0346002B04D0374B1B68012204
:1026280083F8402072B600BF97ED050A06F03AFA23
:10263800FFF74AFA0346002B0CD1FFF739FA034695
:10264800002B07D12C4B1B6893F84030002B01D18D
:10265800012300E00023DAB2264B1A7062B600BFED
:1026680062B600BF2FE0FFF7F3F90346FB73FFF7ED
:102678002BFA0346002B0AD1FFF71AFA0346002B60
:1026880005D11D4B1B6893F84030002B01D0012366
:1026980000E00023DAB2164B1A70154B1B78DBB238
:1026A800002B0CBF01230023DBB21A46114B1A7012
:1026B8000F4B1B78DBB2002B05D0104B1B680F4A61
:1026C80023F0010313600B4B1B78DBB2002BCAD13C
:1026D800FFF7C4FEFFF7CCF972B600BF0023184617
:1026E8001837BD4680BD00BF0AD7233C0000C8424A
:1026F800D5030020D60300205804010810E000E0AC
:102708000FB480B400AF00BFBD465DF8047B04B0D1
:10271800704780B485B000AFF860B9607A60FB6834
:10272800BA681A60FB6804337A681A6000BF143705
:10273800BD465DF8047B7047F0B58BB000AF87ED00
:10274800020B0346FB80FB88002B77D14FF0000279
:10275800414BD7E90201FDF7CFFE02460B46C7E918
:1027680006239FED391B97ED060B0AF01BFE53EC71
:10277800102B10461946FEF76FF903467B610023BC
:102788007B6233A3D3E90023D7E90601FEF744F9B6
:102798000346002B0ED02EA3D3E90023D7E9060168
:1027A800FDF7D4FF02460B4610461946FEF754F9CA
:1027B80003467B627A6A79692848FFF7AAFF284BA3
:1027C800D3E900014FF00002264BFEF7FDF803465F
:1027D800002B2ED1224BD3E900014FF000024FF01D
:1027E8004043FEF7F1F80346002B22D11C4BD3E9F6
:1027F8000001D7E90223FDF7C7FC02460B46144641
:102808001D464FF00002184BD7E90201FDF774FE90
:1028180002460B4601210E4620462946FEF7DEF801
:102828000346002B01D100231E46F3B21A460F4B74
:102838001A700F49D7E90223C1E9002300BF2C37DA
:10284800BD46F0BDAFF30080000000000000F0417D
:102858000000E0FFFFFFEF4100408F400804002028
:10286800000000200000F0BF0000B03CF003002092
:10287800100400200000000080B586B000AF87ED8E
:10288800020B0346FB8000237B61FB88184697ED0B
:10289800020BFFF751FF17A3D3E90023D7E9020181
:1028A800FDF72AFE02460B46104619464FF0000275
:1028B8000F4BFDF76BFC02460B4643EC172B9FEDC5
:1028C8000A1BB0EE470AF0EE670A0AF06BFD53ECFC
:1028D800102B10461946FEF7BFF803467B617B694B
:1028E80018461837BD4680BD000000000000F041C2
:1028F8000000E03F0000000080842E4180B584B0D5
:1029080000AF0023BB6000237B600023FB732349D7
:102918004FF000024FF00003C1E9002320494FF0B7
:1029280000024FF00003C1E900233A1D07F1080334
:102938001146184605F0B2FFBB687A68114618467A
:1029480004F0CEF80346FB7397F90F30002B05D03F
:102958001448FFF7D5FE97F90F301AE03A1D07F132
:1029680008031146184605F0B0FFBB687A6811469F
:10297800184600F053FF0346FB7397F90F30002BFE
:1029880005D097F90F3019460748FFF7B9FE97F9B0
:102998000F3018461037BD4680BD00BFF803002031
:1029A8000004002084DE0008ACDE000880B584B096
:1029B80000AF0346FB710023FB730023BB730020A9
:1029C80005F09AFF00237B7304F058FA0346FB7363
:1029D80097F90F30002B0DD097F90F3013F1020F34
:1029E80008D097F90F3019463C48FFF789FE0123B4
:1029F800BB730BE07B7B002B04D197F90F3013F1ED
:102A0800020F01D0012300E000237B73BB7B002B66
:102A180021D100F035FF0346FB7397F90F30002BE7
:102A28000DD097F90F3013F1020F08D097F90F3036
:102A380019462B48FFF764FE0123BB730BE07B7B31
:102A4800002B04D197F90F3013F1020F01D00123A5
:102A580000E000237B73BB7B002B21D104F098F9A5
:102A68000346FB7397F90F30002B0DD097F90F3001
:102A780013F1020F08D097F90F3019461948FFF7DC
:102A88003FFE0123BB730BE07B7B002B04D197F93E
:102A98000F3013F1020F01D0012300E000237B73F4
:102AA800FB79002B0DD0002005F026FFBB7B002B07
:102AB80002D17B7B002B01D1012300E00023BB73F3
:102AC80001E00123BB73BB7B002B3FF47BAF97F97D
:102AD8000F3018461037BD4680BD00BFD4DE000851
:102AE8000CDF00083CDF000880B582B000AF00238F
:102AF800BB70394B1B78DBB2002B02D0002000F0F2
:102B0800D9FF00F0ABFF0346FB7000237B600EE0AB
:102B18000A2005F0F1FE7B6803F51C5310337B6037
:102B28000120FFF743FF00F099FF0346FB707B6825
:102B38002A4A934202D2FB78002BE9D100F09AFF8F
:102B48000346BB7097F90230002B05D097F9023085
:102B580019462348FFF7D4FD04F00AFB0346BB706F
:102B680097F90230002B05D097F9023019461D4815
:102B7800FFF7C6FD1C4B00221A701C4B00221A706E
:102B88001B4B00221A601B4B00221A601A4B0022B2
:102B98001A601A4B00221A60194B00221A60194950
:102BA8004FF000024FF04043C1E900230A4B0022D6
:102BB8001A700822002114480AF00EFF13494FF03A
:102BC80000024FF00003C1E9002397F902301846CC
:102BD8000837BD4680BD00BFF0030020008793037F
:102BE80074DF000890DF0008D7030020D803002016
:102BF800DC030020E0030020E4030020E8030020B9
:102C0800EC0300200000002008040020100400202D
:102C180080B586B000AF614B1B687B617B69002B78
:102C280000F0B8805E4B1B78DBB2002B04D15B4B05
:102C38001B68002B00F0AE805A4B1B78DBB2022BCE
:102C480040F0A880584B1B78002B40F0A3807B698C
:102C5800D3E90023C7E90223544B1B78002B00F06B
:102C68008A80534B1B78DBB2002B04D0504B1B7867
:102C7800DBB2022B01D1012300E00023FB714C4B96
:102C88001B78DBB2012B04D0494B1B78DBB2022B3B
:102C980001D1012300E00023BB71FB79002B33D065
:102CA800444BD3E90023D7E90201FDF7ABFE034605
:102CB800002B0AD0404BD3E900013E4BD3E9002357
:102CC800FDF78CFE0346002B14D13A4BD3E90023C1
:102CD800D7E90201FDF7A0FE0346002B14D0364BBE
:102CE800D3E90001334BD3E90023FDF76DFE03461A
:102CF800002B09D0314B1B68002B02D1304B01222D
:102D08001A70294B01221A70BB79002B33D0294B3A
:102D1800D3E90023D7E90201FDF760FE0346002B43
:102D28000AD0254BD3E90001224BD3E90023FDF754
:102D380069FE0346002B14D11E4BD3E90023D7E9C3
:102D48000201FDF741FE0346002B14D01A4BD3E9CC
:102D58000001184BD3E90023FDF75EFE0346002B64
:102D680009D0164B1B68002B02D1154B01221A7093
:102D78000D4B01221A700C4B1B78002B0CBF012342
:102D88000023DBB21A46094B1A700B49D7E9022314
:102D9800C1E9002300BF1837BD4680BD1C040020D0
:102DA800200400203C0400204B040020480400209C
:102DB80038040020280400204004002034040020A7
:102DC8004A04002080B582B000AF0023FB719E4BFF
:102DD8001B78DBB2002B18D19C4B00221A709C4B3D
:102DE80000221A709B4B1B78DBB2002B2DD0964B20
:102DF80002221A70974B00221A70974B1B78DBB28D
:102E0800002B22D10123FB711FE0924B00221A7084
:102E18008E4B1B78DBB2002B09D0904B00221A7026
:102E2800894B00221A70894B00221A700DE08A4BD8
:102E38001B78DBB2002B02D10123FB7105E0844B28
:102E48001B78FB71824B00221A707F4B1B78DBB218
:102E5800042B00F2D78001A252F823F0792E000843
:102E6800B32F0008932E0008672F0008F12E0008E2
:102E7800784B1B78DBB2002B00F0D880724B022213
:102E88001A70744B00221A70D0E0FB79002B00F006
:102E9800CF80734B1B68002B0DDD6F4B1B78DBB2AB
:102EA800012B08D16E4B1B681A466E4B1A60664B95
:102EB80003221A70BCE06C4B1B68002B0AD0674BCE
:102EC80001221A70684B1B68664A13605E4B042225
:102ED8001A70ADE06548FFF713FC604B00221A70CA
:102EE800594B00221A70A3E05E4B1B68002B04D0DC
:102EF8005C4B1B68013B5B4A13605A4B1B68002BF9
:102F080040F098805A4B1B78DBB2012B06D1534B0B
:102F180000221A704C4B00221A708BE0554B1B682C
:102F2800002B0AD04D4B00221A70524B1B684D4A99
:102F38001360454B01221A707CE0FB79002B07D007
:102F4800494B1B68474A13603F4B04221A7071E0D3
:102F5800424B00221A703C4B02221A706AE0414B25
:102F68001B68002B04D03F4B1B68013B3D4A136094
:102F78003C4B1B68002B5FD13B4B1B68002B0AD0D6
:102F8800364B01221A70384B1B68364A13602E4B99
:102F980004221A7050E03548FFF7B2FB2F4B00228D
:102FA8001A70294B00221A7046E02E4B1B68002B22
:102FB80004D02C4B1B68013B2A4A1360294B1B6821
:102FC800002B3BD1FB79002B18D0274B1B68002B1B
:102FD8000AD0224B01221A70234B1B68214A136026
:102FE800194B04221A7029E02048FFF789FB1B4B74
:102FF80000221A70144B00221A701FE0124B022292
:103008001A701BE0104B1B78DBB219461A48FFF701
:1030180077FB124B00221A700D4B00221A700B4BD3
:1030280000221A70084B00221A7008E000BF06E060
:1030380000BF04E000BF02E000BF00E000BF00BF27
:103048000837BD4680BD00BF3C040020390400207D
:103058004B0400200C0000203A0400204A04002001
:10306800340400204C04002008000020B4DF0008CD
:103078003B04002030040020DCDF000880B400AFEF
:1030880010494FF000024FF00003C1E900230E4B36
:1030980000221A700D4B1B78DAB20D4B1A700D4BCB
:1030A80000221A700C4B00221A700C4B00221A6076
:1030B8000B4B00221A7000231846BD465DF8047BAE
:1030C800704700BF40040020480400203A04002054
:1030D800490400204A0400204B0400204C0400202E
:1030E8003C04002080B584B000AF0346FB80FB8819
:1030F800002B3FD1314B1B78DAB2314B1B789A4207
:1031080014BF01230023DBB2FB732C4B1B78DAB20C
:103118002B4B1A70FB7B002B0BD02A4B00221A700A
:10312800294B00221A70294B00221A60284B0022D2
:103138001A70224B1B78DBB2012B1BD1244B1B7856
:10314800DBB2002B04D1234B1B78DBB2002B08D158
:103158001F4B1B78DBB2012B0CD11C4B1B68012BBE
:1031680008D11A4B00221A601A4B00221A70184B09
:1031780002221A70114B1B78DBB2012B07D1164BB8
:103188001B889BB2FA889A4201D1FFF741FDFB8860
:10319800002B05D1FFF716FE104B00221A7006E02F
:1031A8000E4B1B78002B02D00D4B1B7801E0054B12
:1031B8001B7818461037BD4680BD00BF3A04002072
:1031C800490400204A0400204B0400204C0400203D
:1031D8003C0400200C0000201804002051040020AA
:1031E8005004002080B400AF26494FF000024FF091
:1031F8000003C1E90023244B00221A70234B00224C
:103208001A70234B00221A70224B00221A80224B7C
:1032180000221A70214B00221A70214B00221A60DA
:10322800204B00221A70204B00221A701F4B0022DC
:103238001A601F4B00221A701E494FF000024FF00F
:103248000003C1E900231C4B4FF47A721A601B4B30
:1032580000221A601A4B00221A601A4B00221A70B8
:10326800194B01221A70194B00221A70184B0022B0
:103278001A70184B00221A7000231846BD465DF8D4
:10328800047B704740040020480400203C040020D0
:1032980049040020180400204A0400204B040020A0
:1032A8004C04002050040020510400201C0400207D
:1032B80020040020280400200800002030040020FA
:1032C80034040020380400200C00002039040020B9
:1032D8003A0400203B04002080B400AF174B1B7851
:1032E800DBB2002B25D1164B1B78DBB2002B0BD0A1
:1032F800144B1B78DBB2002B06D1134B01221A703A
:10330800124B01221A7014E00E4B1B78DBB2002B13
:103318000BD00B4B1B78DBB2002B06D10A4B0022DB
:103328001A700A4B01221A7003E0084B00221A7027
:10333800FFE700BFBD465DF8047B70473A040020F4
:103348000C00002039040020500400205104002003
:1033580080B586B000AFF860B9607A603B60002342
:10336800FB7503F0F9FE3861FB681B68184604F02A
:1033780009F90021386803F067FE0246BB681A6045
:1033880003F052FE02467B681A60BB681B68002B7C
:103398000FD0BB681B681946386904F0F9FB024670
:1033A800FB681A60FB681B68002B04D1F623FB75C9
:1033B80001E0F823FB7597F9173018461837BD4612
:1033C80080BD000080B584B000AFF860B9607A6055
:1033D800FA68BB6813441B7819460848FFF790F948
:1033E800FB68002B02D0F86804F0CCF87B68002258
:1033F8001A60002318461037BD4680BD00E000085B
:1034080080B584B000AFF860B9607A60FA68BB68CC
:1034180013441B7819460648FFF772F97B680222A5
:103428001A604FF0FF3318461037BD4680BD00BF05
:103438005CE0000880B485B000AF03460A46FB7123
:103448001346BB710523FB73FB79F02B02D90023CC
:10345800FB7322E0FB79E32B05D9FB79F02B02D82B
:103468000123FB7319E0FB79D22B02D9FB79E22BFC
:1034780008D9FB79C02B08D1BB79002B05D0BB79C3
:10348800022B02D80223FB7307E0FB79C72B04D970
:10349800FB79D22B01D80323FB73FB7B1846143727
:1034A800BD465DF8047B704780B58CB000AFF8600E
:1034B800B9607A603B60FB68BB62BB6A1B7887F8BF
:1034C8002730002387F82F3097F82730C02B06D1F4
:1034D800BB68012B03D9BB6A5B7887F82F30364B62
:1034E8001B78002B3ED097F82F2097F827301146ED
:1034F8001846FFF79FFF0346FB76002387F82E3018
:10350800FB7E052B23D0FB7E2C4A52F823307B61AF
:1035180000233B617B69002B19D097F827207B6932
:103528001046984738613B69002B14BF01230023DC
:10353800DBB287F82E3097F82E30002B07D03B6986
:103548005A687B681A603B699A683B681A6097F802
:103558002E30002B2CD17B68194A1A603B68194A17
:103568001A6025E097F82730FF2B1BD1134B1B68F7
:103578003B627B6800221A603B6800221A603B6A43
:10358800002B15D03B6AFF209847F861FB69002B98
:103598000ED0FB695A687B681A60FB699A683B68B9
:1035A8001A6005E07B68084A1A603B6800221A60C6
:1035B80000BF3037BD4680BD5304002058040020AA
:1035C8000934000899360008CD33000880B483B068
:1035D80000AF0346FB71044AFB79137000BF0C3738
:1035E800BD465DF8047B70475304002080B400AFEB
:1035F800034B1B781846BD465DF8047B704700BF37
:103608005404002080B483B000AF0346FB71064B1E
:103618001A78FB791343DAB2034B1A7000BF0C37E0
:10362800BD465DF8047B70475404002080B483B025
:1036380000AF0346FB7197F90730DB435AB2074BDB
:103648001B785BB213405BB2DAB2044B1A7000BF4E
:103658000C37BD465DF8047B704700BF540400205A
:1036680080B400AF034B1B781846BD465DF8047B59
:10367800704700BF5504002080B400AF034B1B887F
:103688001846BD465DF8047B704700BF560400200D
:1036980080B586B000AF0346B9607A60FB7397F9CE
:1036A8000F30002B05D1BB683B613B69FF221A70C4
:1036B80076E0BB687B617B69FE221A7097F90F3050
:1036C80010330F2B62D801A252F823F08D3700086F
:1036D800853700087D370008753700086D37000802
:1036E80065370008553700085D3700084D37000872
:1036F800453700083D370008353700081D370008F2
:1037080015370008253700082D3700087B69302257
:103718005A7045E07B6929225A7041E07B69222270
:103728005A703DE07B6920225A7039E07B6900229B
:103738005A7035E07B6923225A7031E07B69212277
:103748005A702DE07B6911225A7029E07B69272283
:103758005A7025E07B692A225A7021E07B69102281
:103768005A701DE07B6924225A7019E07B6928226F
:103778005A7015E07B6926225A7011E07B69312264
:103788005A700DE07B6933225A7009E097F90F30BF
:1037980019460548FEF7B4FF7B6920225A70FFE7F7
:1037A80000BF1837BD4680BD8CE0000880B487B0E4
:1037B80000AF0346B9607A60FB7300237B61BB6886
:1037C800002B23D000233B6100233B6117E03A69BB
:1037D80013465B0013449B001A46BB6813441B78CE
:1037E800FA7B9A4208D13A6913465B0013449B005E
:1037F8001A46BB6813447B613B6901333B613A69F4
:103808007B689A4202D27B69002BE0D07B6918461C
:103818001C37BD465DF8047B7047000080B582B058
:1038280000AF78603960134B1B78002B05D0124825
:10383800FEF766FF6FF00B0318E000F077FC00F06E
:1038480081FC03460D4A136002F04EFA02F068FA52
:1038580003460A4A936003F041F803F049F8034627
:10386800064A5360034B01221A7000231846083792
:10387800BD4680BD52040020D0E000085804002056
:1038880080B58CB002AF002387F82730002387F873
:1038980026300023FB610023BB6100237B610023EA
:1038A8003B610023FB6000233B620023BB600023D5
:1038B8007B60554B1B78002B05D15448FEF720FF41
:1038C8006FF008039BE007F1140007F1180207F1F5
:1038D8001C0107F1100300930346002003F00EFBC0
:1038E800034687F8273097F92730002B09D097F936
:1038F800273013F1040F04D097F9273013F1050F7F
:1039080071D1FB69002B05D07A693B691A44BB6900
:103918009A4203D9F82387F8273067E0FA697B6968
:1039280013443B6239693B1D07F10802386AFFF707
:10393800BBFDBB68002B09D13B6A1B78194634488C
:10394800FEF7DEFEF42387F827304FE0BB68F869FE
:10395800796907F10C029847034687F826307B6897
:10396800002B3DD0FB68002B3AD0002387F8273086
:103978003A69FB689A420BD2FB6807F1140207F117
:10398800180107F11C00FFF7E3FC034687F827300E
:103998003B691A460021386A0AF01EF897F9273061
:1039A800002B1DD1FA697B6913443B627B68FA6876
:1039B80097F92600396A9847F969B8697B69FA68FE
:1039C8000192009303460A464FF6FF71012003F067
:1039D8003DF9034687F8273097F92730002B04D1A3
:1039E80097F927300BE000BF00E000BFFB69002B10
:1039F80003D0FB69184603F0C5FD97F92730184630
:103A08002837BD4680BD00BF5204002000E10008F1
:103A180028E1000880B584B000AF03463960FB8018
:103A28000023FB730B4B1B78002B05D10A48FEF7CC
:103A380067FE6FF0080309E0FB8800223968184622
:103A480002F06CFB0346FB7397F90F3018461037EA
:103A5800BD4680BD5204002058E1000880B400AF84
:103A6800034B1B781846BD465DF8047B704700BFC2
:103A78005304002080B500AF0B4B1B78002B02D1FC
:103A88000A48FEF73DFE02F04FFF02F0F1FD00F09C
:103A980075FB10220021064809F09EFF024B002208
:103AA8001A700023184680BD5204002050E2000816
:103AB8005804002080B584B000AF7860786802F0C0
:103AC800B1FB0346FB7397F90F3018461037BD4614
:103AD80080BD80B584B000AF0346FB800123FB7333
:103AE800FA7BFB880021184602F018FB0346BB73DB
:103AF80097F90E3018461037BD4680BD80B584B0A2
:103B080000AF0346FB710123FB6003F0DCFAB860E9
:103B1800FA79B968FB68B1FBF3F39A4234BF012321
:103B28000023DBB218461037BD4680BD80B584B08F
:103B380000AF78600B46FB7000F02AFBF860F9686C
:103B48000648FEF7DDFD064B1B781A46F9687868CB
:103B5800FCF7BCFF00BF1037BD4680BD78E2000807
:103B68007004002080B588B000AFF860B9607A6052
:103B78000023FB77FA68BB681344BB61BB697B61B0
:103B88000023FB7402F0A6FC0346FB74FB7C002BAD
:103B980008D11A48FEF7B4FD7B6802221A606FF05C
:103BA8000A0327E07B695B78002B03D07B695B788D
:103BB800012B01D1012300E00023FB74FB7C002BC7
:103BC8000BD17B695B7819460D48FEF799FD7B6838
:103BD80002221A606FF001030CE00A48FEF790FD1C
:103BE8000120FFF7F3FC0023FB777B6808221A60AB
:103BF80097F91F3018462037BD4680BD90E200086F
:103C0800DCE2000800E3000880B586B000AF034698
:103C1800B9607A60FB7397F90F30002B47D1BB6806
:103C28007B6108220021786909F0D6FE7B69FF22B2
:103C38001A7005227B695A7000227B699A7003F01A
:103C480042FA0346DAB27B69DA7003F035FA0346C2
:103C58009AB27B699A807B6901229A717B690122F9
:103C6800DA717B695B7819461648FEF749FD7B696E
:103C78009B7819461448FEF743FD7B69DB781946A3
:103C88001248FEF73DFD7B699B889BB21946104898
:103C9800FEF736FD7B699B7919460E48FEF730FD25
:103CA8007B69DB7919460C48FEF72AFD06E097F98F
:103CB8000F307A68B9681846FFF7EAFC00BF183772
:103CC800BD4680BD28E3000844E3000860E300081F
:103CD8007CE3000898E30008B4E3000880B586B0E8
:103CE80000AFF860B9607A600123FB7502F0F2FB5F
:103CF8000346FB75FB7D002B08D10B48FEF700FD42
:103D08007B6802221A606FF00A0309E00748FEF791
:103D1800F7FC0020FFF75AFC7B6801221A60002399
:103D280018461837BD4680BDD0E3000820E40008D7
:103D380080B584B000AFF860B9607A600548FEF7D6
:103D4800DFFC7B6806221A60002318461037BD4640
:103D580080BD00BF50E4000880B586B000AF0346C0
:103D6800B9607A60FB73BB687B61062200217869C1
:103D780009F032FE7B69FF221A70FFF737FC034611
:103D88001A467B695A70FFF76BFC03461A467B6933
:103D98009A70FFF771FC03461A467B699A807B6923
:103DA8005B7819460948FEF7ABFC7B699B78194696
:103DB8000748FEF7A5FC7B699B889BB21946054816
:103DC800FEF79EFC00BF1837BD4680BD5CE40008C6
:103DD80080E40008A4E4000880B586B000AFF8606D
:103DE800B9607A600023FB750B48FEF789FC02F086
:103DF8005BFB0346FB75FB7D002B03D003F08CF9BE
:103E080002F061FB7B6802221A606FF00403184617
:103E18001837BD4680BD00BFC8E4000880B588B02B
:103E280000AFF860B9607A600023FB77FA68BB6876
:103E38001344BB61BB697B610023FB747B695A68CF
:103E48007B69DB781946104600F0AEF90346FB742F
:103E5800FB7C002B08D10D48FEF752FC7B68022240
:103E68001A606FF00B030CE07B6959687B69DB789B
:103E78001A460748FEF744FC7B6801221A6097F946
:103E88001F3018462037BD4680BD00BFD0E400086B
:103E9800ECE4000880B58AB000AFF860B9607A60D9
:103EA800002387F82730FA68BB6813443B623B6AF3
:103EB800FB610023FB7600F06BF97861FB695B78A6
:103EC8001846FFF71BFE0346FB76FB7E002B0BD143
:103ED800FB695B7819461248FEF712FC7B680222E0
:103EE8001A606FF0010316E07B69002B08D10D48BA
:103EF800FEF706FC7B6802221A606FF00B030AE0EB
:103F0800FB695A78084B1A70074B1B785A1C7B6858
:103F18001A6097F9273018462837BD4680BD00BF7C
:103F280020E5000850E500087004002080B588B03E
:103F380000AF0346B9607A60FB7397F90F30002B26
:103F480030D100F025F9F861BB68BB61012200217E
:103F5800B86909F041FDBB69FF221A70FB69002BA3
:103F68001CD0164B1B7801337A689A4216D1BB686D
:103F780001337B610023FB741148FEF7C1FBFB7C16
:103F880019467869FFF7D2FD0C4B1B78184600F0EC
:103F980029F90A4B00221A7000BF0AE00948FEF707
:103FA800AFFB06E097F90F307A68B9681846FFF753
:103FB8006FFB00BF2037BD4680BD00BF70040020E6
:103FC8006CE5000878E5000880B588B000AFF860B7
:103FD800B9607A600023FB77FA68BB681344BB6159
:103FE800BB697B610023FB747B695B781846FFF72C
:103FF80085FD0346FB74FB7C002B0BD17B695B784A
:1040080019461748FEF77CFB7B6802221A606FF09E
:10401800010320E07B695A687B69DB781946104602
:1040280000F0C2F80346FB74FB7C002B08D10D4856
:10403800FEF766FB7B6802221A606FF00B030AE04A
:104048007B695A78084B1A70074B1B785A1C7B6897
:104058001A6097F91F3018462037BD4680BD00BF4B
:1040680098E50008CCE500087004002080B588B009
:1040780000AF0346B9607A60FB7397F90F30002BE5
:1040880030D100F085F8F861BB68BB6101220021DE
:10409800B86909F0A1FCBB69FF221A70FB69002B03
:1040A8001CD0164B1B7801337A689A4216D1BB682C
:1040B80001337B610023FB741148FEF721FBFB7C75
:1040C80019467869FFF732FD0C4B1B78184600F04B
:1040D80089F80A4B00221A7000BF0AE00948FEF767
:1040E8000FFB06E097F90F307A68B9681846FFF7B2
:1040F800CFFA00BF2037BD4680BD00BF7004002046
:10410800ECE50008FCE5000880B582B000AF034686
:10411800FB71FB79072204491846FFF747FB034662
:1041280018460837BD4680BD6404010880B500AF55
:10413800034800F013F800F069F800BF80BD00BF25
:104148001141000880B400AF034B1B681846BD46F8
:104158005DF8047B704700BF7404002080B483B00E
:1041680000AF7860044A7B68136000BF0C37BD4617
:104178005DF8047B704700BF7404002080B500AF71
:1041880000F04BF80020FFF7E9FF00BF80BD0000FA
:1041980080B400AF034B1B681846BD465DF8047B2E
:1041A800704700BF6804002080B483B000AF786017
:1041B8000B46FB70FB78002B04D17B68002B01D1E8
:1041C800002306E0064A7B681360054AFB781371F2
:1041D800012318460C37BD465DF8047B704700BFC5
:1041E8006804002080B483B000AF0346FB71064B1F
:1041F8001A68FB791344044A136000BF0C37BD46A4
:104208005DF8047B704700BF6804002080B400AFED
:1042180000BFBD465DF8047B704780B400AF00BFA7
:10422800BD465DF8047B704780B584B000AF034697
:10423800FB800023FB7305F0B6FF03460B4A1360AF
:104248000B4B1B68002B0CBF01230023DBB2FB7355
:10425800FB7B002B04D1054B1B68184605F0B4FF07
:10426800FB7B18461037BD4680BD00BF8404002084
:104278008004002080B582B000AF0346FB80044B69
:104288001B68184605F0A0FF00BF0837BD4680BD73
:104298008404002080B582B000AF0346FB8005F09F
:1042A80082FF0346074A1360074B1B680133064A1F
:1042B8001360044B1B68184605F086FF00BF0837DB
:1042C800BD4680BD840400208004002080B582B0F3
:1042D80000AF0346FB8005F066FF0346074A1360FC
:1042E800074B1B68013B064A1360044B1B681846C2
:1042F80005F06AFF00BF0837BD4680BD8404002072
:104308008004002080B483B000AF0346FB80104BCC
:104318001968FA8813465B001344DB000B445B7989
:10432800022B0AD00A4B1968FA8813465B0013441B
:10433800DB000B445B79032B01D1012300E0002350
:10434800DBB218460C37BD465DF8047B704700BFEA
:104358007804002080B582B000AF0023FB710023F1
:10436800BB800023BB8008E0BB881846FFF7CAFF64
:104378000346FB71BB880133BB80094B9B88BA8815
:104388009A4202D2FB79002BEED0FB79002B0CBFAE
:1043980001230023DBB218460837BD4680BD00BFA5
:1043A8007804002080B485B000AF0346FB800B463C
:1043B8007B7113463B71284B1B68002B42D0264B60
:1043C8009B88FA889A423DD2234B1968FA8813468B
:1043D8005B001344DB000B441B68002B32D01E4BE0
:1043E8001968FA8813465B001344DB000B441B79F9
:1043F8007A799A4226D2184B1968FA8813465B00D4
:104408001344DB000B4419687A791346DB009B1AC6
:104418009B000B441B68002B14D00F4B1968FA88BB
:1044280013465B001344DB000B4419687A79134682
:10443800DB009B1A9B000B441B793A799A4201D204
:10444800012300E00023FB73FB7B18461437BD46AD
:104458005DF8047B704700BF7804002080B485B005
:1044680000AF03463A60FB710B46BB710023FB7338
:10447800BB79BB81FB79FF2B04D1BB89FF2B01D80A
:104488000123FB73FB7B18461437BD465DF8047B9C
:10449800704780B483B000AF0346FB71FB7923F00B
:1044A8001003002B0CBF01230023DBB218460C3786
:1044B800BD465DF8047B704780B485B000AF034605
:1044C800FB710023FB73FB79002B05D0FB79012BD3
:1044D80002D0FB79022B01D10123FB73FB7B184629
:1044E8001437BD465DF8047B704780B485B000AFD3
:1044F8000346FB710023FB73FB79002B05D0FB7986
:10450800012B02D0FB79022B01D10123FB73FB7B2A
:1045180018461437BD465DF8047B704780B400AF79
:1045280001231846BD465DF8047B704780B485B00A
:1045380000AF0346FB80164B1968FA8813465B00E8
:104548001344DB000B441B7B022B0ED1104B196864
:10455800FA8813465B001344DB000B44DA880D4BE2
:104568001B889A4201D0012300E00023FB73FB7BE8
:10457800002B04D0FB88002B01D1012300E000238D
:10458800FB73FB7B18461437BD465DF8047B704708
:10459800780400201800002080B485B000AF78604F
:1045A8000B46FB707B681968FA781346DB009B1A88
:1045B8009B000B44BB60BB689B687A68D28902FB8E
:1045C80003F30133FB60FB78002B08D17B681B7A6F
:1045D80003F01003002B02D0FB680433FB60FB6878
:1045E80018461437BD465DF8047B704780B586B021
:1045F80000AF78600023BB7400237B610023FB7449
:104608000023FB7415E0FB7C19467868FFF7C4FFAC
:10461800F8600023BB600121F86802F015FDB8605E
:10462800BA687B699A4201D9BB687B61FB7C01331C
:10463800FB747B681B79FA7C9A42E4D37B681B790C
:104648001A4613465B0099187B6814331A46786932
:1046580003F050F80346BB7497F91230002B03D0CF
:104668007B684FF0FF325A6197F9123018461837B5
:10467800BD4680BD80B582B000AF78607B685B695D
:10468800B3F1FF3F04D07B685B69184603F044F937
:104698007B684FF0FF325A6100BF0837BD4680BDC6
:1046A80080B58AB000AFF860B9607A60002387F8F7
:1046B8002730FA68BB6813443B623B6AFB61FB69BD
:1046C8009A78DB781B0213437B83FB691B797B7623
:1046D800FB695B793B760023FB753A7E797E7B8BA1
:1046E8001846FFF75FFE0346FB75FB7D002B0BD1D9
:1046F800798B7A7E3B7E1D48FEF702F87B680222A2
:104708001A606FF001032CE07B8B1846FFF7FAFD67
:104718000346002B0CBF01230023DBB2FB75FB7D96
:10472800002B0AD17B8B19461148FDF7E9FF7B68FE
:1047380002221A606FF0070313E0798B7A7E3B7EC2
:104748000C48FDF7DDFF0C4A7B8B13800A4A7B7E01
:104758009370094A3B7ED3707B6801221A6097F9EF
:10476800273018462837BD4680BD00BF24E600081C
:1047780068E6000898E6000814000020F0B58FB03D
:1047880004AFF860B9607A60002387F82730FA68C8
:10479800BB6813443B623B6AFB61584B1B887B83B5
:1047A800564B9B787B76554BDB783B7600237B61B9
:1047B8000023FB743A7E797E7B8B1846FFF7F2FD67
:1047C8000346FB74FB7C002B0BD1798B7A7E3B7EF6
:1047D8004B48FDF795FF7B6802221A606FF00503CE
:1047E80087E07B8B1846FFF78DFD0346002B0CBF37
:1047F80001230023DBB2FB74FB7C002B0AD17B8BEB
:1048080019464048FDF77CFF7B6802221A606FF06A
:1048180007036EE0FB695878FB699978FB695B6868
:104828001A46FFF71BFE0346FB74FB7C002B1BD1CB
:10483800798B7A7E387EFB695B781C46FB699B78AE
:104848001D46FB69DB781E46FB695B68039302968D
:104858000195009403462C48FDF752FF7B6802221D
:104868001A606FF0010344E0798B7A7E387EFB6929
:104878005B781C46FB699B781D46FB69DB781E4606
:10488800FB695B68039302960195009403461F48F1
:10489800FDF736FF1E4B19687A8B13465B001344ED
:1048A800DB000B4419687A7E1346DB009B1A9B00D9
:1048B8000B441A683B7EDB0013447B61FB695A7822
:1048C8007B691A70FB699A787B695A70FB69DA7898
:1048D8007B699A70FB695A687B695A60074BDB7879
:1048E8000133DAB2054BDA707B6801221A6097F956
:1048F800273018462C37BD46F0BD00BF14000020F5
:10490800E8E6000844E7000874E70008ECE7000858
:104918007804002090B58DB002AFF860B9607A6075
:10492800002387F82730FA68BB6813443B623B6A68
:10493800FB610023BB610023FB75614B1B68002BE7
:1049480008D0FB695B889AB25D4B9B889A4201D27A
:10495800012300E00023FB75FB7D002B0CD1FB69D4
:104968005B889BB219465748FDF7CAFE7B6802224E
:104978001A606FF001039FE0514B1A68FB695B886E
:104988009BB219460B465B000B44DB001344BB612A
:10499800FB695B889BB21846FFF7B4FC0346002B03
:1049A8000CBF01230023DBB2FB75FB7D002B0CD170
:1049B800FB695B889BB219464348FDF7A1FE7B68FB
:1049C80002221A606FF0070376E0FB699B889BB2AE
:1049D8007F2B94BF01230023DBB2FB75FB7D002BEB
:1049E8000CD1FB699B889BB219463848FDF788FEB5
:1049F8007B6802221A606FF001035DE0FB69DB79D6
:104A0800002B0CBF01230023DBB2FB75FB7D002BC1
:104A180008D12F48FDF774FE7B6802221A606FF0F8
:104A2800010349E0FB695B781846FFF732FD03464E
:104A3800FB75FB7D002B0BD1FB695B78194625487C
:104A4800FDF75EFE7B6802221A606FF0090333E00F
:104A5800FB695B889BB21946FB695B781846FB6962
:104A68009B889BB21C46FB699B791A46FB69DB79DC
:104A780001930092234602461748FDF741FEFB6961
:104A88005A78BB691A72FB699B889AB2BB69DA804B
:104A9800FB699A79BB695A72FB69DA79BB699A72C0
:104AA800BB695B7A012B02D8BB6901225A727B6809
:104AB80001221A6097F9273018462C37BD4690BD59
:104AC800780400205CE800088CE80008C0E80008CA
:104AD800F0E800082CE9000860E9000890B58FB0FC
:104AE80000AFF860B9607A60002387F82630FA686A
:104AF800BB6813443B623B6AFB610023BB61FB69F3
:104B08005B889BB27B61002387F837300023FB74F6
:104B18008A4B1B68002B07D0884B9B881A467B69F9
:104B2800934201DA012300E0002387F8373097F831
:104B38003730002B09D179698148FDF7E1FD7B68A1
:104B480002221A606FF00103B2E17E4A7B691360AA
:104B58007A4B19687A6913465B001344DB000B44EF
:104B6800BB61FB695B781846FFF7A6FC034687F82C
:104B7800373097F83730002B0BD1FB695B78194633
:104B88007148FDF7BDFD7B6802221A606FF00903CA
:104B98008EE1FFF7C3FC0346002B5AD0BB695B7953
:104BA800002B56D1BB691B7A03F00203002B21D0DE
:104BB800BB691B68002B09D0604BDB791A46BB69BF
:104BC8001B791344802B01DC012300E0002387F8C4
:104BD800373097F83730002B2DD0584BDA79BB692E
:104BE800DA72564BDA79BB691B791344DAB2534B44
:104BF800DA7120E0BB691B68002B09D04F4B9B7909
:104C08001A46BB691B791344FC2B01DC012300E025
:104C1800002387F8373097F83730002B0BD0474BF5
:104C28009A79BB69DA72454B9A79BB691B79134447
:104C3800DAB2424B9A7197F83730002B09D179696B
:104C48004248FDF75DFD7B6802221A606FF0080399
:104C58002EE1FB695B78012B04D0FB695B78022BA2
:104C680040F0908000233B63012387F8373000230E
:104C78003B637CE00023FB620023BB620023FB62F2
:104C880013E0BB6919683A6B1346DB009B1A9B005B
:104C98000B441A68FB6ADB0013445B781A46BB6A4C
:104CA8001344BB62FB6A0133FB62BB6919683A6B48
:104CB8001346DB009B1A9B000B441B791A46FB6AC0
:104CC8009342DEDB3B6B002B17D1BB691B7A03F0E9
:104CD8001003002B11D0BB69DB891A46BB6A02FBA3
:104CE80003F35C1D02F0E8F903469C4294BF0123DC
:104CF8000023DBB287F8373010E0BB69DB891A463E
:104D0800BB6A02FB03F35C1C02F0D6F903469C4223
:104D180094BF01230023DBB287F8373097F8373088
:104D2800002B17D13A6B79690948FDF7E9FC7B68D4
:104D380002221A606FF00803BAE000BF780400206E
:104D4800C4E9000810000020F4E9000824EA00087B
:104D580060EA0008BB6919683A6B1346DB009B1AC6
:104D68009B000B44BA6A9A603B6B01333B63BB6997
:104D78001B791A463B6B934204DA97F83730002BBD
:104D88007FF478AFBB69DB881846FFF74DFA034616
:104D9800FB74FB7C002B7DD0002387F82730FB6950
:104DA8005B78022B53D0022B5FDC002B02D0012B47
:104DB80013D05AE079694048FDF7A2FCBB6901228B
:104DC8005A71FFF7C7FA0346002B4BD00120FEF7B4
:104DD800FDFB4020FEF72AFC44E079693748FDF7DF
:104DE8008FFCBB695B69B3F1FF3F22D1BB69DA88ED
:104DF800334B1B889A420CD1314B5868304B996819
:104E0800BB6914331A4602F033FE034687F827308D
:104E18000FE07B69002B0CDCBB69DB88002B08D119
:104E2800B869FFF7E3FB034687F82730BB69002220
:104E38001A8297F92730002B16D1BB6903225A71C1
:104E48000220FEF7C3FB4020FEF7DCFB0CE0FB6909
:104E58005B889BB219461B48FDF752FCBB690222CE
:104E68005A7102E000BF00E000BFBB69DB8818464A
:104E7800FFF700FA7B6802221A6097F92730002BA7
:104E880008D01148FDF73CFC7B6802221A606FF0DD
:104E980002030DE0FB7C002B08D10C48FDF730FC29
:104EA8007B6802221A606FF00A0301E097F9263046
:104EB80018463C37BD4690BDC4EA0008F0EA000831
:104EC800180000201CEB000848EB000894EB0008D1
:104ED80080B586B000AF0346B9607A60FB7397F976
:104EE8000F30002B12D1BB687B617B69FF221A70DF
:104EF8000C4B1A680C4B1B6819460B465B000B449D
:104F0800DB001344DA7A7B695A7006E097F90F30B0
:104F18007A68B9681846FEF7BBFB00BF1837BD466C
:104F280080BD00BF780400201000002090B58BB031
:104F380000AFF860B9607A600023FB77FA68BB6855
:104F48001344BB61BB697B610023FB740023BB7402
:104F580000237B627B695B781846FFF7C6FA034635
:104F6800FB74FB7C002B0BD17B695B781946A64848
:104F7800FDF7C6FB7B6802221A606FF0090362E145
:104F8800A24B1B68002B05D0A04B9B88002B01D09F
:104F9800012300E00023FB74FB7C002B08D19C4814
:104FA800FDF7AEFB7B6802221A606FF001034AE14D
:104FB80001F07AFA0346BB74BB7C002B00F0358104
:104FC800002387F8233000233B847B695B78022B1E
:104FD80000F0D580022B00F30681002B02D0012BB4
:104FE8002CD000E100237B621BE0884B19687A6AA9
:104FF80013465B001344DB000B445B79002B0DD098
:10500800796A8448FDF77CFB804B19687A6A1346F5
:105018005B001344DB000B4401225A717B6A0133A5
:105028007B627A4B9B881A467B6A9342DDDB0120C0
:10503800FEF7CCFA4020FEF7F9FAD4E000237B62B1
:1050480063E0724B19687A6A13465B001344DB000D
:105058000B445B79022B55D16C4B19687A6A13465D
:105068005B001344DB000B445B69B3F1FF3F49D19C
:10507800664B19687A6A13465B001344DB000B44DD
:10508800DA88654B1B889A4214D1634B5868624B87
:105098009C685E4B19687A6A13465B001344DB0010
:1050A8000B4414331A46214602F0E2FC034687F803
:1050B800233027E07B6A002B24DC544B19687A6A7A
:1050C80013465B001344DB000B44DB88002B19D12B
:1050D8004E4B19687A6A13465B001344DB000B4495
:1050E8001846FFF783FA034687F82330474B1968B9
:1050F8007A6A13465B001344DB000B4400221A82D1
:105108007B6A3B847B6A01337B62404B9B881A46EF
:105118007B6A934203DA97F92330002B91D097F9F1
:105128002330002B5CD100237B6221E0374B1968C8
:105138007A6A13465B001344DB000B445B79022B4D
:1051480013D1796A3548FDF7DBFA304B19687A6A6A
:1051580013465B001344DB000B4403225A71022000
:10516800FEF734FA4020FEF74DFA7B6A01337B6282
:10517800264B9B881A467B6A9342D7DB30E0002394
:105188007B621BE0214B19687A6A13465B00134463
:10519800DB000B445B79022B0DD1796A1D48FDF7C2
:1051A800AFFA1A4B19687A6A13465B001344DB009E
:1051B8000B4401225A717B6A01337B62134B9B8833
:1051C8001A467B6A9342DDDBFFF7C4F80346002BDF
:1051D80008D00120FEF7FAF94020FEF727FA01E08F
:1051E80000BF00E000BF01F06EF997F92330002BF3
:1051F80018D03B8C19460A48FDF782FA7B680222D0
:105208001A606FF002031EE0DCEB0008780400204F
:105218000CEC000838EC00081800002060EC0008CE
:1052280088EC00087B6801221A60BB7C002B08D13F
:105238000748FDF765FA7B6802221A606FF00A03D7
:1052480001E097F91F3018462C37BD4690BD00BFC6
:10525800D4EC000880B584B000AFF860B9607A601B
:105268000548FDF74DFA7B6808221A6000231846A6
:105278001037BD4680BD00BF18ED000880B586B068
:1052880000AF0346B9607A60FB73BB687B61082294
:105298000021786908F0A0FB7B69FF221A707B69FE
:1052A80011225A707B694FF0FF329A704FF0FF322B
:1052B800DA707B69002262F07F021A7100225A714B
:1052C8007B6900229A717B690022DA717B695B78BD
:1052D80019461048FDF714FA7B695B889BB219469A
:1052E8000D48FDF70DFA7B699B889BB219460B4860
:1052F800FDF706FA7B699B7919460948FDF700FA1C
:105308007B69DB7919460748FDF7FAF900BF1837BA
:10531800BD4680BD30ED00084CED000868ED000882
:1053280084ED0008A0ED000880B584B000AFF860F7
:10533800B9607A600548FDF7E3F97B6808221A60CE
:10534800002318461037BD4680BD00BFBCED0008DD
:1053580080B586B000AF0346B9607A60FB73BB685E
:105368007B6108220021786908F036FB7B69FF22FF
:105378001A707B6901225A707B69FF229A707B69D7
:105388000122DA707B69FF221A717B6934225A7113
:105398007B69002242F001029A710022DA717B696E
:1053A8005B7819461248FDF7ABF97B699B7819467B
:1053B8001048FDF7A5F97B69DB7819460E48FDF71B
:1053C8009FF97B691B7919460C48FDF799F97B69A8
:1053D8005B7919460A48FDF793F97B69DB889BB22C
:1053E80019460848FDF78CF900BF1837BD4680BD3F
:1053F800D8ED000800EE000828EE000850EE00087E
:1054080078EE0008A4EE000880B586B000AFF8601A
:10541800B9607A600023FB750023BB750F48FDF760
:105428006FF901F057F80346BB75BB7D002B08D117
:105438000B48FDF765F97B6802221A606FF00A03D2
:1054480007E00120FEF7C2F87B6801221A6097F98D
:10545800173018461837BD4680BD00BFCCEE00088F
:10546800FCEE000880B58CB000AFF860B9607A60D7
:10547800002387F82B30FA68BB6813447B627B6A89
:105488003B623B6A5B889BB2FB610023BB610023E4
:10549800FB750023FB62514B1B68002B0CBF0123DB
:1054A8000023DBB2FB75FB7D002B08D14C48FDF7D0
:1054B80027F97B6802221A606FF003038AE0FB6910
:1054C800002B05DDFB69B3F5803F01DA012300E01D
:1054D8000023FB75FB7D002B09D1F9694148FDF7D5
:1054E8000FF97B6802221A606FF0010372E0FA6913
:1054F80013465B001344DB001A46F9693A48FDF786
:10550800FFF8FA6913465B001344DB00184601F004
:10551800C5FFB861BB69002B09D1F9693348FDF7AC
:10552800EFF87B6802221A606FF0020352E0FA6912
:1055380013465B001344DB001A460021B86908F0E3
:105548004BFA264ABB691360FB699AB2234B9A80CF
:105558000023FB6235E0FA6A13465B001344DB0064
:105568001A46BB6913444FF0FF325A61FA6A134670
:105578005B001344DB001A46BB69134400221A730C
:10558800FA6A13465B001344DB001A46BB691344EE
:1055980001225A73FA6A13465B001344DB001A4669
:1055A800BB6913440122DA81FA6A13465B0013448B
:1055B800DB001A46BB69134400221A82FB6A0133D6
:1055C800FB62FA6AFB699A42C5DB7B6801221A60B2
:1055D80097F92B3018463037BD4680BD7804002037
:1055E80038EF00087CEF0008ACEF0008D8EF00089F
:1055F80090B589B000AFF860B9607A600023FB7796
:10560800FA68BB681344BB61BB697B617B699A78A4
:10561800DB781B0213437B827B691B797B74002335
:105628003B745C4B1B68002B14BF01230023DBB2C7
:105638003B743B7C002B08D15748FDF761F87B6829
:1056480002221A606FF003039FE0524B9B887A8A0C
:105658009A4234BF01230023DBB23B743B7C002B0E
:105668000AD17B8A19464D48FDF74AF87B68022221
:105678001A606FF0010388E07B7C002B04D07B7CF0
:10568800FC2B01D8012300E000233B743B7C002B5A
:105698000BD17B7C7A8A19464148FDF731F87B6843
:1056A80002221A606FF001036FE03A4B19687A8A98
:1056B80013465B001344DB000B441B68002B0CBF34
:1056C80001230023DBB23B743B7C002B08D1354817
:1056D800FDF716F87B6802221A606FF0030354E0A6
:1056E800797C788A7A7C1346DB009B1A9B000246F9
:1056F8002D48FDF705F87A7C1346DB009B1A9B00C2
:105708001846244B19687A8A13465B001344DB0059
:10571800CC1801F0C3FE034623601E4B19687A8A31
:1057280013465B001344DB000B441B68002B0BD1B2
:105738007B7C7A8A19461D48FCF7E2FF7B680222C7
:105748001A606FF0020320E0124B19687A8A134638
:105758005B001344DB000B4418687A7C1346DB00BB
:105768009B1A9B001A46002108F036F9094B196864
:105778007A8A13465B001344DB000B447A7C1A7167
:105788007B6801221A6097F91F3018462437BD46F6
:1057980090BD00BF7804002010F0000850F0000809
:1057A8007CF00008B8F00008F4F000082CF10008BC
:1057B80090B58DB002AFF860B9607A60002387F8C1
:1057C8002730FA68BB6813443B623B6AFB61FB699C
:1057D8009A78DB781B0213437B83FB691B797B7602
:1057E800FB695B793B760023FB75844B1B68002BB8
:1057F80014BF01230023DBB2FB75FB7D002B08D10E
:105808007F48FCF77DFF7B6802221A606FF0030374
:10581800F0E07A4B9B887A8B9A4234BF01230023AD
:10582800DBB2FB75FB7D002B0AD17B8B19467548D3
:10583800FCF766FF7B6802221A606FF00103D9E06B
:105848006E4B19687A8B13465B001344DB000B44DC
:105858001B68002B14BF01230023DBB2FB75FB7D03
:10586800002B08D16848FCF74BFF7B6802221A60BE
:105878006FF00303BEE0614B19687A8B13465B0037
:105888001344DB000B441B797A7E9A4234BF012310
:105898000023DBB2FB75FB7D002B0AD17B7E19460A
:1058A8005A48FCF72DFF7B6802221A606FF001034B
:1058B800A0E0524B19687A8B13465B001344DB0057
:1058C8000B4419687A7E1346DB009B1A9B000B4435
:1058D8001B68002B0CBF01230023DBB2FB75FB7D8B
:1058E800002B08D14A48FCF70BFF7B6802221A609C
:1058F8006FF003037EE03B7E002B14BF01230023DF
:10590800DBB2FB75FB7D002B0BD1397E7A7E7B8B5E
:105918004048FCF7F5FE7B6802221A606FF001032D
:1059280068E0397E7A8B787E3B7EDB000093034605
:105938003948FCF7E5FE3B7ED800304B19687A8B76
:1059480013465B001344DB000B4419687A7E134648
:10595800DB009B1A9B00CC1801F0A0FD03462360D6
:10596800264B19687A8B13465B001344DB000B4403
:1059780019687A7E1346DB009B1A9B000B441B6850
:10598800002B0BD1397E7A8B7B7E2448FCF7B8FE3E
:105998007B6802221A606FF002032BE0174B19682C
:1059A8007A8B13465B001344DB000B4419687A7E3C
:1059B8001346DB009B1A9B000B4418683B7EDB00F8
:1059C8001A46002108F008F80C4B19687A8B134620
:1059D8005B001344DB000B4419687A7E1346DB0036
:1059E8009B1A9B000B443A7E1A717B6801221A604D
:1059F80097F9273018462C37BD4690BD780400200B
:105A08006CF10008B0F10008E4F1000824F2000885
:105A180050F200089CF20008ECF2000838F3000885
:105A280080B485B000AFF860B9607A607B68022204
:105A38001A606FF00F0318461437BD465DF8047BF3
:105A48007047000080B58AB000AFF860B9607A602E
:105A5800002387F82730FA68BB6813443B623B6A27
:105A6800FB61FB699A78DB781B0213437B83FB6934
:105A78001B797B76FB695B793B76FB699A79DB79E5
:105A88001B021343FB8201237B756C4B1B68002BA5
:105A980014BF01230023DBB27B757B7D002B08D16B
:105AA8006748FCF72DFE7B6802221A606FF003033B
:105AB800C0E0624B9B887A8B9A4234BF0123002353
:105AC800DBB27B757B7D002B0AD17B8B19465D4849
:105AD800FCF716FE7B6802221A606FF00103A9E04A
:105AE8007B8B002B0CBF01230023DBB27B757B7DF6
:105AF800002B0AD17B8B19465348FCF701FE7B68C3
:105B080002221A606FF0090394E07B7E002B02D01A
:105B18007B7E022B01D1012300E000237B757B7D76
:105B2800002B0AD17B7E19464848FCF7E9FD7B68C3
:105B380002221A606FF009037CE03B7E012B0CBF48
:105B480001230023DBB27B757B7D002B0AD13B7ED2
:105B580019463F48FCF7D4FD7B6802221A606FF0B3
:105B6800090367E07B7E002B02D1FB8A012B05D05D
:105B78007B7E002B04D0FB8A012B01D9012300E096
:105B880000237B757B7D002B0AD1FB8A194631489F
:105B9800FCF7B6FD7B6802221A606FF0090349E042
:105BA8007B8B1846FEF7AEFB0346002B0CBF012388
:105BB8000023DBB27B757B7D002B08D12648FCF7E0
:105BC8009FFD7B6802221A606FF0070332E0797E3E
:105BD8003A7EFB8A2148FCF793FD184B19687A8BAB
:105BE80013465B001344DB000B447A7E1A73134B95
:105BF80019687A8B13465B001344DB000B443A7E2A
:105C08005A730E4B19687A8B13465B001344DB00FA
:105C18000B44FA8ADA81094B19687A8B13465B00C0
:105C28001344DB000B4400221A827B6801221A60AD
:105C380097F9273018462837BD4680BD78040020DC
:105C480088F30008D0F3000808F400086CF4000892
:105C5800A8F40008ECF4000830F500088CF50008FA
:105C680080B588B000AFF860B9607A600023FB7730
:105C7800FA68BB681344BB61BB695B78012B0CBF36
:105C880001230023DBB2FB75FB7D002B0BD1BB6925
:105C98005B7819460A48FCF733FD7B6802221A60D4
:105CA8004FF0FF3308E07A68B968F868FFF7CAFE72
:105CB8000346FB7797F91F3018462037BD4680BD4D
:105CC800DCF5000880B582B000AF0346FB71FB79B4
:105CD8000D2204491846FDF769FD034618460837A2
:105CE800BD4680BDB804010880B500AF084B00224E
:105CF8001A60084B00221A6008220021064807F0A3
:105D08006BFE064800F018F800F0C2FC00BF80BD2A
:105D1800840400208004002078040020CD5C000862
:105D280080B400AF034B1B681846BD465DF8047B82
:105D3800704700BF8804002080B483B000AF78604B
:105D4800044A7B68136000BF0C37BD465DF8047BCE
:105D5800704700BF8804002080B584B000AF0346B8
:105D6800FB800023FB600023BB60224B1B68002BD9
:105D780004D0204B9B88FA889A4205D31E48FCF72A
:105D8800BFFC4FF0FF3331E01A4B1968FA8813460D
:105D98005B001344DB000B44BB60FB881846FEF72E
:105DA800C5FB0346002B03D0BB681B8A002B01D11F
:105DB80000231BE00023FB600EE0BB681968FA684B
:105DC8001346DB009B1A9B000B44DB68184601F066
:105DD800D9FBFB680133FB60BB681B791A46FB687B
:105DE8009342EADBBB6800221A8200231846103768
:105DF800BD4680BD7804002014F6000880B487B042
:105E080000AFF8600B467A60FB72FB681968FA7A93
:105E18001346DB009B1A9B000B443B613B695B69A3
:105E28007B613B6900229A61FB68DA7AFB7A13444A
:105E3800DAB27B691A707B6901337B61FB7A002BCC
:105E480011D1FB681B7A03F01003002B0BD07A6882
:105E58007B691A603B699B6904337A6913447B61E7
:105E68003B6900229A613B697A695A6100BF1C3715
:105E7800BD465DF8047B704780B588B000AF786098
:105E88000023FB777B685B69BB610023FB7735E008
:105E98007B681A68FB7FDB0013447B617B695B6866
:105EA8003B617B691B78FF2B12D03B69FB60FB6869
:105EB8001B687A691278114601228A401340002B28
:105EC80014BF01230023DBB21A46BB691A7006E02F
:105ED8007B695B781A463969B869FAF7F7FD7B6917
:105EE8005B781A467B689B691344BA691344BB61A3
:105EF8007B6800229A61FB7F0133FB777B681B7903
:105F0800FA7F9A42C4D37B68BA695A6100BF2037C6
:105F1800BD4680BD80B58EB002AF0346B9607A60D9
:105F2800FB81002387F82F30002387F82E300023C9
:105F3800BB62002387F82D30002387F82730002321
:105F480087F82630724B1B68002B04D0704B9B8857
:105F5800FA899A4205D36F48FCF7D2FB4FF0FF331A
:105F6800D1E06B4B1968FA8913465B001344DB00D8
:105F78000B44BB62FB891846FEF7D8FA034687F83C
:105F8800273097F82730002B06D0BB6A1B8A0133CD
:105F9800BA6AD289934201D1012300E0002387F82D
:105FA8002630002387F82D3093E0BB6A196897F8EC
:105FB8002D201346DB009B1A9B000B443B6201F02B
:105FC80033F8F8610023BB6197F82730002B03D022
:105FD800BB6A1B8A002B01D1012300E00023FB755B
:105FE800FB7D002B3CD097F82D301946B86AFEF798
:105FF800D3FA02463B6A1A613B6A1B6901211846BB
:1060080001F022F8B861BB6A5B69B3F1FF3F09D0C0
:10601800BB6A5B69B969184601F0BAFD02463B6A7A
:10602800DA6005E0B86901F039FA02463B6ADA60DD
:106038003B6ADB68002B0DD03B6ADA68FB691A44BF
:106048003B6A5A6197F82D30BA681946B86AFFF763
:10605800D5FE05E0012387F82E30F62387F82F3088
:1060680097F82E30002B2FD13B6ADB68002B2BD002
:10607800BB6ADA88284B1B889A4202D0386AFFF735
:10608800FBFE97F82630002B1ED03B6A1B690121C6
:10609800184600F0D9FFB8613B6ADA683B6A1B69A9
:1060A800F9890193FB690093BB69786800F0CEFD1C
:1060B800034687F82F3097F92F30002B04D03B6A1E
:1060C800DB68184601F05EFA97F82D30013387F83F
:1060D8002D30BB6A1B7997F82D209A4204D297F885
:1060E8002E30002B3FF461AFBB6A1B8A0133BA6ABA
:1060F800D28993FBF2F101FB02F29B1A9AB2BB6AB6
:106108001A8297F92F3018463037BD4680BD00BF38
:106118007804002014F600081800002080B586B026
:1061280000AF03463960FB8013467B710023FB7583
:10613800FB881846FEF7AEF8394B1B68002B64D075
:10614800374B9B88002B60D00023BB82344B1B68E5
:106158003B610023BB824FE0BA8A13465B001344BD
:10616800DB001A463B6913441B7A03F00203002B39
:106178003FD1BA8A13465B001344DB001A463B69D9
:1061880013445B79032B34D1BA8A13465B0013445A
:10619800DB001A463B691344DB88FA889A4228D107
:1061A800BB8A1946002000F037FD0346FB73FB7BD2
:1061B800002B01D0002301E04FF0FF33BB607B7957
:1061C800002B06D0BB8A1846FFF7C6FD0346FB75B1
:1061D80007E0BB8ABA6839681846FFF79BFE034692
:1061E800FB75FB7B002B04D0BB8A1946002000F00E
:1061F80020FDBB8A0133BB82094B9B88BA8A9A422D
:1062080003D297F91730002BA6D0FB881846FEF763
:106218005DF897F9173018461837BD4680BD00BF9E
:106228007804002080B58EB002AF7860002387F82C
:106238002F309C4B1B68002B00F02E8100F034F9A6
:10624800034687F8293097F82930002B00F0218180
:10625800944B1B687B62934B9B883B620023BB85F6
:106268000023BB850DE1BB8D1846FEF75FF9034699
:10627800FB77FB7F002B00F00181BA8D13465B0092
:106288001344DB001A467B6A13445B79032B40F006
:10629800F580BA8D13465B001344DB001A467B6A0F
:1062A80013441B8A002B00F0E980BB8D194600209F
:1062B80000F0B2FC0346BB77BB7F002B01D0002364
:1062C80001E04FF0FF33BB6100237B8500237B8512
:1062D800BCE0BA8D13465B001344DB001A467B6AA8
:1062E800134419687A8D1346DB009B1A9B000B44F4
:1062F800DB68002B00F0A780BA8D13465B001344BF
:10630800DB001A467B6A134419687A8D1346DB0052
:106318009B1A9B000B441B690121184600F094FE50
:10632800786100F081FE3861BA8D13465B00134432
:10633800DB001A467B6A134419687A8D1346DB0022
:106348009B1A9B000B44DA683B691344FB60BA8DC7
:1063580013465B001344DB001A467B6A1344196832
:106368007A8D1346DB009B1A9B000B441969BA8D82
:1063780013465B001344DB001A467B6A1344186813
:106388007A8D1346DB009B1A9B0003445A69FB680D
:10639800D31ACB1ABB60BA8D13465B001344DB00DB
:1063A8001A467B6A134419687A8D1346DB009B1AD8
:1063B8009B000B445B69BA680021184607F00CFB88
:1063C800BA8D13465B001344DB001A467B6A1344FC
:1063D80019687A8D1346DB009B1A9B000B44D8681A
:1063E800BA8D13465B001344DB001A467B6A1344DC
:1063F80019687A8D1346DB009B1A9B000B441B69B6
:10640800B98D01933B6900937B690246B86900F036
:106418001DFC034687F82F3097F92F30002B12D038
:10642800BA8D13465B001344DB001A467B6A13449B
:1064380019687A8D1346DB009B1A9B000B44DB68B6
:10644800184601F09FF87B8D01337B85BA8D134682
:106458005B001344DB001A467B6A13441B791A4617
:106468007B8D9342FFF435AFBA8D13465B0013441E
:10647800DB001A467B6A134400221A82BB8D013363
:10648800BB85BB8D3A6A9A423FF7EDAE00F01BF828
:1064980002E0FA2387F82F3097F92F301846303763
:1064A800BD4680BD7804002080B582B000AF0123CE
:1064B800FB710020FDF7B8FE0346FB71FB79184617
:1064C8000837BD4680BD80B500AF0020FDF7D2FE7D
:1064D80000BF80BD80B586B000AF0123FB75614B5E
:1064E8001B68002B00F0B9805E4B1B68BB605D4BDE
:1064F8009B887B60FFF7D8FF0346FB75FB7D002B6D
:1065080000F0AB8000233B610023FB60554B002269
:106518001A60544B00229A80524B00229A71514BB8
:106528000022DA71504B4FF0FF321A60FFF7CBFFB1
:1065380000F0D0FD00233B6184E03A6913465B001C
:106548001344DB001A46BB681344DA88474B1B88A0
:106558009A420CD13A6913465B001344DB001A4691
:10656800BB6813445B69184601F0E0FA18E03B6920
:10657800002B15DC3A6913465B001344DB001A460E
:10658800BB681344DB88002B0AD13A6913465B00C9
:106598001344DB001A46BB6813441846FEF76AF832
:1065A8003A6913465B001344DB001A46BB68134480
:1065B8001B68002B43D00023FB6027E03A69134691
:1065C8005B001344DB001A46BB6813441968FA6879
:1065D8001346DB009B1A9B000B441B68002B12D050
:1065E8003A6913465B001344DB001A46BB68134440
:1065F8001968FA681346DB009B1A9B000B441B685A
:10660800184600F0BFFFFB680133FB603A69134688
:106618005B001344DB001A46BB6813441B791A4617
:10662800FB689342CADB3A6913465B001344DB00FC
:106638001A46BB6813441B68184600F0A3FF3B6961
:1066480001333B613A697B689A42FFF676AFB868D6
:1066580000F098FF4020FCF7E9FFFB7D184618374B
:10666800BD4680BD780400201000002018000020DE
:1066780080B500AFFFF72EFF00F011F80020FFF7FC
:106688005BFB024B00221A6000BF80BD840400201F
:1066980080B400AF00BFBD465DF8047B704780B48E
:1066A80000AF00BFBD465DF8047B704780B584B07D
:1066B80000AF0346FB710123FB6000F004FDB860E6
:1066C800FA79BB68A3F10801FB68B1FBF3F39A42BE
:1066D80094BF01230023DBB218461037BD4680BDA6
:1066E80080B584B000AF0346FB710123FB6000F066
:1066F800EAFCB860FB79002B09D0FA79BB68991ECF
:10670800FB68B1FBF3F39A4201D8012300E00023B0
:10671800DBB218461037BD4680BD000080B584B096
:1067280000AF78600B46FB70FDF732FDF860F96842
:106738000648FBF7E5FFFB781A467968F868FAF728
:10674800C5F900BF1037BD4680BD00BF34F600084C
:1067580080B58AB000AFF860B9607A60002387F826
:106768002730FA68BB6813443B623B6AFB6100232D
:10677800FB76FDF70DFD7861FB695B781846FFF73E
:10678800AFFF0346FB76FB7E002B0BD1FB695B78E2
:1067980019461848FBF7B4FF7B6802221A606FF0AD
:1067A800010323E07B69002B02D07B69002B08D111
:1067B8001148FBF7A5FF7B6802221A606FF00B03F4
:1067C80014E00E48FBF79CFF3B6A9A1CFB695B7858
:1067D80019461046FFF7A2FFFB695B781846FDF7DC
:1067E80001FD7B6801221A6097F92730184628377F
:1067F800BD4680BD4CF600087CF6000898F60008F7
:1068080080B588B000AFF860B9607A600023FB7784
:10681800FA68BB681344BB61BB697B610023FB74E6
:106828007B695B781846FFF741FF0346FB74FB7CE6
:10683800002B0BD17B695B7819461C48FBF760FF7E
:106848007B6802221A606FF001032BE07B695A68AB
:106858007B69DB7819461046FDF7A6FC0346FB74F6
:10686800FB7C002B08D11248FBF74AFF7B68022209
:106878001A606FF00B0315E00E48FBF741FFBB6988
:1068880003F108027B695B7819461046FFF746FF5B
:106898007B695B781846FDF7A5FC7B6801221A60C6
:1068A80097F91F3018462037BD4680BDA4F600086A
:1068B800DCF6000800F7000880B582B000AF034698
:1068C800FB71FB79022204491846FCF76FFF034667
:1068D80018460837BD4680BD5405010880B500AF8D
:1068E800024800F011F800BF80BD00BFC168000871
:1068F80080B400AF034B1B681846BD465DF8047BA7
:10690800704700BF8C04002080B483B000AF78606B
:10691800044A7B68136000BF0C37BD465DF8047BF2
:10692800704700BF8C04002080B400AF00BFBD4694
:106938005DF8047B704780B483B000AF78607B68F3
:1069480000221A607A687B685A6000BF0C37BD461F
:106958005DF8047B704780B483B000AF786039601D
:106968003B6800221A607B685B683A681A603A687C
:106978007B685A6000BF0C37BD465DF8047B7047E2
:1069880080B483B000AF786039607B681A683B6870
:106998001A607B681B68002B0BD07B681B681A6821
:1069A8007B681A607B681B68002B02D17A687B6859
:1069B8005A6000BF0C37BD465DF8047B704780B451
:1069C80083B000AF786039607B681A683B681A60EA
:1069D8007B681B68002B02D13A687B685A607B6829
:1069E8003A681A6000BF0C37BD465DF8047B7047F3
:1069F80080B582B000AF78607868FFF79CFF00BF71
:106A08000837BD4680BD000080B582B000AF0023C6
:106A18003B600023FB8003F0C6FB0346134A136068
:106A28000023FB8015E0FB88DB00114A13443A463B
:106A380011461846FFF7A4FF3B68002B03D03B68BC
:106A4800184600F09FFD3B68002BECD1FB88013312
:106A5800FB80FB88012BE6D9044B1B68184603F022
:106A6800B3FB00BF0837BD4680BD00BFA0040020AF
:106A78009004002080B582B000AF00233B60002363
:106A88007B6003F090FB0346134A136000237B608E
:106A980015E07B68DB00114A13443A461146184654
:106AA800FFF76EFF3B68002B03D03B68184600F0E9
:106AB80069FD3B68002BECD17B6801337B607B6808
:106AC800002BE6DD044B1B68184603F07DFB00BF76
:106AD8000837BD4680BD00BFAC040020A4040020D8
:106AE80080B586B000AF7860396000237B750023DD
:106AF800FB823F4B1B78002B05D03E48FBF700FE7E
:106B08006FF00B036FE00023FB8209E0FB8ADB00D8
:106B1800394A13441846FFF70EFFFB8A0133FB82FC
:106B2800FB8A012BF2D9354B00221A600023FB8225
:106B380009E0FB8ADB00324A13441846FFF7FBFEE4
:106B4800FB8A0133FB82FB8A002BF2D02D4B0022FB
:106B58001A6000F0B9FB03467B7597F91530002BD6
:106B680008D097F9153019462748FBF7C9FD97F95A
:106B7800153038E000F0A7FA38610021386900F0D4
:106B880063FAF860214A0221F86800F0B3FD034671
:106B98007B7597F91530002B08D097F915301946F1
:106BA8001B48FBF7ADFD97F915301CE0174B1B6828
:106BB800184601F02BFE3968786801F03BFB034664
:106BC8007B7597F91530002B08D097F915301946C1
:106BD8001048FBF795FD97F9153004E0044B0122A6
:106BE8001A7097F9153018461837BD4680BD00BF92
:106BF800B004002014F7000890040020A00400202E
:106C0800A4040020AC0400204CF700082400002055
:106C18009CF70008F0F7000880B483B000AF7860F4
:106C28000B467B80012318460C37BD465DF8047B74
:106C3800704780B483B000AF78600B467B80002338
:106C480018460C37BD465DF8047B704780B58AB09E
:106C580000AFF8607A603B600B467B8100237B6263
:106C680000233B620023FB6100237B610023FB764A
:106C7800FB68B3F1FF3F0BD0FB68002B02DBFB681E
:106C8800012B05DD3848FBF73BFD4FF0FF3366E08D
:106C98007B68002B05D13548FBF732FD4FF0FF33F9
:106CA8005DE000F0C1F902463B6B934205D03048E5
:106CB800FBF726FD4FF0FF3351E07B6B002B05D12E
:106CC8002C48FBF71DFD4FF0FF3348E03A6B7B6B18
:106CD80013443A689A4205D22748FBF711FD4FF052
:106CE800FF333CE0254B1B78002B05D12448FBF7EC
:106CF80007FD6FF0080332E07B687B627B6808332E
:106D08003B623B68083BFB6103F04DFA03461D4AB2
:106D1800136007F114027B6BF969386A01F046FCCD
:106D28000346FB7697F91B30002B06D097F91B30EA
:106D380019461548FBF7E4FC0AE07A697B6A5A6051
:106D4800FB68DB00114A1344796A1846FFF703FE13
:106D58000C4B1B68184603F037FA97F91B30184696
:106D68002837BD4680BD00BF3CF8000868F8000819
:106D780094F80008C4F80008F4F80008B0040020EB
:106D880024F90008A004002060F9000890040020FD
:106D980080B584B000AF0023FB7300237B60002321
:106DA8003B600123BB60314B1B78002B05D1304879
:106DB800FBF7A6FC6FF0080354E003F0F4F9034670
:106DC8002C4A1360BB68DB002B4A13443A46114631
:106DD8001846FFF7D5FD274B1B68184603F0F4F952
:106DE8003B68002B14D103F0DEF90346214A1360F7
:106DF8000023BB60BB68DB001F4A13443A461146B8
:106E08001846FFF7BDFD1B4B1B68184603F0DCF95D
:106E18003B68002B22D03B685B687B603B687A68E4
:106E28000821184601F03EFA0346FB7397F90F3024
:106E3800002B15D003F0B7F903460E4A1360BB6860
:106E4800DB000D4A13443A6811461846FFF7B7FDB0
:106E5800084B1B68184603F0B7F901E0FE23FB73E3
:106E680097F90F3018461037BD4680BDB004002092
:106E7800A4F90008A00400209004002080B584B084
:106E880000AF0023FB730023BB6000237B60174B1C
:106E98001B78002B05D11648FBF732FC6FF008036E
:106EA80020E007F108023B1D0821184601F0BEFA50
:106EB8000346FB7397F90F30002B11D17B68BA6832
:106EC8005A6003F070F903460A4A13607B68194652
:106ED8000948FFF740FD074B1B68184603F074F993
:106EE80097F90F3018461037BD4680BDB004002012
:106EF800D8F90008AC040020A404002080B588B0AC
:106F080000AFF860B9607A603B6000233B61002302
:106F1800FB610023BB610023FB75FB68002B02DBD0
:106F2800FB68002B05DD3748FBF7EAFB4FF0FF3322
:106F380064E0BB68002B05D13348FBF7E1FB4FF059
:106F4800FF335BE07B68002B05D13048FBF7D8FBAB
:106F58004FF0FF3352E03B68002B05D12C48FBF77C
:106F6800CFFB4FF0FF3349E0BB6A002B05D129481E
:106F7800FBF7C6FB4FF0FF3340E0274B1B78002B95
:106F880005D12648FBF7BCFB6FF0080336E003F099
:106F98000AF90346224A1360FB68DB00214A1344BE
:106FA80007F1100211461846FFF7EAFC1C4B1B6854
:106FB800184603F009F93B69002B02D16FF0010371
:106FC8001CE03B690833FB613B695B68BB61BA6ADB
:106FD800B969F86901F034FB0346FB753A69BB6887
:106FE8001A603B695B6803F108027B681A6000F06D
:106FF8001BF802463B681A6097F917301846203785
:10700800BD4680BD0CFA000838FA00086CFA000882
:10701800A4FA0008DCFA0008B004002014FB0008F9
:10702800AC040020A404002080B582B000AF08237F
:107038007B6001F0B1FB02467B6813447B607B6890
:1070480018460837BD4680BD80B584B000AF78606B
:107058000B46FB700023FB600023BB60FB78002B12
:1070680003D101F0B2FB034602E001F0A5FB0346A1
:10707800BB607A68BB689A4204D90E48FBF740FBAC
:10708800002312E00823FB6001F086FB0246FB6840
:107098001344FB60FA687B681344FB6001F084FBCF
:1070A8000246FB681344FB60FB6818461037BD4670
:1070B80080BD00BF50FB000880B500AF01F07CFB2D
:1070C8000346184680BD80B500AF01F07EFB03463D
:1070D800184680BD80B582B000AF0023FB7101F077
:1070E8007DFB0346FB7197F90730002B08D097F911
:1070F800073019460748FBF703FB97F9073005E007
:10710800FFF782FCFFF7B6FC97F9073018460837F7
:10711800BD4680BD7CFB000880B582B000AF00236F
:10712800FB7101F05BFB0346FB7197F90730002BFD
:1071380008D097F9073019460648FBF7E1FA97F99E
:10714800073003E0FFF760FC97F907301846083767
:10715800BD4680BD7CFB000880B400AF034B1B68B4
:107168001846BD465DF8047B704700BF2400002028
:1071780080B582B000AF0023FB7000237B602E4BEC
:107188001B78002B04D12D48FBF7BAFA00234FE0F7
:1071980001F04CFB0346FB7097F90330002B08D035
:1071A80097F9033019462648FBF7AAFA97F90330EE
:1071B8003EE0FFF729FCFFF75DFC224B1B681846F1
:1071C80000F0AAFB00F09CFD0346FB7097F9033022
:1071D800002B08D097F9033019461B48FBF790FAA3
:1071E80097F9033024E000237B6009E07B68DB002B
:1071F800164A13441846FFF7FBFB7B6801337B6094
:107208007B68012BF2DD00237B6009E07B68DB00F3
:107218000F4A13441846FFF7EBFB7B6801337B608A
:107228007B68002BF2DD044B00221A7097F90330BB
:1072380018460837BD4680BDB0040020C4FB0008CE
:10724800F8FB0008240000203CFC00089004002003
:10725800A404002080B588B000AFF860B9607A60F7
:10726800FB68002B2BD00023FB61BB681A1D7B68D1
:1072780002FB03F37B617A690021F86806F0ACFB36
:107288000023BB6117E0FB683B613B6900225A6041
:107298003B69FF221A70FB69002B02D0FB693A692F
:1072A8005A60BB680433FA681344FB603B69FB61AE
:1072B800BB690133BB61BA697B689A42E3D300BFFB
:1072C8002037BD4680BD000080B584B000AF6B4B51
:1072D800033323F00303BB60694B00221A600322C7
:1072E8006849694800F006FF0023FB735CE0FB7BFC
:1072F800644A52F823307B60FB7B634A52F82330A0
:107308003B60FA7B614913465B001344DB000B4486
:10731800BA681A60FA7B5D4913465B001344DB00C8
:107328000B4408337A681A60FA7B584913465B00A5
:107338001344DB000B4404337A681A60FA7B534920
:1073480013465B001344DB000B440C333A681A60A5
:107358003B680433FA7B796803FB01F14B48134619
:107368005B001344DB00034410331960FA7B474980
:1073780013465B001344DB000B44143300221A60ED
:107388007A683968B868FFF765FFFA7B3F491346A2
:107398005B001344DB000B4410331B68BA681344CA
:1073A800BB60FB7B0133FB73FB7B022B9FD940F651
:1073B800A7320021364806F00FFB364B00221A6030
:1073C8000323FB733DE0FA7B304913465B0013440B
:1073D800DB000B4400221A60FA7B2C4913465B0041
:1073E8001344DB000B44083300221A60FA7B274958
:1073F80013465B001344DB000B44043300221A607D
:10740800FA7B224913465B001344DB000B440C3320
:1074180000221A60FA7B1D4913465B001344DB0007
:107428000B44103300221A60FA7B184913465B009C
:107438001344DB000B44143300221A60FB7B013336
:10744800FB73FB7B072BBED90023FB730DE0FB7B93
:10745800114A002142F83310FB7B0F4ADB0013442A
:1074680000225A60FB7B0133FB73FB7B002BEED0C1
:10747800002318461037BD4680BD00BF7C0500209C
:10748800301600203400002028000020B40400201A
:10749800840A00202C1600207405002080B586B0D0
:1074A80000AF78600023FB6000233B617B68002B02
:1074B80001D100235BE002F076FE03462E4A1360FA
:1074C8000023FB7520E0FB7D2C4A52F82330FB603B
:1074D8007A68FB689A4214D8FA7D294913465B00FA
:1074E8001344DB000B4404331B68002B09D0FA7DDE
:1074F800234913465B001344DB000B441B683B61C4
:1075080005E0FB7D0133FB75FB7D022BDBD93B6975
:10751800002B06D1184B1B68184602F055FE0023B5
:1075280025E0FA7D3B695968154813465B0013440A
:10753800DB0003441960FA7D114913465B001344CC
:10754800DB000B4404331B68591E0D4813465B00CF
:107558001344DB000344043319603B69FA7D1A7055
:10756800054B1B68184602F02FFE3B69043318468A
:107578001837BD4680BD00BF301600202800002007
:10758800B404002090B585B000AF78607B68002B0C
:1075980000F0A4807B68043BFB60FB681B78FB72EF
:1075A800FB7A072B17D9FB7A082B14D8FB7A083BF0
:1075B800FB72FB7A4B4ADB0013445B68002B00F03C
:1075C8008C80FB7A474ADB0013445B687A68043A8C
:1075D8001046984781E0FB7AFF2B02D0FB7A072BF5
:1075E80004D979684048FBF78BF877E0FB7A022BDF
:1075F80032D802F0D8FD03463C4A1360FB68FF22EC
:107608001A70FA7A3A4913465B001344DB000B44BC
:107618001A68FB685A60FA7A354913465B001344C6
:10762800DB000B44FA681A60FA7A314913465B00AA
:107638001344DB000B4404331B68591C2C481346C5
:107648005B001344DB00034404331960274B1B68B9
:10765800184602F0B9FD41E0FC7A02F0A4FD0246AA
:10766800234923465B002344DB000B4414331A6090
:10767800FB68FF221A70FA7A1D4913465B0013440F
:10768800DB000B441A68FB685A60FA7A18491346FB
:107698005B001344DB000B44FA681A60FA7A144959
:1076A80013465B001344DB000B4404331B68591C6E
:1076B8000F4813465B001344DB000344043319608E
:1076C800FA7A0B4913465B001344DB000B4414336E
:1076D8001B68184602F078FD00E000BF1437BD466D
:1076E80090BD00BF7405002084FC000830160020FF
:1076F800B404002080B58AB000AFF860B9607A6041
:10770800804B033323F003033B620023FB774FF0E6
:10771800FF33BB617B68002B05D0FB68002B02D0D0
:10772800BB68002B05D17848FAF7EAFF4FF0FF3322
:10773800E3E0FB68033323F00303FB60FB681A1DD7
:10774800BB6802FB03F37B6102F02DFD03466F4A21
:107758001360032387F82730B8E097F827206C498F
:1077680013465B001344DB000B441B68002B40F0FE
:107778009B8097F82720664913465B001344DB007B
:107788000B4410331B68002B4DD1624B1B68C3F5AB
:107798003A6304337A699A4200F29E8097F8272068
:1077A8005B4913465B001344DB000B443A6A1A60DA
:1077B80097F82720564913465B001344DB000B4417
:1077C8000833BA681A6097F82720514913465B00B6
:1077D8001344DB000B440433BA681A6097F8272077
:1077E8004B4913465B001344DB000B440C33FA6827
:1077F8001A6097F82720464913465B001344DB00BC
:107808000B4410337A691A60BA68F968386AFFF766
:1078180021FD404B1A687B6913443E4A136097F870
:107828002730BB6158E097F82720394913465B0099
:107838001344DB000B4410331B687A699A4233D82F
:1078480097F82720324913465B001344DB000B44AA
:107858003A6A1A6097F827202D4913465B001344AB
:10786800DB000B440833BA681A6097F827202849C8
:1078780013465B001344DB000B440433BA681A60F8
:1078880097F82720224913465B001344DB000B447A
:107898000C33FA681A60BA68F968386AFFF7DAFCD4
:1078A80097F82730BB6118E097F827201849134646
:1078B8005B001344DB000B4410331B683A6A134423
:1078C8003B6297F82730013387F8273097F827303D
:1078D800072B7FF642AF00E000BF0C4B1B68184631
:1078E80002F072FCBB69B3F1FF3F01D1F623FB77CD
:1078F8007B68BA691A6097F91F3018462837BD4661
:1079080080BD00BF840A0020B4FC000830160020A7
:10791800B40400202C16002080B584B000AF786035
:107928000123BB737B68022B02DD7B68072B05DD17
:107938004B48FAF7E5FE4FF0FF338CE002F033FCDA
:107948000346484A13600723FB731AE0FA7B46494B
:1079580013465B001344DB000B441B68002B0AD161
:10796800FA7B414913465B001344DB000B44103398
:107978001B68002B02D00023BB7306E0FB7B013B96
:10798800FB73FB7B7A689A42E0DB37497A681346D7
:107998005B001344DB000B4400221A6032497A680A
:1079A80013465B001344DB000B44083300221A60C3
:1079B8002D497A6813465B001344DB000B440433FB
:1079C80000221A6028497A6813465B001344DB00DA
:1079D8000B440C3300221A60BB7B002B35D00323E9
:1079E800FB732FE0FA7B204913465B001344DB004E
:1079F8000B441B68002B22D1FA7B1B4913465B0002
:107A08001344DB000B4410331B68002B17D0174BB3
:107A18001968FA7B144813465B001344DB000344DF
:107A280010331B68CB1A114A1360FA7B0E491346B0
:107A38005B001344DB000B44103300221A60FB7B0D
:107A48000133FB73FB7B072BCCD9064B1B6818460D
:107A580002F0BAFB002318461037BD4680BD00BFB0
:107A6800E8FC000830160020B40400202C16002082
:107A780080B586B000AFF860B9607A600023FB7506
:107A88004FF0FF333B617B68002B05D0FB68002B70
:107A980002D0BB68002B05D12148FAF731FE4FF020
:107AA800FF3339E002F07FFB03461E4A13600023D0
:107AB800BB751EE0BB7D1C4A52F83330002B15D134
:107AC800BB7D194ADB0013445B68002B0ED1BB7DDC
:107AD80008333B61BB7D1449FA6841F83320BB7D0C
:107AE800114ADB001344BA685A6005E0BB7D0133D4
:107AF800BB75BB7D002BDDD00A4B1B68184602F016
:107B080063FB3B69B3F1FF3F01D1F623FB757B684B
:107B18003A691A6097F9173018461837BD4680BD7C
:107B28001CFD0008301600207405002080B582B0C6
:107B380000AF78607B68072B02DD7B68082B05DDCA
:107B48001048FAF7DDFD4FF0FF3317E002F02BFB8A
:107B580003460D4A13607B68083B0C4A002142F833
:107B680033107B68083B094ADB00134400225A6043
:107B7800054B1B68184602F027FB002318460837F8
:107B8800BD4680BD50FD0008301600207405002059
:107B980080B584B000AF786039600023FB603B6833
:107BA800002B01D10023A2E07B68072B21DD7B6835
:107BB800082B1EDC7B68083B4F4A52F83330002BF9
:107BC80015D07B68083B4C4A52F833303A68043287
:107BD80010469847F860FB68002B01D1002386E027
:107BE8007B68DAB2FB681A70FB6804337FE0002315
:107BF8007DE07B68022B18DD7B68072B15DC3F498D
:107C08007A6813465B001344DB000B441B68002BA7
:107C18000BD03A497A6813465B001344DB000B44E7
:107C28000C331B683A689A4201D900235FE002F0DE
:107C3800BAFA014631487A6813465B001344DB0000
:107C48000344143319602D497A6813465B001344C2
:107C5800DB000B4404331B68002B08D027497A68E3
:107C680013465B001344DB000B441B68FB60FB6896
:107C7800002B0DD121497A6813465B001344DB00C1
:107C88000B4414331B68184602F09EFA00232EE0BA
:107C9800FB68596819487A6813465B001344DB008F
:107CA8000344196015497A6813465B001344DB00E6
:107CB8000B4404331B68591E10487A6813465B004E
:107CC8001344DB000344043319607B68DAB2FB68B1
:107CD8001A700A497A6813465B001344DB000B44A8
:107CE80014331B68184602F06FFAFB680433184611
:107CF8001037BD4680BD00BF74050020B4040020C5
:107D080080B500AF40F2075200210C4805F064FE30
:107D180040F6A73200210A4805F05EFE094B002212
:107D28001A60C0220021084805F056FE08220021EA
:107D3800064805F051FE0023184680BD7C0500204A
:107D4800840A00202C160020B404002074050020AA
:107D580080B584B000AF786039600023FB73124BA4
:107D68001B68B3F1FF3F05D01048FAF7C9FC6FF064
:107D78000B0315E03968786800F03AFF03460A4AB1
:107D88001360094B1B68002B08DA0948FAF7B8FC9E
:107D9800054B4FF0FF321A60F423FB7397F90F304D
:107DA80018461037BD4680BD400000207CFD000805
:107DB800A8FD000880B584B000AF0346FB7100231E
:107DC800FB73FB79002B08D0FB79012B05D00A48FF
:107DD800FAF796FC4FF0FF330AE0FB79012B0CBF52
:107DE80001230023DBB21A46044B1A7097F90F30AF
:107DF80018461037BD4680BDDCFD0008341600204B
:107E080080B58AB000AF7860396000237B610023B9
:107E180087F827300023FB6000233B620023FB61C7
:107E280000233B610023FB767B68002B05D140488B
:107E3800FAF766FC4FF0FF3375E03B68002B05D17D
:107E48003C48FAF75DFC4FF0FF336CE03A4B1B6897
:107E5800B3F1FF3F62D13948FAF752FC6FF00803DB
:107E680061E07A683B6A13443B61334B18683A68AF
:107E78003B6AD21A07F10C03396900F0E5FE786114
:107E88007B69002B31D1FB68002B0AD13B6A002BA0
:107E980007D12B4B1B78002B03D1FA2387F8273007
:107EA80026E0FB683A6A13443B623A6A3B689A42A6
:107EB8002CBF01230023DBB2FB76FB7E002B17D1FE
:107EC800204AFB69934203D3F12387F827300FE058
:107ED8000A221D4BA3FB02239B09184600F00CFD48
:107EE8000A22FB691344FB6102E0F42387F8273078
:107EF800FB7E002B0ED197F9273013F1060F09D01E
:107F080097F9273013F10C0F04D097F9273013F1A4
:107F18000F0F01D1012300E00023FB76FB7E002B2D
:107F28009FD097F9273018462837BD4680BD00BF37
:107F3800FCFD00081CFE00084000002038FE000878
:107F48003416002080841E00D34D621080B58AB09C
:107F580000AF7860396000237B61002387F8273001
:107F680000233B620023FB600023FB6100233B618D
:107F78000023FB767B68002B05D14048FAF7C0FB4D
:107F88004FF0FF3375E03B68002B05D13C48FAF70A
:107F9800B7FB4FF0FF336CE03A4B1B68B3F1FF3F80
:107FA80062D13948FAF7ACFB6FF0080361E07A68F0
:107FB8003B6A13443B61334B18683A683B6AD21AF0
:107FC80007F10C03396900F059FE78617B69002BD1
:107FD80031D1FB68002B0AD13B6A002B07D12B4B10
:107FE8001B78002B03D1FE2387F8273026E0FB6897
:107FF8003A6A13443B623A6A3B689A422CBF0123AF
:108008000023DBB2FB76FB7E002B17D1204AFB69ED
:10801800934203D3F22387F827300FE00A221D4B3F
:10802800A3FB02239B09184600F066FC0A22FB69A1
:108038001344FB6102E0F42387F82730FB7E002B12
:108048000ED197F9273013F1020F09D097F927308D
:1080580013F10C0F04D097F9273013F10E0F01D14B
:10806800012300E00023FB76FB7E002B9FD097F9CD
:10807800273018462837BD4680BD00BF60FE00087F
:1080880080FE0008400000209CFE000834160020F6
:1080980040420F00D34D621080B582B000AF00237C
:1080A8003B600023FB71114B1B68B3F1FF3F04D108
:1080B8000F48FAF725FB002313E00C4B1B68184602
:1080C80000F000FE38603B68002B06D1074B4FF0EC
:1080D800FF321A600023FB7101E0F423FB7197F96A
:1080E800073018460837BD4680BD00BF4000002055
:1080F8007CFF000880B489B000AFF860B9607A608E
:108108007B68002B0CBF01230023DBB2FB77002325
:10811800BB614BE00123FB770023BB6141E0BB69F6
:1081280001339B00FA6813441A68BB699B00F9681D
:108138000B441B689A4231D2BB699B00FA6813440E
:108148001B687B61BB699B00BA6813441B683B6171
:108158000023FB77BB6901339B00BA681A44BB69EB
:108168009B00B9680B4412681A60BB6901339B0015
:10817800BA6813443A691A60BB6901339B00FA680C
:108188001A44BB699B00F9680B4412681A60BB6902
:1081980001339B00FA6813447A691A60BB6901339A
:1081A800BB617B68013BBA699A42B8D3FB7F002B5D
:1081B800B0D000BF00BF2437BD465DF8047B7047D0
:1081C80080B483B000AF0346FB80FB8818460C37A9
:1081D800BD465DF8047B704780B582B000AF0346AA
:1081E800FB80FB881846FFF7EBFF03461846083765
:1081F800BD4680BD80B485B000AF78600B467B80FB
:108208007B68FB6000237B8107E0FB685A1CFA60EF
:108218001B781A467B8913447B817B885A1E7A8097
:10822800002BF2D17B8918461437BD465DF8047BD4
:108238007047000080B584B000AF786039600023D3
:10824800FB73134B1B78002B05D01248FAF758FA2A
:108258006FF00B0317E039687868FFF779FD03467C
:10826800FB7397F90F30002B0BD10B4B00221A80B0
:108278000A4B00221A800A4B00221A60044B012282
:108288001A7097F90F3018461037BD4680BD00BFE9
:1082980040160020A4FF00083616002038160020DB
:1082A8003C16002080B58AB000AFF860B9607A60EB
:1082B80000233B620023FB6100237B83002387F8B4
:1082C800273000237B61FB68002B05D15148FAF762
:1082D80017FA4FF0FF3398E07B68052B05D84E4816
:1082E800FAF70EFA4FF0FF338FE04C4B1B78002B58
:1082F80005D14B48FAF704FA6FF0080385E0FA68ED
:10830800BB6813443B623B6AFB61FB691B889BB2F9
:108318001846FFF761FF03467B837B8B002B04D055
:108328007B8B06337A689A4205D23E48FAF7E8F919
:108338006FF0060369E03C4B1B881846FFF740FFC7
:1083480003461A46FB695A807B8B0433FA69134447
:108358007B617B8B04339BB21946F869FFF74AFFB0
:1083680003461846FFF72CFF03467B827A8A7B690F
:108378001A800421386AFFF743FD034687F827303F
:1083880097F92730002B02D097F927303DE03B6A58
:1083980004333B620120FFF70DFD7B8B1946386AD9
:1083A800FFF72EFD034687F8273097F92730002B73
:1083B80021D17B8B3A6A13443B620221386AFFF76A
:1083C8001FFD034687F8273097F92730002B14D173
:1083D80097F92730002B02D1F868FFF7D3F897F9FF
:1083E800273013F1060F0AD00F4B1B8801339AB2BE
:1083F8000D4B1A8004E000BF02E000BF00E000BFA0
:108408000020FFF7D7FC97F9273018462837BD46D4
:1084180080BD00BFD8FF0008FCFF00084016002000
:1084280020000108500001083616002080B588B0E9
:1084380000AFF860B9607A600023FB770023BB8344
:10844800FB68002B05D15148FAF75AF94FF0FF3372
:1084580098E07B68002B05D14D48FAF751F94FF0A9
:10846800FF338FE04B4B1B78002B05D14A48FAF7B6
:1084780047F96FF0080385E007F110030421184657
:10848800FFF764FD0346FB7797F91F30002B02D0F6
:1084980097F91F3076E03B8A1846FFF79DFE0346A2
:1084A800BB83BB8B002B07D13C48FAF729F9F9238A
:1084B800FB7797F91F3065E0394B1868BA8BBB68B2
:1084C800134406331946FFF763FBB861BB69002BF9
:1084D80004D1F623FB7797F91F3053E0BB697B6122
:1084E800BA680021786905F077FA7A69BB6813449D
:1084F8007B613A697B691A607B6904337B6101207F
:10850800FFF758FCBB8B19467869FFF71FFD034638
:10851800FB7797F91F30002B05D02248FAF7F0F8BF
:10852800F923FB7720E0BB8B7A6913447B61022136
:108538007869FFF70BFD0346FB7797F91F30002B8F
:1085480005D01948FAF7DCF8F923FB770CE000208E
:10855800FFF730FCFB68BA691A60BB8B9A1D7B6811
:108568001A6097F91F300DE00020FFF723FCFB6825
:1085780000221A607B6800221A60B869FFF702F8C7
:1085880097F91F3018462037BD4680BD8400010882
:10859800B000010840160020DC0001080C010108A9
:1085A8004400002040010108A401010880B586B0FC
:1085B80000AFF860B9607A603B60FB687B61FB687C
:1085C800002B05D11A48FAF79BF84FF0FF332AE041
:1085D8007B68002B05D11748FAF792F84FF0FF3364
:1085E80021E03B68002B05D11348FAF789F84FF0D2
:1085F800FF3318E03B680633BA689A4205D20F4841
:10860800FAF77EF84FF0FF330DE03B689BB218464F
:10861800FFF7D6FD03461A467B691A803B689A1D08
:108628007B681A60002318461837BD4680BD00BF16
:10863800140201084002010874020108A00201089E
:1086480080B58AB000AFF860B9607A60FB683B62B9
:108658000023FB830023BB830023BB610023FB8231
:10866800002387F82730FB68002B05D14148FAF72B
:1086780047F84FF0FF3379E07B68002B05D13E487F
:10868800FAF73EF84FF0FF3370E0BB68042B05D8CB
:108698003A48FAF735F84FF0FF3367E0384B1B7864
:1086A800002B05D13748FAF72BF86FF008035DE087
:1086B8003B6A1B889BB21846FFF78EFD0346FB8377
:1086C8003B6A5B889BB21846FFF786FD0346BB836F
:1086D800FB8B0633BA689A4205D02B48FAF710F894
:1086E8006FF0060342E0294B1B68002B03D1274B90
:1086F80001221A6011E0264B1B88BA8B9A4203D8D4
:10870800FC2387F8273008E0BA8B214B1B880133FC
:108718009A4202DDFB2387F827301D4ABB8B138062
:10872800FB8B0433FA681344BB61BB691B889BB29B
:10873800FB82FB8A1846FFF74FFD0346FB82FB8B43
:1087480004339BB21946386AFFF754FD03461A46AC
:10875800FB8A9A4205D00F48F9F7D2FF6FF00C0355
:1087680004E0FA8B7B681A6097F927301846283797
:10877800BD4680BDD0020108FC020108340301088F
:1087880040160020640301089C0301083C160020E1
:1087980038160020D403010880B400AF042318461B
:1087A800BD465DF8047B704780B400AF02231846CD
:1087B800BD465DF8047B704780B400AF4FF6FC738C
:1087C8001846BD465DF8047B704780B400AFFF23B0
:1087D8001846BD465DF8047B7047000080B400AFC2
:1087E800074B00221A80074B00221A80064B0022F2
:1087F8001A6000231846BD465DF8047B704700BF29
:1088080036160020381600203C16002080B483B0AD
:1088180000AF7860044A7B68136000BF0C37BD4620
:108828005DF8047B704700BF4400002080B582B02B
:1088380000AF0023FB71134B1B78002B04D11248A7
:10884800F9F75EFF002319E0FFF726FC0346FB71EA
:1088580097F90730002B0CD10C4B00221A800C4BD7
:1088680000221A800B4B00221A60064B00221A7055
:1088780002E00948F9F744FF97F907301846083726
:10888800BD4680BD401600200004010836160020B1
:10889800381600203C1600202C04010880B483B050
:1088A80000AF786039607B68002B08D03B68002BEC
:1088B80005D07B6800221A603B6800221A6000BF5E
:1088C8000C37BD465DF8047B704780B483B000AFB9
:1088D800786039607B68002B08D03B68002B05D096
:1088E8007B6800221A603B6800221A6000BF0C37C0
:1088F800BD465DF8047B704780B584B000AF7860F2
:1089080003F076FEF8607B68BB6000BF03F070FE82
:108918000246FB68D31ABA689A42F7D800BF00BF6C
:108928001037BD4680BD000080B400AF00BFBD4613
:108938005DF8047B704700BF10B50E4C82B0636AC7
:10894800019303F055FE0090626A019B9A4207D397
:10895800009B01984FF47A7202FB030002B010BD2D
:1089680003F046FE636A4FF47A7202FB003002B0ED
:1089780010BD00BF0000014010B5044641B9FFF723
:10898800DBFF0346181BA34238BF00F1FF3010BDC0
:1089980003F02EFE0346181BA34238BF00F1FF3038
:1089A80010BD00BF80B483B000AF03463960FB71CF
:1089B80097F90730002B0ADB3B68DAB20C4997F9C4
:1089C80007301201D2B20B4483F800230AE03B6857
:1089D800DAB20849FB7903F00F03043B1201D2B263
:1089E8000B441A7600BF0C37BD465DF8047B704710
:1089F80000E100E000ED00E080B582B000AF7860F3
:108A08007B68013BB3F1807F01D301230FE00A4A61
:108A18007B68013B53600F214FF0FF30FFF7C2FF27
:108A2800054B00229A60044B07221A60002318465F
:108A38000837BD4680BD00BF10E000E080B500AF3C
:108A4800BFF34F8F00BFBFF36F8F00BF0B4B1A6888
:108A58000B4B1B689A4202D3084B00221A60074B43
:108A68001B685A1C05490A60002B05D172B600BF65
:108A7800F9F740FD62B600BF00BF80BD4416002074
:108A88004816002080B400AF054B5B68044A43F0E9
:108A98008053536000BFBD465DF8047B704700BF3C
:108AA80000ED00E080B584B000AF87ED010A234BEC
:108AB8001B6807EE903AB8EE677AD7ED017A67EE51
:108AC800277AFCEEE77A17EE903AFB60FB68B3F181
:108AD800807F18D3FB6807EE903AB8EE677ADFED2F
:108AE800186AC7EE267AFCEEE77A17EE903A013359
:108AF800144A1360134B1B68FA68B2FBF3F3184669
:108B0800FFF77AFF05E00F4B00221A60F868FFF7BD
:108B180073FF0D4B00221A600C4A0D4B1A600F218F
:108B28006FF00400FFF73EFF0F216FF00100FFF721
:108B380039FF00BF1037BD4680BD00BF9000002040
:108B4800FFFF7F4B4816002044160020458A000886
:108B58004C160020EFF3008001B5EFF3118003B449
:108B68001EF0100F08BFB0EE400A0A48006803B4B0
:108B780088B004A006904FF0807007906FF0060050
:108B88008646704703BC8047BFF36F8F00DFFEE760
:108B980000BF00004C1600201EF0100F08BFB0EEFA
:108BA800400A1EF0040F0CBFEFF30880EFF30980B2
:108BB800816911F8020C10B101280DD00BE01EF0EC
:108BC800100F0CBF1AB008B003BC80F3118803BCA7
:108BD80080F300880847FEE74EF61451CEF20001F4
:108BE8000A6842F001020A607047F4E700BF00BF5C
:108BF80080B584B000AF786039600023FB600C4B0F
:108C08000C4A1A600A4B1B680B4AD3610B4B0C4A7F
:108C18001A600A4B1B68084A1362074801F0F6F805
:108C28000346084A1360FB6818461037BD4680BDE6
:108C3800581600209C1600204800002054160020DA
:108C48009C1A00205016002080B586B002AFF8604C
:108C5800B9607A603B603B6800221A60064B18686E
:108C68003B68009300237A68B96801F0C9F90023CA
:108C780018461037BD4680BD5016002080B586B016
:108C880000AFF860B9607A603B603B6800221A6008
:108C98000B4B1B6800227968184600F092FD78613A
:108CA8007B69002B06D0064B18683B687A69B9685F
:108CB80001F078F9002318461837BD4680BD00BF7B
:108CC8005016002080B582B000AF7860044B1B6856
:108CD800184601F013FA002318460837BD4680BD30
:108CE8005016002080B400AF044BDB681B0A03F069
:108CF80007031846BD465DF8047B704700ED00E0A9
:108D080080B483B000AF0346FB7197F90730002B9E
:108D18000BDBFB7903F01F02074997F907305B0962
:108D2800012000FA02F241F8232000BF0C37BD46AB
:108D38005DF8047B704700BF00E100E080B483B0B9
:108D480000AF03463960FB7197F90730002B0ADB47
:108D58003B68DAB20C4997F907301201D2B20B44DA
:108D680083F800230AE03B68DAB20849FB7903F08C
:108D78000F03043B1201D2B20B441A7600BF0C3722
:108D8800BD465DF8047B704700E100E000ED00E0BF
:108D980080B489B000AFF860B9607A60FB6803F00E
:108DA8000703FB61FB69C3F10703042B28BF0423F6
:108DB800BB61FB690433062B02D9FB69033B00E066
:108DC80000237B614FF0FF32BB6902FA03F3DA43F9
:108DD800BB681A407B699A404FF0FF317B6901FA02
:108DE80003F3D9437B680B40134318462437BD4629
:108DF8005DF8047B7047000080B483B000AF7860F2
:108E080039600C4A3B6813441B781A467B68134444
:108E18001B6808493A680A44127811467A680A4475
:108E280043F00103136000BF0C37BD465DF8047BB7
:108E3800704700BF6C05010880B483B000AF78604C
:108E480039600C4A3B6813441B781A467B68134404
:108E58001B6808493A680A44127811467A680A4435
:108E680023F00103136000BF0C37BD465DF8047B97
:108E7800704700BF6C05010880B483B000AF78600C
:108E88003960084A3B6813441B781A467B681344C8
:108E98001B6803F4907318460C37BD465DF8047BD5
:108EA800704700BF6C05010880B485B000AFF8605A
:108EB800B9607A600D4ABB6813441B781A46FB6890
:108EC80013445B681B0C1B040849BA680A441278EF
:108ED8001146FA680A4411467A6813434B6000BF8A
:108EE8001437BD465DF8047B704700BF6C05010868
:108EF80080B483B000AF78603960074A3B68134498
:108F08001B781A467B6813445B689BB218460C377B
:108F1800BD465DF8047B70476C05010880B485B0D8
:108F280000AFF860B9607A603B60BB69402B14D130
:108F3800174ABB6813441B781A46FB6813441A4641
:108F48007B68D360124ABB6813441B781A46FB68D7
:108F580013441A463B68936013E00D4ABB681344F8
:108F68001B781A46FB6813441A467B689360084AC4
:108F7800BB6813441B781A46FB6813441A463B68BF
:108F8800D36000BF1437BD465DF8047B704700BF4F
:108F98006C05010880B485B000AFF860B9607A60EC
:108FA800074ABB6813441B781A46FB6813441A46E1
:108FB8007B68D36000BF1437BD465DF8047B7047FB
:108FC8006C05010880B483B000AF78607B685B688B
:108FD80003F40063B3F5006F0CBF01230023DBB279
:108FE80018460C37BD465DF8047B704780B483B0E3
:108FF80000AF78607B685B6803F40013B3F5001F6B
:109008000CBF01230023DBB218460C37BD465DF8C0
:10901800047B704780B483B000AF78607B684FF4FE
:109028000062DA6000BF0C37BD465DF8047B70470C
:1090380080B483B000AF78607B684FF40012DA60C8
:1090480000BF0C37BD465DF8047B704780B483B021
:1090580000AF786039600C4A3B6813441B781A46A5
:109068007B6813441B6808493A680A441278114619
:109078007A680A4443F01003136000BF0C37BD46FA
:109088005DF8047B704700BF6C05010880B483B0AD
:1090980000AF786039600C4A3B6813441B781A4665
:1090A8007B6813441B6808493A680A4412781146D9
:1090B8007A680A4423F01003136000BF0C37BD46DA
:1090C8005DF8047B704700BF6C05010880B483B06D
:1090D80000AF786039600A4A3B6813441B781A4627
:1090E8007B6813441B6803F01003102B0CBF01238B
:1090F8000023DBB218460C37BD465DF8047B704789
:109108006C05010880B483B000AF78607B68DB68C9
:1091180043F400527B68DA6000BF0C37BD465DF847
:10912800047B704780B483B000AF78607B68DB68ED
:1091380023F400527B68DA6000BF0C37BD465DF847
:10914800047B704780B483B000AF78607B681B688D
:1091580003F00103012B0CBF01230023DBB21846E7
:109168000C37BD465DF8047B704780B483B000AF10
:1091780078607B681B6803F00203022B0CBF012395
:109188000023DBB218460C37BD465DF8047B7047F8
:1091980080B483B000AF78607B681B6803F0040379
:1091A800042B0CBF01230023DBB218460C37BD4645
:1091B8005DF8047B704780B483B000AF78607B684B
:1091C8001B6803F00803082B0CBF01230023DBB244
:1091D80018460C37BD465DF8047B704780B485B0EF
:1091E80000AF78607B681B68FB60FB687B685B6826
:1091F800FB60FB6800BF1437BD465DF8047B704711
:1092080080B485B000AF78607B681B68FB60FB6842
:109218007B685B68FB60FB6800BF1437BD465DF880
:10922800047B704780B489B000AF78607B680C33EA
:10923800FB60FB6853E8003FBB60BB6843F020035A
:10924800FB617B680C33FA69BA617B617969BA6939
:1092580041E800233B613B69002BE7D100BF00BF19
:109268002437BD465DF8047B704780B489B000AFF1
:1092780078607B680C33FB60FB6853E8003FBB6099
:10928800BB6843F48073FB617B680C33FA69BA618D
:109298007B617969BA6941E800233B613B69002B2E
:1092A800E7D100BF00BF2437BD465DF8047B704797
:1092B80080B489B000AF78607B681433FB60FB68CA
:1092C80053E8003FBB60BB6843F00103FB617B6868
:1092D8001433FA69BA617B617969BA6941E8002394
:1092E8003B613B69002BE7D100BF00BF2437BD4677
:1092F8005DF8047B704780B489B000AF78607B6804
:109308000C33FB60FB6853E8003FBB60BB6823F08D
:109318001003FB617B680C33FA69BA617B61796978
:10932800BA6941E800233B613B69002BE7D100BFE4
:1093380000BF2437BD465DF8047B704780B489B010
:1093480000AF78607B680C33FB60FB6853E8003F34
:10935800BB60BB6823F02003FB617B680C33FA69B0
:10936800BA617B617969BA6941E800233B613B696D
:10937800002BE7D100BF00BF2437BD465DF8047B52
:10938800704780B489B000AF78607B680C33FB60AD
:10939800FB6853E8003FBB60BB6823F08003FB61B8
:1093A8007B680C33FA69BA617B617969BA6941E80B
:1093B80000233B613B69002BE7D100BF00BF243786
:1093C800BD465DF8047B704780B489B000AF786013
:1093D8007B680C33FB60FB6853E8003FBB60BB68ED
:1093E80023F48073FB617B680C33FA69BA617B6193
:1093F8007969BA6941E800233B613B69002BE7D1F1
:1094080000BF00BF2437BD465DF8047B704780B4B9
:1094180089B000AF78607B681433FB60FB6853E861
:10942800003FBB60BB6823F00103FB617B6814331A
:10943800FA69BA617B617969BA6941E800233B61DD
:109448003B69002BE7D100BF00BF2437BD465DF85C
:10945800047B704780B489B000AF78607B681433B0
:10946800FB60FB6853E8003FBB60BB6843F0400308
:10947800FB617B681433FA69BA617B617969BA69FF
:1094880041E800233B613B69002BE7D100BF00BFE7
:109498002437BD465DF8047B704780B489B000AFBF
:1094A80078607B681433FB60FB6853E8003FBB605F
:1094B800BB6823F04003FB617B681433FA69BA6127
:1094C8007B617969BA6941E800233B613B69002BFC
:1094D800E7D100BF00BF2437BD465DF8047B704765
:1094E80080B489B000AF78607B681433FB60FB6898
:1094F80053E8003FBB60BB6843F08003FB617B68B7
:109508001433FA69BA617B617969BA6941E8002361
:109518003B613B69002BE7D100BF00BF2437BD4644
:109528005DF8047B704780B489B000AF78607B68D1
:109538001433FB60FB6853E8003FBB60BB6823F053
:109548008003FB617B681433FA69BA617B617969CE
:10955800BA6941E800233B613B69002BE7D100BFB2
:1095680000BF2437BD465DF8047B704780B483B0E4
:1095780000AF78607B68043318460C37BD465DF849
:10958800047B704780B483B000AF78607B685B6809
:10959800DBB218460C37BD465DF8047B704780B4D3
:1095A80085B000AF786039607B685B6B3A681344BC
:1095B800FB607B685A6B7B689B6B9A4204D27B6822
:1095C8009B6BFA689A4212D27B685A6B7B689B6BDA
:1095D8009A420ED37B689B6AFA689A4209D37B68E1
:1095E8009B6AFA68D21A7B689B6B9A4201D3012363
:1095F80000E00023DBB218461437BD465DF8047B53
:10960800704780B586B000AFF860B9607A603B609B
:109618007968F868FFF7C3FF0346002B21D03B6841
:10962800002B1CD002F0E4FF786100BF7968F8686D
:10963800FFF7B5FF0346002B07D001217869FFF734
:109648009BF902463B689342F0D201217869FFF703
:1096580093F902463B68934203D2012347E0012372
:1096680045E0FB685A6B7B681A44FB689B6A9A4220
:1096780023D9FB689A6AFB685B6BD31A3B61FB686A
:109688001A6AFB685B6B13443A69B9681846F7F7BE
:109698001DFAFB685A6B7B681A44FB689B6AD21AEE
:1096A800FB685A63FB68186A3B69BA68D118FB689B
:1096B8005B6B1A46F7F70AFA0FE0FB681A6AFB6851
:1096C8005B6B13447A68B9681846F7F7FFF9FB68CB
:1096D8005A6B7B681A44FB685A63FB685A6BFB68D1
:1096E8009B6A9A4202D1FB6800225A6300231846FB
:1096F8001837BD4680BD80B586B000AF78607B68FE
:1097080093F83C30FB737B689B7D03F00403002BCC
:1097180003D07B681B6B7B610DE07B685A687B68B4
:109728001B7C19461046FFF7E3FBB8607B685A6A52
:10973800BB68D31A7B617B685B6A7A699A4201D1FC
:1097480000237B61FB7B012B14D17B689B7D03F09D
:109758001003002B0ED07B68DB6A7A699A4209D91C
:109768007B681B8B43F020039AB27B681A837B6863
:109778007A69DA627B68DB6A7A699A4205D97B681A
:10978800DB6A7A69D31A3B6116E07B68DB6A7A691F
:109798009A4208D27B685A6A7B68DB6AD31A7A696C
:1097A80013443B6108E0FB7B012B03D17B685B6AB8
:1097B8003B6101E000233B613B6918461837BD4611
:1097C80080BD80B588B000AFF860B9607A600023CA
:1097D800BB61F868FFF78FFF0246BB68934215D953
:1097E8007B68002B12D002F003FF786100BFF86895
:1097F800FFF781FF0246BB68934207D901217869C8
:10980800FFF7BAF802467B689342F0D2F868FFF790
:1098180072FFB861BA69BB689A4202D2BB69FB6140
:1098280001E0BB68FB61FB6918462037BD4680BD77
:1098380080B586B000AFF860B9607A603B603B687D
:1098480000221A600023FB82FB68DA6A7B681A44EC
:10985800FB685B6A9A4227D9FB685A6AFB68DB6A2D
:10986800D31A3B61FB68DA69FB68DB6A13443A691F
:109878001946B868F7F72AF9FB68DA6A7B681A4468
:10988800FB685B6AD21AFB68DA623B69BA68D0186F
:10989800FB68D969FB68DB6A1A46F7F717F9FB68B2
:1098A800002283F83C200FE0FB68DA69FB68DB6A7A
:1098B80013447A681946B868F7F708F9FB68DA6A52
:1098C8007B681A44FB68DA62FB68DA6AFB685B6AE1
:1098D8009A4206D1FB680022DA62FB68002283F80C
:1098E8003C20F86800F02EFA0346FB823B687A6851
:1098F8001A60FB8A18461837BD4680BD80B584B00B
:1099080000AFF860B9607A60FB685A68FB681B7C36
:1099180019461046FFF7DAFB0346002B54D0FB68C4
:109928005A68BB68104698470346002B4CD0FB6822
:109938005A687B6810469847FB6893F83C30012BBF
:1099480009D1FB681B8B43F020039AB2FB681A838A
:10995800FB680022DA62FB68012283F83C20FB687E
:109968005A68FB681B7C19461046FFF785FA0346C0
:10997800002B29D1FB681B7D002B0BD0FB681B7DBE
:10998800012B21D1FB681B8B002B03D0FB681B8BA1
:10999800202B19D1FB685A68FB681B7C19461046B6
:1099A800FFF74AFAFB685868FB681B7C1946FB6896
:1099B8005B6A1A46FFF778FAFB685A68FB681B7CF3
:1099C80019461046FFF718FA00BF1037BD4680BD8C
:1099D80080B584B000AFF860B9607A60FB689A68B7
:1099E800FB685B7C19461046FFF770FB0346002BAB
:1099F80000F09C80FB689A68BB681046984703464D
:109A0800002B00F09380FB689A687B6810469847A3
:109A1800FB689A68FB685B7C19461046FFF72CFACE
:109A28000346002B40F08280FB689A6BFB68DB687A
:109A38001A44FB689A63FB689A6BFB689B6A9A42B4
:109A480002D1FB6800229A63FB680022DA74FB6883
:109A58009A6BFB685B6B9A4231D2FB685A6BFB6866
:109A68009B6BD21AFB68DA60FB689A68FB685B7CC0
:109A780019461046FFF7E0F9FB689868FB685B7CBD
:109A88001946FB681A6AFB689B6B13441A46FFF772
:109A980081FAFB689868FB685B7C1946FB68DB68A1
:109AA8001A46FFF701FAFB689A68FB685B7C19465F
:109AB8001046FFF7A1F9FB680122DA7436E0FB686B
:109AC8009A6BFB685B6B9A4230D9FB689A6AFB68B1
:109AD8009B6BD21AFB68DA60FB689A68FB685B7C50
:109AE80019461046FFF7A8F9FB689868FB685B7C85
:109AF8001946FB681A6AFB689B6B13441A46FFF702
:109B080049FAFB689868FB685B7C1946FB68DB6868
:109B18001A46FFF7C9F9FB689A68FB685B7C194627
:109B28001046FFF769F9FB680122DA7400BF1037A5
:109B3800BD4680BD80B584B000AF78600023FB735C
:109B48007B681B681846FFF736FB0346012B08D1D4
:109B58007B681B8B43F002039AB27B681A8301234C
:109B6800FB737B681B681846FFF7FFFA0346012B57
:109B780008D17B681B8B43F008039AB27B681A8371
:109B88000123FB737B681B681846FFF701FB03463C
:109B9800012B08D17B681B8B43F010039AB27B68BA
:109BA8001A830123FB737B681B681846FFF7CAFA00
:109BB8000346012B08D17B681B8B43F004039AB240
:109BC8007B681A830123FB73FB7B012B1ED17B6807
:109BD8001B7D012B15D17B689B7D03F00403002BB3
:109BE8000AD07B681B681846FFF7A8FB7B681B68D0
:109BF8001846FFF780FB04E07B681B681846FFF7F0
:109C08004CFC7B681B681846FFF7E8FA00BF103762
:109C1800BD4680BD80B500AF0248FFF78BFF00BF8F
:109C280080BD00BF5C16002080B500AF034A044920
:109C38000448FFF7CDFE00BF80BD00BF3990000883
:109C4800F58F00085C16002080B500AF034A044970
:109C58000448FFF753FE00BF80BD00BF1D900008F9
:109C6800CD8F00085C160020B0B584B002AF7860D4
:109C78007B685C687B681B7C1D467B681B68184694
:109C8800FFF774FC02467B68DB69194600230093E2
:109C98000B4629462046FFF741F97B6858687B68E0
:109CA8001B7C19467B685B6A1A46FFF7FDF87B68E0
:109CB8005A687B681B7C19461046FFF7C7F97B6812
:109CC8001B681846FFF7C6FB7B681B685A697B68E8
:109CD8001B6842F040025A617B685A687B681B7CAB
:109CE80019461046FFF788F800BF0837BD46B0BDD3
:109CF800F0B585B002AF78607B689C687B685B7C58
:109D08001D467B681B6A1E467B681B681846FFF762
:109D18002DFC034640220092324629462046FFF792
:109D2800FDF87B689A687B685B7C19461046FFF7EC
:109D38008DF97B681B681846FFF7D2FB00BF0C370C
:109D4800BD46F0BD80B584B000AF78600023FB81CC
:109D58007B681B8B03F02003002B0AD0FB8943F0A0
:109D68002003FB817B681B8B23F020039AB27B685E
:109D78001A837B681B7D002B08D17B681A8BFB89B3
:109D88001343FB817B6800221A833AE07B681B7DC2
:109D9800012B36D17868FFF7AEFC0346002B30D193
:109DA8007B681B8B002B2CD07B681A8BFB89134399
:109DB800FB817B6800221A837B689B7D03F0040388
:109DC800002B0FD07B681B681846FFF7DBFB7B680E
:109DD8001B681846FFF714FA7B681B681846FFF7DC
:109DE80021FA0EE07B681B681846FFF7CBFB7B68FF
:109DF8001B681846FFF704FA7B681B681846FFF7CC
:109E080029FBFB8918461037BD4680BD80B584B054
:109E180000AF78607B681B681A46604B9A4202D193
:109E28005F4BFB6002E00023FB6000BFFB68002B78
:109E380000F0AF80FB685A7D7B685B7D1343DAB224
:109E4800FB685A75FB689A7D7B689B7D1343DAB281
:109E5800FB689A757B681A68FB681A60FB680022C1
:109E68001A83FB6800225A83FB681B681846FFF7B1
:109E780059F97B685B7D03F00103002B3CD07B68BC
:109E88005A6AFB685A627B68DA69FB68DA61FB68C0
:109E98000022DA62FB6800221A637B681A7DFB687D
:109EA8001A75FB68002283F83C20FB689B7D03F051
:109EB8001003002B15D07B685A68FB685A607B68D2
:109EC8001A7CFB681A74F868FFF7CEFEFB681B68FB
:109ED8001846FFF7EDF9FB681B681846FFF7C5F948
:109EE8000AE0FB689B7D03F00403002B04D0FB68A9
:109EF8001B681846FFF796F97B685B7D03F0020341
:109F0800002B27D07B689A6AFB689A627B681A6A7A
:109F1800FB681A62FB6800225A63FB6800229A6396
:109F2800FB6800229A74FB680022DA74FB689B7D48
:109F380003F02003002B0DD07B689A68FB689A60B9
:109F48007B685A7CFB685A74FB680022DA60F86800
:109F5800FFF7CEFEFB681B681846FFF7D3F87B684F
:109F68001B681A460D4B9A4210D1FEF7BBFE0346FA
:109F7800002200211846FEF70BFF0346194626204B
:109F8800FEF7DCFE2620FEF7BBFE02E00023FB60A6
:109F980000BFFB6818461037BD4680BD004400402E
:109FA8005C16002080B586B000AFF860B9607A60B2
:109FB8003B603B6800221A60FB685B8B03F480738C
:109FC800002B02D04FF4807316E0FB685B8B43F4E0
:109FD80080739AB2FB685A833B687A68B968F868F4
:109FE800FFF726FC0346FB82FB685B8B23F4807338
:109FF8009AB2FB685A83FB8A18461837BD4680BD5B
:10A0080080B586B000AFF860B9607A603B603B6AA3
:10A0180000221A60FB685B8B03F08003002B01D0E1
:10A02800802367E07B68002B63D0FB685B8B43F081
:10A0380080039AB2FB685A83FB685B6B7B613B6861
:10A048007A68B968F868FFF7DCFA0346012B08D18B
:10A05800FB685B8B23F080039AB2FB685A8340232A
:10A0680048E0FB68DB7C002B39D1FB685A6BFB6846
:10A078009B6B9A4206D2FB689A6A7B69D21AFB6884
:10A08800DA6002E0FB687A68DA60FB680122DA7459
:10A09800FB689A68FB685B7C19461046FEF7CCFEA5
:10A0A800FB689868FB685B7C1946FB681A6AFB6862
:10A0B8009B6B13441A46FEF76DFFFB689868FB68B4
:10A0C8005B7C1946FB68DB681A46FEF7EDFEFB6809
:10A0D8009A68FB685B7C19461046FEF78DFE3B6A62
:10A0E8007A681A60FB685B8B23F080039AB2FB687E
:10A0F8005A83002318461837BD4680BD80B582B004
:10A1080000AF78607B681B681846FFF70BF87B6820
:10A118009B7D03F02003002B0DD07B689A687B6839
:10A128005B7C19461046FEF7B1FF7B681B68184632
:10A13800FFF7F9F90AE07B689B7D03F00803002B21
:10A1480004D07B681B681846FFF71BF97B689B7D6A
:10A1580003F01003002B17D07B681B681846FFF725
:10A1680056F97B681B681846FFF72EF97B685A6812
:10A178007B681B7C19461046FEF788FF7B681B68C6
:10A188001846FFF78AF90AE07B689B7D03F0040311
:10A19800002B04D07B681B681846FFF7CFF800BF78
:10A1A8000837BD4680BD80B483B000AFEFF310839D
:10A1B8003B603B687B6072B600BF7B6818460C3713
:10A1C800BD465DF8047B704780B485B000AF786009
:10A1D8007B68FB60FB6883F3108800BF00BF1437FF
:10A1E800BD465DF8047B704780B400AF044BDB6864
:10A1F8001B0A03F007031846BD465DF8047B704749
:10A2080000ED00E080B483B000AF0346FB7197F91E
:10A218000730002B0BDBFB7903F01F02074997F986
:10A2280007305B09012000FA02F241F8232000BF41
:10A238000C37BD465DF8047B704700BF00E100E0C5
:10A2480080B483B000AF03463960FB7197F90730DB
:10A25800002B0ADB3B68DAB20C4997F90730120188
:10A26800D2B20B4483F800230AE03B68DAB208490B
:10A27800FB7903F00F03043B1201D2B20B441A76A8
:10A2880000BF0C37BD465DF8047B704700E100E075
:10A2980000ED00E080B489B000AFF860B9607A6082
:10A2A800FB6803F00703FB61FB69C3F10703042B99
:10A2B80028BF0423BB61FB690433062B02D9FB6961
:10A2C800033B00E000237B614FF0FF32BB6902FAD9
:10A2D80003F3DA43BB681A407B699A404FF0FF31B9
:10A2E8007B6901FA03F3D9437B680B401343184693
:10A2F8002437BD465DF8047B704780B489B000AF51
:10A30800F860B9607A60FB682C331946BB6803F4BF
:10A3180040734FF440727A617A6992FAA2F23A6114
:10A328003A69BA61BA69002A01D1202203E0BA6900
:10A33800B2FA82F2D2B2D3409B000B44FB61FB69B4
:10A348001A68BB6803F01F031F2101FA03F3DB43FC
:10A358001A407B6803F01F01BB6803F01F0301FA72
:10A3680003F31A43FB691A6000BF2437BD465DF842
:10A37800047B704780B483B000AF786039607B6835
:10A388009B6823F480623B681A437B689A6000BF2D
:10A398000C37BD465DF8047B704780B48FB000AFC2
:10A3A800F860B9607A60FB680C331946BB6803F043
:10A3B80000734FF000727A617A6992FAA2F23A61F8
:10A3C8003A69BA61BA69002A01D1202203E0BA6960
:10A3D800B2FA82F2D2B2D3409B000B447B637B6B10
:10A3E8001A68BB6803F0F8734FF0F8713962396A7C
:10A3F80091FAA1F1F961F9697962796A002901D1C3
:10A40800202103E0796AB1FA81F1C9B2CB40072172
:10A4180001FA03F3DB431A40BB6803F0F8734FF00B
:10A42800F871F962F96A91FAA1F1B962B96A396306
:10A43800396B002901D1202103E0396BB1FA81F190
:10A44800C9B2CB40796801FA03F31A437B6B1A60EF
:10A4580000BF3C37BD465DF8047B704780B485B0CB
:10A4680000AFF860B9607A600D4ABB6813441B7886
:10A478001A46FB6813441B6823F0C0020849BB68EE
:10A488000B441B781946FB680B4419467B68134339
:10A498000B6000BF1437BD465DF8047B704700BFF2
:10A4A8007405010880B485B000AFF860B9607A60BF
:10A4B8000D4ABB6813441B781A46FB6813441B6893
:10A4C80023F490720849BB680B441B781946FB6853
:10A4D8000B4419467B6813430B6000BF1437BD4615
:10A4E8005DF8047B704700BF7405010880B485B02F
:10A4F80000AFF860B9607A600D4ABB6813441B78F6
:10A508001A46FB6813441B6823F400720849BB68A9
:10A518000B441B781946FB680B4419467B681343A8
:10A528000B6000BF1437BD465DF8047B704700BF61
:10A538007405010880B485B000AFF860B9607A602E
:10A548000D4ABB6813441B781A46FB6813441B6802
:10A5580023F480620849BB680B441B781946FB68E2
:10A568000B4419467B6813430B6000BF1437BD4684
:10A578005DF8047B704700BF7405010880B485B09E
:10A5880000AFF860B9607A600D4ABB6813441B7865
:10A598001A46FB6813441B6823F4C0520849BB6879
:10A5A8000B441B781946FB680B4419467B68134318
:10A5B8000B6000BF1437BD465DF8047B704700BFD1
:10A5C8007405010880B485B000AFF860B9607A609E
:10A5D8000D4ABB6813441B781A46FB6813441B6872
:10A5E80023F4C0420849BB680B441B781946FB6832
:10A5F8000B4419467B6813430B6000BF1437BD46F4
:10A608005DF8047B704700BF7405010880B485B00D
:10A6180000AFF860B9607A600D4ABB6813441B78D4
:10A628001A46FB6813441B6823F440320849BB6888
:10A638000B441B781946FB680B4419467B68134387
:10A648000B6000BF1437BD465DF8047B704700BF40
:10A658007405010880B485B000AFF860B9607A600D
:10A668000D4ABB6813441B781A46FB6813441B68E1
:10A6780023F060620849BB680B441B781946FB68E5
:10A688000B4419467B6813430B6000BF1437BD4663
:10A698005DF8047B704700BF7405010880B483B07F
:10A6A80000AF786039600C4A3B6813441B781A463F
:10A6B8007B6813445B6908493A680A441278114672
:10A6C8007A680A4423F00403536100BF0C37BD467F
:10A6D8005DF8047B704700BF7405010880B400AFC3
:10A6E800054B1B68044A43F48033136000BFBD4622
:10A6F8005DF8047B704700BF0038024080B400AFAB
:10A70800074B1B6803F40033B3F5003F0CBF01236C
:10A718000023DBB21846BD465DF8047B704700BFD6
:10A728000038024080B483B000AF7860064B9B6865
:10A7380023F0030204497B6813438B6000BF0C3786
:10A74800BD465DF8047B70470038024080B400AF16
:10A75800044B9B6803F00C031846BD465DF8047B68
:10A76800704700BF0038024080B483B000AF786003
:10A77800064B9B6823F0F00204497B6813438B6007
:10A7880000BF0C37BD465DF8047B704700380240B7
:10A7980080B483B000AF7860064B9B6823F4E05226
:10A7A80004497B6813438B6000BF0C37BD465DF8D6
:10A7B800047B70470038024080B483B000AF7860F3
:10A7C800064B9B6823F4604204497B6813438B6003
:10A7D80000BF0C37BD465DF8047B70470038024067
:10A7E80080B400AF054B1B68044A43F080731360C4
:10A7F80000BFBD465DF8047B704700BF00380240CB
:10A8080080B400AF074B1B6803F00073B3F1007FFF
:10A818000CBF01230023DBB21846BD465DF8047B5C
:10A82800704700BF0038024080B485B000AFF860C0
:10A83800B9607A603B600D4B5A680D4B1340F9685C
:10A84800BA6811437A6892010A43084913434B6076
:10A85800064B5B6823F4403204493B6813434B6062
:10A8680000BF1437BD465DF8047B704700380240CE
:10A878000080BFFF80B485B000AF7860084B1A6BCA
:10A8880007497B6813430B63054B1A6B7B681340BE
:10A89800FB60FB6800BF1437BD465DF8047B70475A
:10A8A8000038024080B485B000AF7860084B1A6C5D
:10A8B80007497B6813430B64054B1A6C7B6813408C
:10A8C800FB60FB6800BF1437BD465DF8047B70472A
:10A8D8000038024080B485B000AF7860084B5A6CED
:10A8E80007497B6813434B64054B5A6C7B681340DC
:10A8F800FB60FB6800BF1437BD465DF8047B7047FA
:10A908000038024080B483B000AF7860064B1B6803
:10A9180023F0070204497B6813430B6000BF0C3720
:10A92800BD465DF8047B7047003C024080B400AF30
:10A93800044B1B6803F007031846BD465DF8047B0B
:10A94800704700BF003C024080B483B000AF78601D
:10A95800064B1B6823F4804204497B6813430B6051
:10A9680000BF0C37BD465DF8047B7047007000409F
:10A9780080B400AF074B5B6803F48043B3F5804FA6
:10A988000CBF01230023DBB21846BD465DF8047BEB
:10A99800704700BF0070004080B483B000AF78609B
:10A9A80039607B685B6823F010023B681A437B6858
:10A9B8005A6000BF0C37BD465DF8047B704780B411
:10A9C80083B000AF78607B681B6823F080027B68E7
:10A9D8001A6000BF0C37BD465DF8047B7047000065
:10A9E80080B485B000AF786039603B68012B1CD01B
:10A9F8003B68042B17D03B68102B12D03B68402BC8
:10AA08000DD03B68B3F5807F07D03B68B3F5806F06
:10AA180001D105230AE0062308E0042306E0032306
:10AA280004E0022302E0012300E00023FB737B68BB
:10AA380018331946FB7B0B4AD35C0B44BB60BB68DD
:10AA48001A68FB7B0849CB5C194604238B40DB431F
:10AA58001A40BB681A6000BF1437BD465DF8047B16
:10AA6800704700BF7C0501088405010880B485B0E3
:10AA780000AF786039603B68012B1CD03B68042B21
:10AA880017D03B68102B12D03B68402B0DD03B6889
:10AA9800B3F5807F07D03B68B3F5806F01D10523FC
:10AAA8000AE0062308E0042306E0032304E0022367
:10AAB80002E0012300E00023FB737B68183319468A
:10AAC800FB7B0A4AD35C0B44BB60BB681A68FB7B00
:10AAD8000749CB5C194608238B401A43BB681A60A8
:10AAE80000BF1437BD465DF8047B70477C0501083C
:10AAF8008405010880B483B000AF786039607B6852
:10AB08009B6823F4804323F007033A681A437B6861
:10AB18009A6000BF0C37BD465DF8047B704780B46F
:10AB280083B000AF786039607B685B6823F070029F
:10AB38003B681A437B685A6000BF0C37BD465DF816
:10AB4800047B704780B483B000AF786039607B685D
:10AB58009B6823F007023B681A437B689A6000BF32
:10AB68000C37BD465DF8047B704780B483B000AFF6
:10AB7800786039607B689B6823F070023B681A43F1
:10AB88007B689A6000BF0C37BD465DF8047B704750
:10AB980080B483B000AF78607B689B6823F0800244
:10ABA8007B689A6000BF0C37BD465DF8047B704730
:10ABB80080B483B000AF78607B68DB6823F0400224
:10ABC8007B68DA6000BF0C37BD465DF8047B7047D0
:10ABD80080B483B000AF78607B68DB6823F4804280
:10ABE8007B68DA6000BF0C37BD465DF8047B7047B0
:10ABF80080B483B000AF78607B68DB6843F40052B0
:10AC08007B68DA6000BF0C37BD465DF8047B70478F
:10AC180080B483B000AF78607B681B6923F49042EE
:10AC28007B681A617B685B6923F02A027B685A613A
:10AC380000BF0C37BD465DF8047B704780B483B015
:10AC480000AF786039603B681A047B689A6100BF7E
:10AC58000C37BD465DF8047B7047000080B500AF37
:10AC68000320FFF74FFE00BFFFF760FE0346032BEC
:10AC7800FAD14FF48040FFF767FEFFF72FFD00BFC2
:10AC8800FFF73CFD0346012BFAD10023642204217F
:10AC98004FF48000FFF7C8FDFFF7A2FD00BFFFF7E4
:10ACA800AFFD0346012BFAD100BFFFF761FE034653
:10ACB800002BFAD00020FFF757FD4FF4A050FFF704
:10ACC80067FD4FF40040FFF777FD0220FFF72AFDEC
:10ACD80000BFFFF73BFD0346082BFAD1064801F0F9
:10ACE8000DFB0F2000F012FC0346002B01D000F0F2
:10ACF800B9FB00BF80BD00BF00E1F50580B592B08B
:10AD080000AF07F13C0300221A605A609A6007F10D
:10AD1800280300221A605A609A60DA601A6107F103
:10AD2800180300221A605A609A60DA603B460022D3
:10AD38001A605A609A60DA601A615A614FF480703A
:10AD4800FFF7C8FD0120FFF795FD40233B60032373
:10AD58007B6000233B613B4619461F4801F037F8EA
:10AD68000023FB6300233B6400237B6407F13C035F
:10AD780019461A4801F01AF90023BB620023FB6246
:10AD880000233B6300237B630023BB6307F1280395
:10AD98001946124801F036F94FF480610F48FFF761
:10ADA800E9FA4FF48033BB610023FB6107F1180314
:10ADB80019460B4801F0B2F80A4A4FF400710748E7
:10ADC800FFF79BFA002207490448FFF7E6FA00BF9D
:10ADD8004837BD4680BD00BF00000240002001404A
:10ADE800002301400600200380B58EB000AF07F1B4
:10ADF8002C0300221A605A609A6007F11803002297
:10AE08001A605A609A60DA601A613B4600221A603A
:10AE18005A609A60DA601A615A614FF40070FFF75D
:10AE280059FD0420FFF726FD04233B6003237B60C4
:10AE380000233B613B461946194800F0C8FF002330
:10AE4800FB6200233B6300237B6307F12C03194655
:10AE5800144801F0ABF80023BB610023FB61002319
:10AE68003B6200237B620023BB6207F1180319468B
:10AE78000C4801F0C7F84FF480610A48FFF77AFAE6
:10AE8800094A4FF400710748FFF737FA00220649CC
:10AE98000448FFF782FA00BF3837BD4680BD00BFBF
:10AEA80000080240002101400C00600080B58EB00F
:10AEB80000AF07F12C0300221A605A609A6007F16C
:10AEC800180300221A605A609A60DA601A613B46D9
:10AED80000221A605A609A60DA601A615A614FF467
:10AEE8008060FFF7F7FC0420FFF7C4FC08233B60F1
:10AEF80003237B6000233B613B461946194800F059
:10AF080066FF0023FB6200233B6300237B6307F19A
:10AF18002C031946144801F049F80023BB610023AB
:10AF2800FB6100233B6200237B620023BB6207F1C5
:10AF3800180319460C4801F065F84FF480610A4877
:10AF4800FFF718FA094A4FF400710748FFF7D5F9D7
:10AF5800002206490448FFF720FA00BF3837BD46EB
:10AF680080BD00BF00080240002201400D00900093
:10AF780080B590B000AF07F11803282200211846C9
:10AF880002F02AFD3B4600221A605A609A60DA6095
:10AF98001A615A614FF40040FFF784FC0420FFF760
:10AFA80069FC4FF4E0533B6002237B600323BB60E2
:10AFB8000023FB6000233B6106237B613B46194667
:10AFC800134800F004FF0023BB614FF48273FB6158
:10AFD8004FF400633B6200237B620123BB624FF4A2
:10AFE8000073FB6200233B6300237B630023BB6386
:10AFF8000A23FB6307F118031946064801F027FBEB
:10B0080000210448FFF7C8FC00BF4037BD4680BD9B
:10B0180000080240003C004080B59AB000AF07F13C
:10B02800540300221A605A609A60DA601A6107F1C4
:10B03800340320220021184602F0CEFC07F11C033D
:10B0480000221A605A609A60DA601A615A613B1DE0
:10B0580000221A605A609A60DA601A615A61022006
:10B06800FFF738FC0023A7F854300023BB654FF6E0
:10B07800FF73FB6500233B6600237B6607F15403DF
:10B0880019465B4801F0A8FB5948FFF798FC0021D6
:10B098005748FFF72FFD01215548FFF7E7FC6023CC
:10B0A8007B630023BB630023FB6300233B64002313
:10B0B8007B640223BB640023FB6400233B6507F128
:10B0C80034031A4601214A4801F020FC012148486E
:10B0D800FFF786FC10214648FFF7C8FC07F1340348
:10B0E8001A461021424801F011FC10214048FFF790
:10B0F80077FC4FF480713E48FFF7B8FC07F1340342
:10B108001A464FF480713A4801F000FC4FF4807100
:10B118003748FFF765FC00213548FFF726FD002179
:10B128003348FFF70FFD3248FFF742FD3048FFF77D
:10B138004FFD00212E48FFF7F2FC2D48FFF728FDB0
:10B148000023FB6100233B6200237B62642387F8B2
:10B15800283000237B854FF40053FB6200233B63B8
:10B1680007F11C031946224801F011FC0120FFF7E2
:10B1780081FB0220FFF77EFB0420FFF77BFB802387
:10B188007B600223BB600023FB6000233B6100233C
:10B198007B610323BB613B1D1946164800F017FE6F
:10B1A80003237B600223BB600023FB6000233B6119
:10B1B80000237B610323BB613B1D19460E4800F049
:10B1C80006FE4FF4E0737B600223BB600023FB6044
:10B1D80000233B6100237B610323BB613B1D1946B0
:10B1E800064800F0F4FD00BF6837BD4680BD00BFCB
:10B1F8000004014000000240000402400008024030
:10B2080080B58EB000AF07F11C0300221A605A60A7
:10B218009A60DA601A615A619A613B1D00221A60CD
:10B228005A609A60DA601A615A614FF40030FFF789
:10B2380039FB0120FFF71EFB0C237B600223BB6058
:10B248000323FB6000233B6100237B610723BB6171
:10B258003B1D19463E4800F0BAFD4FF0006205213B
:10B268003C48FFF7F7F9002205213A48FFF7F6F8BE
:10B27800002205213748FFF7C9F900220521354882
:10B28800FFF710F9002205213248FFF72FF94FF494
:10B29800806205212F48FFF74DF9002205212D482E
:10B2A800FFF76CF9002205212A48FFF78BF90521E1
:10B2B8002848FFF7F3F94FF0006206212548FFF709
:10B2C800C9F9402206212348FFF7C8F800220621C1
:10B2D8002048FFF79BF9002206211E48FFF7E2F8F5
:10B2E800002206211B48FFF701F94FF4806206216E
:10B2F8001848FFF71FF9002206211648FFF73EF904
:10B30800002206211348FFF75DF906211148FFF7CF
:10B31800C5F94FF4E133FB6100233B6200237B62F4
:10B328000023BB620C23FB6200233B6300237B6387
:10B3380007F11C031946084801F078FF0648FFF793
:10B3480067FC0548FFF754FC00BF3837BD4680BD91
:10B3580000000240006002400044004080B500AF99
:10B368004FF40010FFF786FAFEF73EFF034600226F
:10B3780000211846FEF78EFF034619461020FEF7F7
:10B388005FFF1020FEF73EFFFEF72EFF0346002268
:10B3980000211846FEF77EFF034619461120FEF7E6
:10B3A8004FFF1120FEF72EFF00BF80BD80B586B08D
:10B3B80000AF3B4600221A605A609A60DA601A6150
:10B3C8005A610420FFF756FA8020FFF753FA01204C
:10B3D800FFF750FA0220FFF74DFA44F21001164821
:10B3E800FFF72CFC4FF480511448FFF727FC44F278
:10B3F80010033B6001237B600023BB600023FB60DC
:10B4080000233B613B4619460B4800F0E0FC4FF433
:10B4180080533B6001237B600023BB600023FB60FB
:10B4280000233B613B461946044800F0D0FC00BFAE
:10B438001837BD4680BD00BF000802400004024026
:10B4480080B582B000AF78607B681B68044A93427D
:10B4580001D101F0B9F800BF0837BD4680BD00BF73
:10B468000000014080B400AF72B600BF00BFFDE726
:10B4780080B400AF00BFFDE780B400AF00BFFDE7B8
:10B4880080B400AF00BFFDE780B400AF00BFFDE7A8
:10B4980080B400AF00BFFDE780B400AF00BFBD4679
:10B4A8005DF8047B7047000080B500AF024800F0EB
:10B4B8006BF900BF80BD00BF9C1E002080B483B024
:10B4C80000AF00237B60104B5B6C0F4A43F4804352
:10B4D80053640D4B5B6C03F480437B607B680023F3
:10B4E8003B60094B1B6C084A43F080531364064BBE
:10B4F8001B6C03F080533B603B6800BF0C37BD46B4
:10B508005DF8047B704700BF0038024080B58CB0FE
:10B5180000AF78600023BB6200237B620023BB601E
:10B528002F4B5B6C2E4A43F0010353642C4B5B6C2E
:10B5380003F00103BB60BB6807F10C0207F11003BD
:10B548001146184600F00AFF00F0F4FE03465B00BF
:10B55800BB62BB6A234AA2FB03239B0C013B7B62B1
:10B56800214B224A1A60204B40F2E732DA601E4A29
:10B578007B6A53601C4B00221A611B4B00229A60A5
:10B58800194B00229A61184800F034F8034687F8EE
:10B598002F3097F82F30002B1BD1134800F084F878
:10B5A800034687F82F3097F82F30002B11D1192038
:10B5B80000F0DAFF7B680F2B08D800227968192081
:10B5C80000F0B6FF0A4A7B68136002E0012387F89F
:10B5D8002F3097F82F3018463037BD4680BD00BF52
:10B5E8000038024083DE1B439C1E002000000140FF
:10B5F8008800002080B582B000AF78607B68002B9F
:10B6080001D1012341E07B6893F83D30DBB2002B88
:10B6180006D17B68002283F83C20786800F039F86E
:10B628007B68022283F83D207B681A687B680433B4
:10B638001946104600F0C0F97B68012283F84620BD
:10B648007B68012283F83E207B68012283F83F2033
:10B658007B68012283F840207B68012283F841201F
:10B668007B68012283F842207B68012283F843200B
:10B678007B68012283F844207B68012283F84520F7
:10B688007B68012283F83D20002318460837BD4611
:10B6980080BD80B483B000AF786000BF0C37BD4672
:10B6A8005DF8047B7047000080B485B000AF786017
:10B6B8007B6893F83D30DBB2012B01D001234EE0CB
:10B6C8007B68022283F83D207B681B68DA687B6808
:10B6D8001B6842F00102DA607B681B68234A9342C8
:10B6E80022D07B681B68B3F1804F1DD07B681B6834
:10B6F8001F4A934218D07B681B681E4A934213D096
:10B708007B681B681C4A93420ED07B681B681B4AE7
:10B71800934209D07B681B68194A934204D07B681E
:10B728001B68184A934211D17B681B689B6803F019
:10B738000703FB60FB68062B10D07B681B681A6840
:10B748007B681B6842F001021A6007E07B681B688F
:10B758001A687B681B6842F001021A6000231846C9
:10B768001437BD465DF8047B704700BF00000140F8
:10B778000004004000080040000C004000040140A4
:10B78800004001400018004080B584B000AF7860E8
:10B798007B681B68DB68FB607B681B681B69BB6098
:10B7A800BB6803F00203002B20D0FB6803F0020300
:10B7B800002B1BD07B681B686FF002021A617B6844
:10B7C80001221A777B681B689B6903F00303002B2F
:10B7D80003D0786800F0D2F805E0786800F0C4F883
:10B7E800786800F0D5F87B6800221A77BB6803F008
:10B7F8000403002B20D0FB6803F00403002B1BD0AC
:10B808007B681B686FF004021A617B6802221A7752
:10B818007B681B689B6903F44073002B03D078682E
:10B8280000F0ACF805E0786800F09EF8786800F061
:10B83800AFF87B6800221A77BB6803F00803002B77
:10B8480020D0FB6803F00803002B1BD07B681B6823
:10B858006FF008021A617B6804221A777B681B68FC
:10B86800DB6903F00303002B03D0786800F086F847
:10B8780005E0786800F078F8786800F089F87B6867
:10B8880000221A77BB6803F01003002B20D0FB6856
:10B8980003F01003002B1BD07B681B686FF01002AD
:10B8A8001A617B6808221A777B681B68DB6903F4D6
:10B8B8004073002B03D0786800F060F805E07868E2
:10B8C80000F052F8786800F063F87B6800221A7775
:10B8D800BB6803F00103002B0CD0FB6803F00103E5
:10B8E800002B07D07B681B686FF001021A6178682B
:10B8F800FFF7A6FDBB6803F08003002B0CD0FB68A4
:10B9080003F08003002B07D07B681B686FF0800270
:10B918001A61786800F006F9BB6803F04003002B51
:10B928000CD0FB6803F04003002B07D07B681B6832
:10B938006FF040021A61786800F034F8BB6803F0D1
:10B948002003002B0CD0FB6803F02003002B07D04A
:10B958007B681B686FF020021A61786800F0D8F8DD
:10B9680000BF1037BD4680BD80B483B000AF78609B
:10B9780000BF0C37BD465DF8047B704780B483B0C8
:10B9880000AF786000BF0C37BD465DF8047B704798
:10B9980080B483B000AF786000BF0C37BD465DF857
:10B9A800047B704780B483B000AF786000BF0C3769
:10B9B800BD465DF8047B704780B485B000AF786001
:10B9C80039607B681B68FB607B68464A934213D0EA
:10B9D8007B68B3F1804F0FD07B68434A93420BD00A
:10B9E8007B68424A934207D07B68414A934203D01E
:10B9F8007B68404A934208D1FB6823F07003FB60E0
:10BA08003B685B68FA681343FB607B68354A93427E
:10BA18002BD07B68B3F1804F27D07B68324A9342A2
:10BA280023D07B68314A93421FD07B68304A9342C7
:10BA38001BD07B682F4A934217D07B682E4A9342CB
:10BA480013D07B682D4A93420FD07B682C4A9342CF
:10BA58000BD07B682B4A934207D07B682A4A9342D3
:10BA680003D07B68294A934208D1FB6823F44073CA
:10BA7800FB603B68DB68FA681343FB60FB6823F0F4
:10BA880080023B685B691343FB607B68FA681A6055
:10BA98003B689A687B68DA623B681A687B689A62D6
:10BAA8007B68104A934203D07B68124A934203D1C1
:10BAB8003B681A697B681A637B6801225A617B6854
:10BAC8001B6903F00103012B05D17B681B6923F077
:10BAD80001027B681A6100BF1437BD465DF8047B1C
:10BAE800704700BF0000014000040040000800400B
:10BAF800000C0040000401400040014000440140A7
:10BB08000048014000180040001C00400020004090
:10BB180080B483B000AF786000BF0C37BD465DF8D5
:10BB2800047B704780B483B000AF786000BF0C37E7
:10BB3800BD465DF8047B704780B48BB000AFF860F9
:10BB4800B9607A60FB681A68BB687B617B6993FAA5
:10BB5800A3F33B613B69BB61BB69002B01D1202387
:10BB680003E0BB69B3FA83F3DBB25B00032101FA9C
:10BB780003F3DB431A40BB683B623B6A93FAA3F3C7
:10BB8800FB61FB697B627B6A002B01D1202303E008
:10BB98007B6AB3FA83F3DBB25B00796801FA03F3DB
:10BBA8001A43FB681A6000BF2C37BD465DF8047B5A
:10BBB800704780B485B000AFF860B9607A60FB6800
:10BBC8005A68BB68DB431A40BB68796801FB03F31A
:10BBD8001A43FB685A6000BF1437BD465DF8047B02
:10BBE800704780B48BB000AFF860B9607A60FB68CA
:10BBF8009A68BB687B617B6993FAA3F33B613B69F5
:10BC0800BB61BB69002B01D1202303E0BB69B3FAF8
:10BC180083F3DBB25B00032101FA03F3DB431A4031
:10BC2800BB683B623B6A93FAA3F3FB61FB697B62E7
:10BC38007B6A002B01D1202303E07B6AB3FA83F3EC
:10BC4800DBB25B00796801FA03F31A43FB689A6078
:10BC580000BF2C37BD465DF8047B704780B48BB0BD
:10BC680000AFF860B9607A60FB68DA68BB687B612E
:10BC78007B6993FAA3F33B613B69BB61BB69002B0A
:10BC880001D1202303E0BB69B3FA83F3DBB25B0085
:10BC9800032101FA03F3DB431A40BB683B623B6AAA
:10BCA80093FAA3F3FB61FB697B627B6A002B01D1EA
:10BCB800202303E07B6AB3FA83F3DBB25B00796885
:10BCC80001FA03F31A43FB68DA6000BF2C37BD465C
:10BCD8005DF8047B704780B48BB000AFF860B96042
:10BCE8007A60FB681A6ABB687B617B6993FAA3F385
:10BCF8003B613B69BB61BB69002B01D1202303E099
:10BD0800BB69B3FA83F3DBB29B000F2101FA03F39B
:10BD1800DB431A40BB683B623B6A93FAA3F3FB61BF
:10BD2800FB697B627B6A002B01D1202303E07B6ADD
:10BD3800B3FA83F3DBB29B00796801FA03F31A4381
:10BD4800FB681A6200BF2C37BD465DF8047B70475C
:10BD580080B48BB000AFF860B9607A60FB685A6A4B
:10BD6800BB681B0A7B617B6993FAA3F33B613B6960
:10BD7800BB61BB69002B01D1202303E0BB69B3FA87
:10BD880083F3DBB29B000F2101FA03F3DB431A4074
:10BD9800BB681B0A3B623B6A93FAA3F3FB61FB692E
:10BDA8007B627B6A002B01D1202303E07B6AB3FA14
:10BDB80083F3DBB29B00796801FA03F31A43FB684B
:10BDC8005A6200BF2C37BD465DF8047B704780B5CA
:10BDD8008AB000AF7860396000237B6200233B6241
:10BDE8003B681B68BB61BB6993FAA3F37B617B6902
:10BDF800FB61FB69002B01D1202303E0FB69B3FA47
:10BE080083F3DBB27B6257E03B681A6801217B6AE7
:10BE180001FA03F313403B623B6A002B49D03B68AD
:10BE28005B68012B03D03B685B68022B0DD13B6834
:10BE38009B681A46396A7868FFF7D3FE3B68DB6867
:10BE48001A46396A7868FFF7B4FE3B681B691A46D8
:10BE5800396A7868FFF702FF3B685B68022B21D1DB
:10BE68003B6AFB60FB6893FAA3F3BB60BB683B616A
:10BE78003B69002B01D1202303E03B69B3FA83F32C
:10BE8800DBB2072B07D83B685B691A46396A7868C2
:10BE9800FFF721FF06E03B685B691A46396A786854
:10BEA800FFF756FF3B685B681A46396A7868FFF700
:10BEB80043FE7B6A01337B623B681A687B6A22FA1D
:10BEC80003F3002BA0D1002318462837BD4680BDB8
:10BED80080B483B000AF786039607B68DB6A23F494
:10BEE80070023B681A437B68DA6200BF0C37BD46B4
:10BEF8005DF8047B704780B483B000AF78607B68DE
:10BF08009B6803F00103012B0CBF01230023DBB264
:10BF180018460C37BD465DF8047B704790B585B070
:10BF280000AF786039600023FB731C48FFF7E3FF1C
:10BF380004461B48FFF7DFFF03461C431948FFF779
:10BF4800DAFF03462343002B20D13B685B68002BB4
:10BF580012D07B685A68144B13403A6811683A68E3
:10BF6800526811433A68926811433A68D2680A43A2
:10BF78001A437B685A600BE07B685A680A4B134087
:10BF88003A6812681A437B685A6001E00123FB7320
:10BF9800FB7B18461437BD4690BD00BF002001400A
:10BFA8000021014000220140E010FCFF80B584B070
:10BFB80000AF786039600023FB737868FFF79BFF58
:10BFC8000346002B17D17B685B6823F0407323F48A
:10BFD80080733A6811683A6892680A431A437B6822
:10BFE8005A607B689B6823F400623B685B681A436D
:10BFF8007B689A6001E00123FB73FB7B18461037CE
:10C00800BD4680BD80B584B000AF7860396000233C
:10C01800FB737868FFF76FFF0346002B2BD13B6853
:10C028005B68002B09D07B685B6823F468423B6837
:10C038009B681A437B685A6005E07B685B6823F459
:10C0480068427B685A607B689A680E4B13403A686E
:10C05800126802F070613A68D26811433A6812694E
:10C068000A431A437B689A603B685B68194678689C
:10C07800FFF72EFF01E00123FB73FB7B1846103707
:10C08800BD4680BDFDFCFFC080B400AF044B9B687B
:10C0980003F00C031846BD465DF8047B704700BFEB
:10C0A8000038024080B400AF044B9B6803F0F003F3
:10C0B8001846BD465DF8047B704700BF0038024053
:10C0C80080B400AF044B9B6803F4E0531846BD46A8
:10C0D8005DF8047B704700BF0038024080B400AFB1
:10C0E800044B9B6803F460431846BD465DF8047B27
:10C0F800704700BF0038024080B400AF044B5B6853
:10C1080003F480031846BD465DF8047B704700BF02
:10C118000038024080B400AF044B5B689B09C3F34E
:10C1280008031846BD465DF8047B70470038024096
:10C1380080B400AF044B5B6803F440331846BD4637
:10C148005DF8047B704700BF0038024080B400AF40
:10C15800044B5B6803F03F031846BD465DF8047B5B
:10C16800704700BF0038024080B582B000AF7860E9
:10C1780000F020F802467B681A607B681B68184646
:10C1880000F040F802467B685A607B685B68184696
:10C1980000F04EF802467B689A607B685B68184638
:10C1A80000F05AF802467B68DA6000BF0837BD46DF
:10C1B80080BD000080B582B000AF00237B60FFF730
:10C1C80063FF0346082B0CD0082B0FD8002B02D096
:10C1D800042B03D00AE0094B7B600AE0084B7B6024
:10C1E80007E0082000F04CF8786002E0034B7B6021
:10C1F80000BF7B6818460837BD4680BD0024F400A0
:10C2080000127A0080B582B000AF7860FFF74AFF6D
:10C2180003461B0903F00F03044AD35C1A467B68E4
:10C22800D34018460837BD4680BD00BF8C050108BD
:10C2380080B582B000AF7860FFF742FF03469B0AE3
:10C24800044AD35C1A467B68D34018460837BD4673
:10C2580080BD00BF9C05010880B582B000AF786042
:10C26800FFF73CFF03465B0B044AD35C1A467B6826
:10C27800D34018460837BD4680BD00BF9C0501085D
:10C2880090B587B000AF786000237B610023FB6026
:10C2980000233B61FFF730FFF860FB68002B04D0F8
:10C2A800FB68B3F5800F03D005E0124B7B6105E016
:10C2B800114B7B6102E00F4B7B6100BF7B68082B51
:10C2C80013D1FFF743FF02467B69B3FBF2F4FFF794
:10C2D80021FF034603FB04F4FFF72AFF03461B0C68
:10C2E80001335B00B4FBF3F33B613B6918461C3731
:10C2F800BD4690BD0024F40000127A0080B483B0DB
:10C3080000AF7860044A7B68136000BF0C37BD46F5
:10C318005DF8047B704700BF9000002080B400AF38
:10C32800034B1B681846BD465DF8047B704700BF89
:10C338009000002080B500AFFFF7F0FF0246054BE4
:10C348009B685B0B03F007030349CB5C22FA03F3FA
:10C35800184680BD003802409C05010880B483B0AF
:10C3680000AF786039607B680F221A60124B9B68B7
:10C3780003F003027B685A600F4B9B6803F0F002DE
:10C388007B689A600C4B9B6803F4E0527B68DA6028
:10C39800094B9B68DB0803F4E0527B681A61074B82
:10C3A8001B6803F007023B681A6000BF0C37BD46E4
:10C3B8005DF8047B704700BF00380240003C024033
:10C3C80080B485B000AF78607B6803F00703FB603A
:10C3D8000C4BDB68BB60BA684FF6FF031340BB60C9
:10C3E800FB681A02BB68134343F0BF6343F400338E
:10C3F800BB60044ABB68D36000BF1437BD465DF814
:10C40800047B704700ED00E080B400AF044BDB68AC
:10C418001B0A03F007031846BD465DF8047B704706
:10C4280000ED00E080B483B000AF0346FB7197F9DC
:10C438000730002B0BDBFB7903F01F02074997F944
:10C4480007305B09012000FA02F241F8232000BFFF
:10C458000C37BD465DF8047B704700BF00E100E083
:10C4680080B483B000AF03463960FB7197F9073099
:10C47800002B0ADB3B68DAB20C4997F90730120146
:10C48800D2B20B4483F800230AE03B68DAB20849C9
:10C49800FB7903F00F03043B1201D2B20B441A7666
:10C4A80000BF0C37BD465DF8047B704700E100E033
:10C4B80000ED00E080B489B000AFF860B9607A6040
:10C4C800FB6803F00703FB61FB69C3F10703042B57
:10C4D80028BF0423BB61FB690433062B02D9FB691F
:10C4E800033B00E000237B614FF0FF32BB6902FA97
:10C4F80003F3DA43BB681A407B699A404FF0FF3177
:10C508007B6901FA03F3D9437B680B401343184650
:10C518002437BD465DF8047B704780B582B000AF14
:10C5280078607868FFF74CFF00BF0837BD4680BDCC
:10C5380080B586B000AF0346B9607A60FB7300230C
:10C548007B61FFF761FF78617A68B9687869FFF7FE
:10C55800B1FF024697F90F3011461846FFF780FFE2
:10C5680000BF1837BD4680BD80B582B000AF034616
:10C57800FB7197F907301846FFF754FF00BF0837DB
:10C58800BD4680BD80B500AF0E4B1B680D4A43F415
:10C59800007313600B4B1B680A4A43F480631360F3
:10C5A800084B1B68074A43F4807313600320FFF7A6
:10C5B800B4FF0F20FEF7AAFFFEF780FF00231846FE
:10C5C80080BD00BF003C024080B400AF064B1B7822
:10C5D8001A46064B1B681344044A136000BFBD4645
:10C5E8005DF8047B704700BF8C000020E41E00202B
:10C5F80080B400AF034B1B681846BD465DF8047B4A
:10C60800704700BFE41E002080B483B000AF78609C
:10C618007B681B6803F04003402B01D1012300E035
:10C62800002318460C37BD465DF8047B704780B47C
:10C6380083B000AF786039603B689BB21A467B686C
:10C648001A6100BF0C37BD465DF8047B704780B5A2
:10C6580084B000AF786039600123FB737868FFF716
:10C66800D3FF0346002B39D17B681B6823F47F4333
:10C6780023F0BF033A6811683A68526811433A6870
:10C68800926811433A68D26811433A6812691143B3
:10C698003A68526911433A68926911433A68D26913
:10C6A80011433A68126A0A431A437B681A607B6826
:10C6B8005B6823F004023B685B691B0C1A437B68C8
:10C6C8005A603B681B6AB3F5005F05D13B685B6A3B
:10C6D80019467868FFF7ABFF0023FB737B68DB69BB
:10C6E80023F400627B68DA61FB7B18461037BD468D
:10C6F80080BD80B483B000AF786039607B683A68E9
:10C708009A6200BF0C37BD465DF8047B704780B461
:10C7180083B000AF786039607B683A68DA6200BF3E
:10C728000C37BD465DF8047B704780B483B000AF1A
:10C73800786039607B683A681A6300BF0C37BD4679
:10C748005DF8047B704780B483B000AF78603960CF
:10C758007B683A685A6300BF0C37BD465DF8047BB6
:10C76800704780B483B000AF786039607B683A68FE
:10C778009A6300BF0C37BD465DF8047B704780B4F0
:10C7880083B000AF786039607B683A68DA6300BFCD
:10C798000C37BD465DF8047B704780B483B000AFAA
:10C7A800786039607B683A681A6400BF0C37BD4608
:10C7B8005DF8047B704780B483B000AF78607B6815
:10C7C8005B6943F001027B685A6100BF0C37BD46C4
:10C7D8005DF8047B7047000080B584B000AF7860D6
:10C7E80039607B681B68FB607B683D4A934213D0C5
:10C7F8007B68B3F1804F0FD07B683A4A93420BD0E5
:10C808007B68394A934207D07B68384A934203D001
:10C818007B68374A934206D1FB6823F070023B6875
:10C828005B681343FB607B682D4A93422BD07B687F
:10C83800B3F1804F27D07B682A4A934223D07B6884
:10C84800294A93421FD07B68284A93421BD07B68B1
:10C85800274A934217D07B68264A934213D07B68B5
:10C86800254A93420FD07B68244A93420BD07B68B9
:10C87800234A934207D07B68224A934203D07B68BD
:10C88800214A934206D1FB6823F440723B68DB6877
:10C898001343FB607B68FA681A603B689B6819461B
:10C8A8007868FFF734FF3B681B8819467868FFF7FC
:10C8B80020FF7B680A4A934203D07B680C4A934264
:10C8C80005D13B681B6919467868FFF72EFF786821
:10C8D800FFF771FF002318461037BD4680BD00BF23
:10C8E800000001400004004000080040000C004027
:10C8F800000401400040014000440140004801405C
:10C9080000180040001C00400020004080B586B0A0
:10C9180000AFF860B9607A600123FB75BB68B3F5B6
:10C92800805F27D0BB68B3F5805F2AD8BB68B3F5B2
:10C93800807F18D0BB68B3F5807F22D8BB68012BF5
:10C9480003D0BB68102B07D01BE07968F86800F0AB
:10C9580061F80346FB7515E07968F86800F0C6F8D9
:10C968000346FB750EE07968F86800F02FF9034676
:10C97800FB7507E07968F86800F098F90346FB75DD
:10C9880000E000BFFB7D18461837BD4680BD80B467
:10C9980085B000AF786039600023FB60FB6823F046
:10C9A800FF033A68127B1343FB60FB6823F4407271
:10C9B8003B689B681343FB60FB6823F480623B6819
:10C9C8005B681343FB60FB6823F400623B681B68E9
:10C9D8001343FB60FB6823F480533A68D2891343FE
:10C9E800FB60FB6823F400523B681B691343FB6040
:10C9F800FB6823F480423B685B691343FB607B68F8
:10CA0800FA685A64002318461437BD465DF8047B5B
:10CA18007047000080B586B000AF786039607B68E9
:10CA28001B6A23F001027B681A627B681B6A7B61C0
:10CA38007B685B683B617B689B69FB60FB6823F0F4
:10CA48000303FB60FB6823F070023B681B68134319
:10CA5800FB607B6923F002023B681B6913437B611F
:10CA68007B6923F001023B685B6813437B617B6849
:10CA78001C4A934203D07B681B4A93421ED17B69B0
:10CA880023F008023B685B699B0013437B617B6969
:10CA980023F004023B689B689B0013437B613B695E
:10CAA80023F480723B689B6913433B613B6923F421
:10CAB80000723B68DB695B0013433B617B683A6942
:10CAC8005A607B68FA689A613B68DB68194678683F
:10CAD800FFF739FE7B687A691A620023184618370F
:10CAE800BD4680BD000001400004014080B586B00D
:10CAF80000AF786039607B681B6A23F010027B689E
:10CB08001A627B681B6A7B617B685B683B617B6838
:10CB18009B69FB60FB6823F44073FB60FB6823F4AC
:10CB2800E0423B681B681B021343FB607B6923F0F0
:10CB380020023B681B691B0113437B617B6923F05F
:10CB480010023B685B681B0113437B617B681D4ACD
:10CB5800934203D07B681C4A93421FD17B6923F020
:10CB680080023B685B699B0113437B617B6923F00F
:10CB780040023B689B689B0113437B613B6923F43C
:10CB880080623B689B699B0013433B613B6923F4CC
:10CB980000623B68DB69DB0013433B617B683A69F1
:10CBA8005A607B68FA689A613B68DB68194678685E
:10CBB800FFF7D7FD7B687A691A6200231846183791
:10CBC800BD4680BD000001400004014080B586B02C
:10CBD80000AF786039607B681B6A23F480727B68D9
:10CBE8001A627B681B6A7B617B685B683B617B6858
:10CBF800DB69FB60FB6823F00303FB60FB6823F041
:10CC080070023B681B681343FB607B6923F4007266
:10CC18003B681B691B0213437B617B6923F48072A9
:10CC28003B685B681B0213437B617B681D4A934228
:10CC380003D07B681C4A93421FD17B6923F40062AE
:10CC48003B685B699B0213437B617B6923F48062C9
:10CC58003B689B689B0213437B613B6923F48052CA
:10CC68003B689B691B0113433B613B6923F40052FA
:10CC78003B68DB695B0113433B617B683A695A6037
:10CC88007B68FA68DA613B68DB6819467868FFF701
:10CC980076FD7B687A691A62002318461837BD4604
:10CCA80080BD00BF000001400004014080B586B08F
:10CCB80000AF786039607B681B6A23F480527B6818
:10CCC8001A627B681B6A3B617B685B687B617B6877
:10CCD800DB69FB60FB6823F44073FB60FB6823F4AB
:10CCE800E0423B681B681B021343FB603B6923F46B
:10CCF80000523B681B691B0313433B613B6923F4E8
:10CD080080523B685B681B0313433B617B68114A95
:10CD1800934203D07B68104A934207D17B6923F47E
:10CD280080423B689B699B0113437B617B687A69FE
:10CD38005A607B68FA68DA613B68DB68194678688C
:10CD4800FFF72BFD7B683A691A62002318461837EB
:10CD5800BD4680BD000001400004014080B483B09E
:10CD680000AF78607B68DB6803F40053B3F5005FBD
:10CD78000CBF01230023DBB218460C37BD465DF813
:10CD8800047B704780B483B000AF786039607B68FB
:10CD98001B6923F440523B681A437B681A6100BF41
:10CDA8000C37BD465DF8047B704780B483B000AF94
:10CDB800786039607B685B6923F440723B681A438A
:10CDC8007B685A6100BF0C37BD465DF8047B70472D
:10CDD8002DE9B04FC0B000AFC7F8FC00C7F8F81095
:10CDE800C7F8F420C7F8F030D7F8F430B3F5004F9F
:10CDF80040F00C81D7F8F8300022C7F8E830C7F8BF
:10CE0800EC20D7E93A4522462B46911839665B4112
:10CE18007B66D7E91823214612EB0108294643EB24
:10CE280001094FF000024FF000034FEAC90343EA3B
:10CE380058734FEAC80290469946234618EB0303F5
:10CE4800C7F8E0302B4649EB0303C7F8E430D7F8BE
:10CE5800F03000229A4693461AEB0A03BB654BEB67
:10CE68000B03FB65D7E91623D7E93801F3F714FE5E
:10CE780002460B46644BA3FB02235B099BB21B01D2
:10CE88009CB2D7F8F8300022C7F8D830C7F8DC20B1
:10CE9800D7E9368942464B46911839655B417B652F
:10CEA800D7E9142341465118B96449464B41FB64FC
:10CEB8004FF000024FF00003D7E912AB5946CB0000
:10CEC800514643EA51735146CA0010461946034673
:10CED80042469B18C7F8D0304B460A4642EB03033C
:10CEE800C7F8D430D7F8F0300022C7F8C830C7F8F0
:10CEF800CC20D7E932120B46DB183B64134642EBD1
:10CF080003037B64D7E91023D7E93401F3F7C4FDA1
:10CF180002460B4611463C4BA3FB01235B096422E6
:10CF280002FB03F3CB1ADB0003F13202364BA3FBFF
:10CF380002235B099BB25B009BB203F4F8739BB2BC
:10CF480023449CB2D7F8F8300022C7F8C030C7F89D
:10CF5800C420D7E9308942464B469118B9635B41F2
:10CF6800FB63D7E90E2341465118396349464B41C3
:10CF78007B634FF000024FF00003D7E90CAB594632
:10CF8800CB00514643EA51735146CA001046194630
:10CF9800034642469B18C7F8B8304B460A4642EB50
:10CFA8000303C7F8BC30D7F8F0300022C7F8B03018
:10CFB800C7F8B420D7E92C120B46DB18BB6213461E
:10CFC80042EB0303FB62D7E90A23D7E92E01F3F703
:10CFD80063FD02460B460C4BA3FB02135B0964215D
:10CFE80001FB03F3D31ADB003233074AA2FB032306
:10CFF8005B099BB203F007039BB223449BB21A461A
:10D00800D7F8FC309A6008E11F85EB51D7F8F83063
:10D018000022C7F8A830C7F8AC20D7E92A894246C9
:10D028004B46911839625B417B62D7E90823414638
:10D038005418494643EB01054FF000024FF0000336
:10D04800EB0043EA5473E20014461D464346E318D6
:10D05800C7F8A0304B4645EB0303C7F8A430D7F810
:10D06800F0300022C7F89830C7F89C204FF0000233
:10D078004FF00003D7E9264529468B00214643EAAD
:10D08800917321468A00D7E92801F3F705FD024686
:10D098000B46654BA3FB02235B099BB21B019CB2A9
:10D0A800D7F8F8300022C7F89030C7F89420D7E9AD
:10D0B800248942464B469118B9615B41FB61D7E927
:10D0C800062341465118396149464B417B614FF06F
:10D0D80000024FF00003D7E904AB5946CB00514694
:10D0E80043EA51735146CA00104619460346424660
:10D0F8009B18C7F888304B460A4642EB0303C7F82B
:10D108008C30D7F8F0300022C7F88030C7F8842078
:10D118004FF000024FF00003D7E9208949468B0001
:10D12800414643EA917341468A00D7E92201F3F761
:10D13800B3FC02460B4611463B4BA3FB01235B099C
:10D14800642202FB03F3CB1A1B013233364AA2FBDB
:10D1580003235B099BB203F0F0039BB223449CB208
:10D16800D7F8F8300022BB67FA67D7E91E8942462C
:10D178004B469118B9605B41FB60D7E902234146F1
:10D188005118396049464B417B604FF000024FF01F
:10D198000003D7E900AB5946CB00514643EA517327
:10D1A8005146CA0010461946034642469B183B673B
:10D1B8004B460A4642EB03037B67D7F8F030002260
:10D1C800BB66FA664FF000024FF00003D7E91A89F0
:10D1D80049468B00414643EA917341468A00D7E9A4
:10D1E8001C01F3F759FC02460B460F4BA3FB021335
:10D1F8005B09642101FB03F3D31A1B0132330A4A8A
:10D20800A2FB03235B099BB203F00F039BB22344E9
:10D218009BB21A46D7F8FC309A6000BF07F58077B2
:10D22800BD46BDE8B08F00BF1F85EB5180B588B003
:10D2380000AF786039600123FB770023BB61786811
:10D24800FFF78CFD0346002B5ED17B68DB6823F477
:10D25800164323F00C033A6851683A68D2681143C0
:10D268003A68126911433A6892690A431A437B681B
:10D27800DA603B689B6819467868FFF783FD3B686E
:10D288005B6919467868FFF790FD07F108031846AF
:10D29800FEF76AFF7B681F4A934202D17B69BB6134
:10D2A80021E07B681C4A934202D13B69BB611AE0CA
:10D2B8007B681A4A934202D13B69BB6113E07B68E1
:10D2C800174A934202D17B69BB610CE07B68154A1F
:10D2D800934202D13B69BB6105E07B68124A9342E5
:10D2E80001D13B69BB61BB69002B0DD03B681B6852
:10D2F800002B09D00023FB773B689A693B681B68C1
:10D30800B9697868FFF764FDFB7F18462037BD468A
:10D3180080BD00BF001001400044004000480040AC
:10D3280000140140004C00400050004080B400AFA1
:10D33800064BD3F88830054A43F47003C2F88830A6
:10D3480000BFBD465DF8047B704700BF00ED00E0FC
:10D35800DFF834D0FFF7EAFF0C480D490D4A0023E7
:10D3680002E0D458C4500433C4188C42F9D30A4A92
:10D378000A4C002301E013600432A242FBD300F000
:10D3880083FBF5F7F3F87047000002200000002047
:10D39800BC010020CC050108C0010020B8210020F4
:10D3A800FEE70000F8B52DED028B57EC106B55EC3D
:10D3B800114B00F02DF83046394622462B46B0EE88
:10D3C800408AF0EE608AF3F731FB30B9002200237F
:10D3D80020462946F3F7F8FA30B9B0EE480AF0EEDD
:10D3E800680ABDEC028BF8BD00F048FB0022002360
:10D3F8002121016010461946F3F7A8F941EC180BF2
:10D40800B0EE480AF0EE680ABDEC028BF8BD00BF2A
:10D4180053EC112B2DE9F04723F0004852EA08019C
:10D4280055EC104B47D0B74925F0004A8A45A94624
:10D4380041D85042B44E40EA020148EAD171B142A3
:10D44800964638D8C2451F46214605F0004C3EDCBA
:10D45800C0F28480A24200F2818000F0B58035429B
:10D4680045D1BAF1000F34D1002C234640F32A816C
:10D47800A64A5B00002B02F1FF32FADCA24B3B40CC
:10D48800002B40F09380B8F1000F40F0DF80BEF130
:10D49800000F73466DDC9D4E9D48801A1F2800F3CF
:10D4A800F08002F21E4321FA03F30AFA00FA43EA73
:10D4B8000A0381406AE020462946F3F71DF8024630
:10D4C8000B46F3F743F941EC100BBDE8F087354202
:10D4D8000DD18F4A4FEACA235B00002B02F1FF32BD
:10D4E800CCDD5B00002B02F1FF32F5DCC6E7864B92
:10D4F8004FEA2A523B40A2F2FF3293B34FEA285038
:10D50800C9F31303A0F2FF3643F48013A1EB0E0016
:10D51800C7F3130545F48015921B0BD163E001385E
:10D5280058D4A1EB0E04E30F013A03EB40034FEA92
:10D53800440156D07145A3EB0500F0D30028A1EBB8
:10D548000E0447DB50EA0403EDD1724B4FEADC7C52
:10D5580003EBCC0393ED000BBDE8F08745EC104BD3
:10D56800B3E7B8F1000F71D1BEF1000F734640F375
:10D57800B480664E5B00002B06F1FF36FADC644B84
:10D588009A4289DBC9F3130343F48013604CA41B4C
:10D598001F2C4CDC06F21E452EFA05F508FA04F09D
:10D5A8000EFA04FE0543A1EB0E00B5E7584CA41A89
:10D5B8004FEA28581F2CA8F2FF3672DD564B9B1AEB
:10D5C80001FA03F30021A3E7524B03EB1C7393ED1D
:10D5D800000B7AE7C80F013A00EB43034FEA410119
:10D5E800A8D1A1EB0E005A1B8E4588BF02F1FF326D
:10D5F800002ABCBF08461A4652EA000305D1A4E730
:10D60800C30F03EB42024000013EB2F5801FF7DB77
:10D618003F4B9E4223DBA2F5801242EA0C0106F240
:10D62800FF3641EA0653024643EC102B4DE73A4DCC
:10D63800921BA5EB06050EFA05F518BF4FF0000E74
:10D648007FF478AF5A1B0846D2E7304A304E4FEA8B
:10D65800C8235B00002B06F1FF36FADC8FE79B1B23
:10D66800142B14DC06F21E41D84002FA01F142FAEA
:10D6780003F3014343EA0C0C63460A4643EC102BC0
:10D6880023E7254B9B1A01FA03F300217EE71F2BA2
:10D6980013DC06F21E4120FA03F302FA01F11943E2
:10D6A800EAE702F21E4321FA03F30AFA04FA43EA0C
:10D6B8000A03A140A1EB0E002AE71749891B42FA89
:10D6C80001F1D9E7104B3B407BB14FEA28500F4A94
:10D6D800A0F2FF36E30A6105ECE7C9F313030B4E2A
:10D6E80043F480130B25152456E7B8F1000FACD18D
:10D6F800BEF1000F054A73463FF73BAF15201646AB
:10D70800CFE600BFFFFFEF7F0000F07FEDFBFFFFDC
:10D7180002FCFFFFA8050108E2FBFFFF2DE9F04727
:10D72800089D0E4604460F46002B4AD194468C4568
:10D73800B2FA82F260D942B1C2F12003974020FACE
:10D7480003F30CFA02FC1F4394404FEA1C4E1FFAE5
:10D758008CF6B7FBFEF1230C0EFB117743EA074367
:10D7680001FB06F098420AD91CEB030301F1FF37CD
:10D7780080F01581984240F21281023963441B1AE5
:10D78800A4B2B3FBFEF00EFB103344EA034400FBE3
:10D7980006F6A6420AD91CEB040400F1FF3380F018
:10D7A8000081A64240F2FD806444023840EA01400C
:10D7B800A41B00211DB1D4400023C5E90043BDE8E6
:10D7C800F0878B4205D90DB1C5E900010021084653
:10D7D800F5E7B3FA83F1002946D1B34202D3824276
:10D7E80000F2F580841A66EB030201201746002D2B
:10D7F800E5D0C5E90047E2E7002A40F09380A1EBB5
:10D808000C034FEA1C471FFA8CFE0121B3FBF7F605
:10D8180007FB1630230C43EA00430EFB06F0984240
:10D8280008D91CEB030306F1FF3802D2984200F234
:10D83800D08046461B1AA4B2B3FBF7F007FB10339F
:10D8480044EA03440EFB00FEA64508D91CEB040479
:10D8580000F1FF3302D2A64500F2B6801846A4EBC9
:10D868000E0440EA0640A5E7C1F120078B4022FAE2
:10D8780007FC4CEA030C06FA01FE20FA07F426FA24
:10D8880007F344EA0E0400FA01F84FEA1C404FEA95
:10D898001449B3FBF0FE1FFA8CF600FB1E3349EA6D
:10D8A80003430EFB06F9994502FA01F20BD91CEB6A
:10D8B80003030EF1FF3A80F08580994540F282809B
:10D8C800AEF1020E6344A3EB0909A4B2B9FBF0F36D
:10D8D80000FB139944EA094403FB06F6A64208D95B
:10D8E8001CEB040403F1FF3068D2A64266D9023B60
:10D8F800644443EA0E40A41BA0FB02E6B44273460C
:10D90800B14652D34FD05DB1B8EB030264EB0904C2
:10D9180004FA07F722FA01F31F43CC40C5E9007463
:10D9280000214CE7C2F1200120FA01F30CFA02FCB5
:10D9380026FA01F1964033434FEA1C471FFA8CFE42
:10D94800B1FBF7F007FB1016190C41EA064100FB82
:10D958000EF68E4204FA02F408D91CEB010100F11C
:10D96800FF382DD28E422BD902386144891B9BB2D5
:10D97800B1FBF7F607FB161143EA014306FB0EF16C
:10D98800994208D91CEB030306F1FF3814D29942D7
:10D9980012D9023E63445B1A46EA004136E739462B
:10D9A800EDE6184602E7F045ADD2BEEB020366EBA2
:10D9B8000C060138B146A6E74646ECE7034698E769
:10D9C8004046D3E7D6467EE76444023847E7084630
:10D9D8000DE7023E63442DE7830730B547D0541E58
:10D9E800002A3ED0CAB2034601E0013C39D303F80D
:10D9F800012B9D07F9D1032C2CD9CDB205EB0525B8
:10DA08000F2C05EB054535D9A4F1100222F00F0CB7
:10DA180003F1100EE6444FEA121C1A46C2E90055FB
:10DA2800C2E9025510327245F8D10CF1010214F026
:10DA38000C0F03EB021204F00F0C13D0ACF104032B
:10DA480023F003030433134442F8045B9342FBD1ED
:10DA58000CF003042CB1C9B21C4403F8011BA34207
:10DA6800FBD130BD64461346002CF4D1F9E70346D8
:10DA78001446C0E71A46A446E0E700BF014B186801
:10DA8800704700BF9400002070B50F4B0F4DAB429C
:10DA9800A3EB050607D0B610002455F8043B013463
:10DAA8009847A642F9D800F07FF8094D094B5E1B4C
:10DAB800AB424FEAA60606D0002455F8043B0134D1
:10DAC8009847A642F9D870BDC0050108C0050108ED
:10DAD800C0050108C8050108704700BF704700BFAE
:10DAE800024B13B1024800F005B87047000000006F
:10DAF80009DB0008002301461A46184600F014B84E
:10DB080038B5074D074C2C1BA41005D0013C55F81F
:10DB1800043D9847002CF9D1BDE8384000F04AB8D8
:10DB2800CC050108C80501082DE9F8431B4D064638
:10DB3800286898460F469146FFF7CEFF184B1C6899
:10DB48001CB3286865681F2D22DC4EB96B1C023592
:10DB5800636044F82570FFF7C1FF0020BDE8F88333
:10DB680004EB85010123C1F88890D4F88821AB40E3
:10DB78001A43022EC4F88821C1F80881E6D1D4F8E6
:10DB88008C211A43C4F88C21E0E7064C1C60D8E7C6
:10DB9800FFF7A4FF4FF0FF30E0E700BFB801002017
:10DBA8002420002028200020F8B500BFF8BC08BCBD
:10DBB8009E467047F8B500BFF8BC08BC9E46704743
:10DBC8006578746D6F6465496E69743A20696E761C
:10DBD800616C6964206578746D6F6465496E666F01
:10DBE8000A0000006578746D6F6465496E69743A5F
:10DBF80020696E76616C69642066696E616C54692F
:10DC08006D65207661726961626C650A00000000CA
:10DC18000A2A2A7761726E696E673A2074686520ED
:10DC280073696D756C6174696F6E2077696C6C20AF
:10DC380072756E2077697468206E6F2073746F70C8
:10DC48002074696D652064756520746F206578742B
:10DC580065726E616C206D6F646520696E66696EB1
:10DC68006974652066696E616C2073696D756C6195
:10DC780074696F6E2074696D652E0A006578746D1D
:10DC88006F64654576656E74206572726F723A20AE
:10DC9800696E76616C69642073696D756C6174690D
:10DCA8006F6E54696D652C206D75737420626520E4
:10DCB8006E6F6E2D6E656761746976650A00000087
:10DCC8006578746D6F64654576656E7420657272EB
:10DCD8006F723A20696E76616C6964206576656E4C
:10DCE80074496420282564292C206D75737420627A
:10DCF80065206C657373207468616E2025640A0062
:10DD08006578746D6F64654576656E7420657272AA
:10DD18006F723A20636F64652025640A0000000072
:10DD28006578746D6F646547657446696E616C5398
:10DD3800696D756C6174696F6E54696D653A2069B7
:10DD48006E76616C69642066696E616C54696D6594
:10DD5800207661726961626C650A00006578746D8D
:10DD68006F646547657446696E616C53696D756C5F
:10DD78006174696F6E54696D653A2066696E616C8D
:10DD880054696D65206E6F7420696E697469616C81
:10DD9800697A65640A0000006578746D6F6465537C
:10DDA800657446696E616C53696D756C6174696FF1
:10DDB8006E54696D653A20696E76616C6964206697
:10DDC800696E616C54696D652076616C75650A00D1
:10DDD8006578746D6F64654765744576656E7454CF
:10DDE800726967676572456E61626C653A20696E33
:10DDF80076616C6964206576656E74496420766125
:10DE08006C75650A000000006578746D6F6465477D
:10DE180065744576656E7454726967676572456E98
:10DE280061626C653A20696E76616C69642074720F
:10DE38006967676572456E61626C65642076616CBE
:10DE480075650A006578746D6F6465536574457609
:10DE5800656E7454726967676572456E61626C6558
:10DE68003A20696E76616C6964206576656E7449DE
:10DE7800642076616C75650A00000000786370455F
:10DE880078744D6F6465496E69743A20786370548C
:10DE980072616E73706F7274496E69742065727204
:10DEA8006F720A007863704578744D6F6465496EC7
:10DEB80069743A20786370496E6974206572726F6C
:10DEC800723A20636F64652025640A0078637045A0
:10DED80078744D6F646552756E4261636B67726FDB
:10DEE800756E643A207863705472616E73706F72E5
:10DEF800745278206572726F722C20636F6465208B
:10DF080025640A007863704578744D6F64655275AE
:10DF18006E4261636B67726F756E643A20786370E6
:10DF280052756E206572726F722C20636F64652063
:10DF380025640A007863704578744D6F646552757E
:10DF48006E4261636B67726F756E643A20786370B6
:10DF58005472616E73706F72745478206572726F48
:10DF6800722C20636F64652025640A007863705200
:10DF780065736574206572726F723A20636F6465A9
:10DF88002025640A000000007863705472616E7383
:10DF9800706F72745265736574206572726F723A2D
:10DFA80020636F64652025640A000000496E76616D
:10DFB8006C6964206475726174696F6E2076616C37
:10DFC8007565202830292064657465637465642E3E
:10DFD8000A000000496E76616C69642054726967B2
:10DFE80067657220537461747573202575206465A4
:10DFF8007465637465640A00446574656374656474
:10E0080020617474656D707420746F2073656E641C
:10E01800207061636B657420494420257848207717
:10E0280068656E207468652058435020636F6E6E73
:10E03800656374696F6E20686173206E6F74206207
:10E0480065656E2065737461626C69736865640ADE
:10E05800000000005061636B65742049442020254E
:10E068007848206973206E6F7420737570706F72B2
:10E0780074656420617420746865206D6F6D656EC9
:10E08800740A000067656E657269634F7574707510
:10E09800745061636B657448616E646C6572206569
:10E0A80072726F723A20256420696E7075742063ED
:10E0B8006F6465206973206E6F7420737570706F5C
:10E0C8007274656400000000786370496E69743A80
:10E0D8002070726F746F636F6C206C617965722049
:10E0E800616C726561647920696E697469616C69D3
:10E0F8007A65640A0000000078637052756E3A20F1
:10E1080070726F746F636F6C206C61796572206ECA
:10E118006F7420696E697469616C697A65640A0054
:10E1280078637052756E3A206D697373696E6720F3
:10E13800696E7075742068616E646C657220666FB4
:10E1480072207061636B657420494420257848000B
:10E158007863704576656E743A2070726F746F6379
:10E168006F6C206C61796572206E6F7420696E69BE
:10E178007469616C697A65640A00000078637045A7
:10E1880076656E744E6F74696669636174696F6EE3
:10E198005265713A20696E76616C696420657665AE
:10E1A8006E7444617461206275666665720A000067
:10E1B8007863704576656E744E6F746966696361DD
:10E1C80074696F6E5265713A20696E76616C696424
:10E1D800206576656E744461746153697A650A00D6
:10E1E80078637052656D6F7465536572766963659F
:10E1F8005265713A20696E76616C69642073657244
:10E2080076696365526571446174612062756666FA
:10E2180065720A0078637052656D6F746553657234
:10E22800766963655265713A20696E76616C6964D6
:10E2380020736572766963655265714461746153D0
:10E24800697A650A00000000786370526573657426
:10E258003A2070726F746F636F6C206C61796572AD
:10E2680020616C72656164792072657365740A0057
:10E2780072656164696E67206174206164647265A7
:10E2880073732025700A0000434F4E4E4543543A9D
:10E2980020444151206C69737473207265736574EE
:10E2A8002063616E6E6F74206265206361727269AB
:10E2B8006564206F75742C20617320616E2065760B
:10E2C800656E74207761732070726F636573736510
:10E2D800640A0000434F4E4E4543543A20696E7617
:10E2E800616C6964206D6F6465206465746563742E
:10E2F8006564202578480A00434F4E4E4543543AFA
:10E3080020656E746572696E67205843505F434F8D
:10E318004E4E4543544544207374617475730A0026
:10E328002A205265736F757263653A202020202079
:10E3380020202020202578480A0000002A20436F4A
:10E348006D6D204D6F64652042617369633A2020CA
:10E35800202578480A0000002A204D61782043547F
:10E368004F2073697A653A20202020202025640AEE
:10E37800000000002A204D61782044544F20736922
:10E388007A653A20202020202025640A0000000019
:10E398002A2050726F746F636F6C205665727369B0
:10E3A8006F6E3A202025640A000000002A2054726B
:10E3B800616E73706F72742056657273696F6E3A0E
:10E3C8002025640A00000000444953434F4E4E453F
:10E3D80043543A20444151206C6973747320726528
:10E3E8007365742063616E6E6F742062652063616B
:10E3F8007272696564206F75742C20617320616E78
:10E40800206576656E74207761732070726F63651E
:10E41800737365640A000000444953434F4E4E45E8
:10E4280043543A20656E746572696E67205843508C
:10E438005F444953434F4E4E4543544544207374FB
:10E44800617475730A0000004745542053544154C1
:10E4580055530A002A2053657373696F6E205374ED
:10E46800617475733A20202020202020202020204D
:10E478002020202578480A002A205265736F75727B
:10E4880063652050726F74656374696F6E2053748E
:10E49800617475733A20202578480A002A2053654C
:10E4A8007373696F6E20436F6E6669672049643ABB
:10E4B800202020202020202020202025640A000061
:10E4C80053594E43480A00005345545F4D54413A4E
:10E4D80020696E76616C6964206164647265737327
:10E4E8000A0000005345545F4D54413A2073657447
:10E4F80074696E67204D54412076616C756520748F
:10E508006F20257820616E6420657874656E736964
:10E518006F6E2025780A000055504C4F41443A2030
:10E52800696E76616C6964206E756D626572206FC4
:10E5380066206461746120656C656D656E74732016
:10E54800282564290A00000055504C4F41443A20C0
:10E55800696E76616C696420616464726573730ABC
:10E568000000000055504C4F41443A200000000084
:10E5780055504C4F41443A20696E76616C6964206D
:10E58800646174612064657465637465640A00007D
:10E5980053484F52545F55504C4F41443A20696E8E
:10E5A80076616C6964206E756D626572206F662095
:10E5B8006461746120656C656D656E7473202825CF
:10E5C80064290A0053484F52545F55504C4F4144F8
:10E5D8003A20696E76616C6964206164647265735F
:10E5E800730A000053484F52545F55504C4F4144F2
:10E5F8003A20000053484F52545F55504C4F414405
:10E608003A20696E76616C69642064617461206483
:10E61800657465637465640A000000005345545FBF
:10E628004441515F5054523A204F445420656E740F
:10E638007279206E6F7420617661696C61626C65B5
:10E6480020284441512025642C204F44542025641F
:10E658002C20456E747279202564290A0000000078
:10E668005345545F4441515F5054523A20444151FC
:10E67800206C697374202564206973206375727235
:10E68800656E746C79206163746976650A000000B0
:10E698005345545F4441515F5054523A2075706459
:10E6A8006174696E672063757272656E74204F4479
:10E6B8005420656E74727920706F696E746572206B
:10E6C800746F204441512025642C204F4454202548
:10E6D800642C20456E7472792025640A00000000BD
:10E6E80057524954455F4441513A206375727265E7
:10E6F8006E74204F445420656E747279206E6F7466
:10E7080020617661696C61626C6520666F72207742
:10E7180072697465206F7065726174696F6E7320B9
:10E72800284441512025642C204F44542025642C32
:10E7380020456E747279202564290A005843505F79
:10E7480057524954455F4441513A20444151206C45
:10E758006973742025642069732063757272656E0D
:10E76800746C79206163746976650A005843505F58
:10E7780057524954455F4441513A20696E76616C5D
:10E78800696420444151202564204F445420256465
:10E7980020456E7472792025642076616C75653A1F
:10E7A800206269744F6666736574203D2025784839
:10E7B8002073697A65203D20256420616464726550
:10E7C8007373457874656E73696F6E203D20256498
:10E7D800482061646472657373203D202578480A77
:10E7E800000000005843505F57524954455F444168
:10E7F800513A2077726974696E6720444151202527
:10E8080064204F445420256420456E747279202575
:10E81800643A206269744F6666736574203D2025EA
:10E8280078482073697A65203D20256420616464F6
:10E8380072657373457874656E73696F6E203D20D9
:10E848002564482061646472657373203D202578CF
:10E85800480A00005345545F4441515F4C495354A2
:10E868005F4D4F44453A20444151206C69737420F0
:10E878002564206E6F7420617661696C61626C65D5
:10E888000A0000005345545F4441515F4C495354BA
:10E898005F4D4F44453A20444151206C69737420C0
:10E8A80025642069732063757272656E746C7920B3
:10E8B8006163746976650A005345545F4441515F4A
:10E8C8004C4953545F4D4F44453A20696E76616C0C
:10E8D8006964206576656E74206368616E6E656C28
:10E8E8002049642025640A005345545F4441515F20
:10E8F8004C4953545F4D4F44453A207072696F72CA
:10E90800697479206E6F7420737570706F72746596
:10E91800642C206D757374206265207A65726F0AA5
:10E92800000000005345545F4441515F4C49535423
:10E938005F4D4F44453A20444151206C697374201F
:10E948006D6F6465206E6F7420737570706F72746C
:10E958006564202578480A005345545F4441515F57
:10E968004C4953545F4D4F44453A2073657474695C
:10E978006E6720444151206C6973742025643A20E5
:10E988006D6F6465203D202578482C206576656E7E
:10E99800744964203D2025642C207072657363617E
:10E9A8006C6572203D2025642C207072696F726935
:10E9B8007479203D2025640A000000005354415218
:10E9C800545F53544F505F4441515F4C4953543A3C
:10E9D80020444151206C697374202564206E6F7443
:10E9E80020617661696C61626C650A00535441521A
:10E9F800545F53544F505F4441515F4C4953543A0C
:10EA080020696E76616C6964206D6F646520256489
:10EA18002073656C6563746564200A005354415221
:10EA2800545F53544F505F4441515F4C4953543ADB
:10EA38002063616E6E6F742061737369676E205016
:10EA480049447320666F7220444151206C69737485
:10EA5800202564200A00000053544152545F535447
:10EA68004F505F4441515F4C4953543A20696E20DE
:10EA7800444151206C6973742025642074686520B2
:10EA88004F445420656E74726965732073697A65A2
:10EA9800206973206C6172676572207468616E20EA
:10EAA8004D61782044544F2073697A6520666F72EF
:10EAB800204F4454202564200A000000535441523A
:10EAC800545F53544F505F4441515F4C4953543A3B
:10EAD8002073746F7070696E6720444151206C69AF
:10EAE80073742025640A000053544152545F5354F0
:10EAF8004F505F4441515F4C4953543A20737461FD
:10EB08007274696E6720444151206C6973742025C2
:10EB1800640A000053544152545F53544F505F44A9
:10EB280041515F4C4953543A2073656C6563746571
:10EB38006420444151206C6973742025640A0000E4
:10EB480053544152545F53544F505F4441515F4CAA
:10EB58004953543A2063616E6E6F7420616C6C6F18
:10EB680063617465207265736572766564206D658E
:10EB78006D6F727920706F6F6C20666F7220746889
:10EB88006520444151206C6973740A005354415202
:10EB9800545F53544F505F4441515F4C4953543A6A
:10EBA8002063616E6E6F74206265206361727269A2
:10EBB8006564206F757420617320616E20657665C9
:10EBC8006E74207761732070726F63657373656408
:10EBD8000A00000053544152545F53544F505F533E
:10EBE800594E43483A20696E76616C6964206D6FAE
:10EBF80064652025642073656C6563746564200A08
:10EC08000000000053544152545F53544F505F5317
:10EC1800594E43483A20444151206C69737473201B
:10EC28006E6F7420617661696C61626C650A0000C0
:10EC380053544152545F53544F505F53594E4348B5
:10EC48003A2073746F7070696E6720444151206C6C
:10EC58006973742025640A0053544152545F535415
:10EC68004F505F53594E43483A2073746172746928
:10EC78006E6720444151206C6973742025640A0032
:10EC880053544152545F53544F505F53594E434865
:10EC98003A2063616E6E6F7420616C6C6F6361748F
:10ECA80065207265736572766564206D656D6F7237
:10ECB8007920706F6F6C20666F72207468652044CD
:10ECC8004151206C6973742025640A0053544152E1
:10ECD800545F53544F505F53594E43483A20636131
:10ECE8006E6E6F742062652063617272696564205C
:10ECF8006F757420617320616E206576656E74206F
:10ED08007761732070726F6365737365640A0000BE
:10ED1800474554204441512050524F434553534F87
:10ED28005220494E464F0A002A2044415120507231
:10ED38006F706572746965733A20202020257848C1
:10ED48000A0000002A204D41585F4441513A2020D2
:10ED580020202020202020202025640A00000000F8
:10ED68002A204D41585F4556454E545F4348414E11
:10ED78004E454C3A2025640A000000002A204D49DF
:10ED88004E5F4441513A202020202020202020207E
:10ED98002025640A000000002A20446171204B6588
:10EDA8007920427974653A2020202020202578484F
:10EDB8000A00000047455420444151205245534F12
:10EDC8004C5554494F4E20494E464F0A000000000A
:10EDD8002A20444151204F445420456E74727920B2
:10EDE80073697A65206772616E756C61726974798E
:10EDF8003A20202025640A002A204D6178204441C9
:10EE080051204F445420456E7472792073697A6595
:10EE18003A202020202020202020202025640A00BD
:10EE28002A205354494D204F445420456E7472791A
:10EE38002073697A65206772616E756C6172697496
:10EE4800793A202025640A002A204D6178205354FD
:10EE5800494D204F445420456E7472792073697A65
:10EE6800653A2020202020202020202025640A0028
:10EE78002A2054696D657374616D70204D6F6465E7
:10EE8800203D20202020202020202020202020205D
:10EE9800202020202578480A000000002A205469F4
:10EEA8006D657374616D70205469636B73203D20C8
:10EEB800202020202020202020202020202020204A
:10EEC80025640A00465245455F4441513A20636C27
:10EED800656172696E67206578697374696E672009
:10EEE80064796E616D696320444151206C69737463
:10EEF800730A0000465245455F4441513A20636118
:10EF08006E6E6F7420626520636172726965642039
:10EF18006F757420617320616E206576656E74204C
:10EF28007761732070726F6365737365640A00009C
:10EF3800414C4C4F435F4441513A207365717565AC
:10EF48006E6365206572726F7220646574656374A0
:10EF580065642C20444151206C6973747320616C82
:10EF6800726561647920616C6C6F63617465640AB1
:10EF780000000000414C4C4F435F4441513A206926
:10EF88006E76616C6964206E756D626572206F665D
:10EF980020444151206C6973747320282564290A20
:10EFA80000000000414C4C4F435F4441513A2061FE
:10EFB8006C6C6F636174696E6720256420444151ED
:10EFC800206C697374732028256C752042290A0007
:10EFD800414C4C4F435F4441513A206E6F74206559
:10EFE8006E6F756768206D656D6F727920746F201C
:10EFF800616C6C6F63617465202564204441512005
:10F008006C697374730A0000414C4C4F435F4F4462
:10F01800543A2073657175656E6365206572726F09
:10F02800722064657465637465642C2044415120C2
:10F038006C69737473206E6F7420616C6C6F63619C
:10F048007465640A00000000414C4C4F435F4F4414
:10F05800543A20444151206C697374206964202516
:10F0680064206973206F7574206F662072616E6703
:10F07800650A0000414C4C4F435F4F44543A2069A5
:10F088006E76616C6964206E756D626572206F665C
:10F09800204F4454202825642920666F722044415B
:10F0A80051206C6973742069642025640A0000008B
:10F0B800414C4C4F435F4F44543A2073657175651A
:10F0C8006E6365206572726F72206465746563741F
:10F0D80065642C204F445420616C7265616479200A
:10F0E800616C6C6F63617465640A0000414C4C4F3D
:10F0F800435F4F44543A20616C6C6F636174696E6E
:10F1080067202564204F44547320696E2044415180
:10F11800206C6973742025642028256C7520422989
:10F128000A000000414C4C4F435F4F44543A206E54
:10F138006F7420656E6F756768206D656D6F727985
:10F1480020746F20616C6C6F636174652025642086
:10F158004F445420696E20444151206C69737420D7
:10F1680025640A00414C4C4F435F4F44545F454E61
:10F178005452593A2073657175656E6365206572DE
:10F18800726F722064657465637465642C204441F1
:10F1980051206C69737473206E6F7420616C6C6F8E
:10F1A80063617465640A0000414C4C4F435F4F44EF
:10F1B800545F454E5452593A20444151206C69736A
:10F1C80074206964202564206973206F7574206F2A
:10F1D800662072616E67650A00000000414C4C4F62
:10F1E800435F4F44545F454E5452593A20736571FA
:10F1F80075656E6365206572726F722064657465EB
:10F20800637465642C204F445473206E6F742061BE
:10F218006C6C6F63617465640A000000414C4C4F6C
:10F22800435F4F44545F454E5452593A204F44541B
:10F23800206964202564206973206F7574206F66C7
:10F248002072616E67650A00414C4C4F435F4F4422
:10F25800545F454E5452593A2073657175656E6313
:10F2680065206572726F7220646574656374656485
:10F278002C204F445420456E747269657320616C6C
:10F28800726561647920616C6C6F63617465640A8E
:10F2980000000000414C4C4F435F4F44545F454EC3
:10F2A8005452593A20696E76616C6964206E756DA6
:10F2B800626572206F66204F445420656E747269CF
:10F2C8006573202825642920666F72204F445420D6
:10F2D800256420696E20444151206C69737420258F
:10F2E800640A0000414C4C4F435F4F44545F454E05
:10F2F8005452593A20616C6C6F636174696E67206F
:10F308002564204F445420456E74726965732069E2
:10F318006E20444151206C697374202564204F4449
:10F32800542025642028256C752042290A000000F5
:10F33800414C4C4F435F4F44545F454E5452593AE9
:10F34800206E6F7420656E6F756768206D656D6FD0
:10F35800727920746F20616C6C6F6361746520250D
:10F3680064204F445420696E20444151206C6973D5
:10F3780074202564204F44542025640A00000000AE
:10F388005345545F4441515F5041434B45445F4DA1
:10F398004F44453A2073657175656E6365206572E3
:10F3A800726F722064657465637465642C204441CF
:10F3B80051206C69737473206E6F7420616C6C6F6C
:10F3C80063617465640A00005345545F4441515FAA
:10F3D8005041434B45445F4D4F44453A20444151C9
:10F3E800206C697374206964202564206973206F18
:10F3F8007574206F662072616E67650A00000000F0
:10F408005345545F4441515F5041434B45445F4D20
:10F418004F44453A207061636B6564206D6F646585
:10F42800206973206E6F7420737570706F727465C5
:10F438006420666F7220444151206C69737420699E
:10F44800642025642C2077697468206E6F207265AB
:10F45800736572766564206D656D6F727920706F63
:10F468006F6C0A005345545F4441515F5041434B10
:10F4780045445F4D4F44453A204441512050616313
:10F488006B6564206D6F6465202564206973206E48
:10F498006F7420737570706F727465640A00000071
:10F4A8005345545F4441515F5041434B45445F4D80
:10F4B8004F44453A20444151205061636B656420B4
:10F4C80074696D657374616D70206D6F6465202556
:10F4D80064206973206E6F7420737570706F727416
:10F4E80065640A005345545F4441515F5041434BA2
:10F4F80045445F4D4F44453A204441512050616393
:10F508006B65642073616D706C6520636F756E74D4
:10F51800202564206973206E6F7420737570706F76
:10F52800727465642E0A00005345545F4441515F6C
:10F538005041434B45445F4D4F44453A2070616309
:10F548006B6564206D6F646520636F6E66696775AF
:10F55800726174696F6E2063616E6E6F742062658C
:10F56800206368616E676564206966207468652039
:10F578004441512069732072756E6E696E672E0A58
:10F58800000000005345545F4441515F5041434BD4
:10F5980045445F4D4F44453A2073657474696E67FE
:10F5A800207061636B6564206D6F6465202564203D
:10F5B80074696D657374616D70206D6F6465202565
:10F5C800642073616D706C6520636F756E7420259F
:10F5D800640A0000444151204C4556454C312043B3
:10F5E8004F4D4D414E443A20636F6D6D616E6420FE
:10F5F800636F6465202564206973206E6F742073BF
:10F608007570706F727465640A00000078637050DA
:10F61800726F636573734461713A20696E76616CC9
:10F62800696420646171496E6465780077726974F1
:10F63800696E672061742061646472657373202544
:10F64800700A0000444F574E4C4F41443A20696EAF
:10F6580076616C6964206E756D626572206F6620D4
:10F668006461746120656C656D656E74732028250E
:10F6780064290A00444F574E4C4F41443A20696E62
:10F6880076616C696420616464726573730A000052
:10F69800444F574E4C4F41443A20000053484F5274
:10F6A800545F444F574E4C4F41443A20696E76613F
:10F6B8006C6964206E756D626572206F6620646186
:10F6C800746120656C656D656E74732028256429E6
:10F6D8000A00000053484F52545F444F574E4C4F56
:10F6E80041443A20696E76616C6964206164647291
:10F6F8006573730A0000000053484F52545F444F2B
:10F70800574E4C4F41443A20000000007863705433
:10F7180072616E73706F7274496E69743A20747294
:10F72800616E73706F7274206C6179657220616CA0
:10F73800726561647920696E697469616C697A655A
:10F74800640A00007863705472616E73706F72742B
:10F75800496E69743A206572726F7220282564298F
:10F7680020646574656374656420647572696E6786
:10F77800206D656D6F727920616C6C6F6361746F59
:10F788007220696E697469616C697A6174696F6EF7
:10F798000A0000007863705472616E73706F72743F
:10F7A800496E69743A206572726F7220282564293F
:10F7B80020646574656374656420647572696E6736
:10F7C80020616C6C6F636174696F6E206F66207264
:10F7D80065736572766564206D656D6F72792070EA
:10F7E8006F6F6C0A000000007863705472616E736A
:10F7F800706F7274496E69743A206572726F722004
:10F8080028256429206465746563746564206475BB
:10F8180072696E67206672616D652068616E646CDE
:10F82800657220696E697469616C697A6174696F5F
:10F838006E0A00007863705472616E73706F727430
:10F8480054785061636B65745365743A20696E76B9
:10F85800616C6964207175657565547970650A0015
:10F868007863705472616E73706F727454785061FB
:10F87800636B65745365743A20696E76616C69646C
:10F88800206D73674275666665720A007863705406
:10F8980072616E73706F727454785061636B6574C3
:10F8A8005365743A20696E76616C6964207061638F
:10F8B8006B6574206F66667365740A0078637054AC
:10F8C80072616E73706F727454785061636B657493
:10F8D8005365743A20696E76616C6964207061635F
:10F8E8006B65742073697A650A0000007863705448
:10F8F80072616E73706F727454785061636B657463
:10F908005365743A20696E76616C6964206D73671B
:10F9180042756666657253697A650A007863705441
:10F9280072616E73706F727454785061636B657432
:10F938005365743A207472616E73706F7274206CC0
:10F9480061796572206E6F7420696E697469616C83
:10F95800697A65640A0000007863705472616E7396
:10F96800706F727454785061636B65745365743A40
:10F97800207863704672616D654372656174654D88
:10F988007367206661696C75726520646574656368
:10F9980074656420282564290A000000786370547F
:10F9A80072616E73706F727454783A207472616EFB
:10F9B80073706F7274206C61796572206E6F742039
:10F9C800696E697469616C697A65640A000000008F
:10F9D8007863705472616E73706F727452783A20E3
:10F9E8007472616E73706F7274206C6179657220C5
:10F9F8006E6F7420696E697469616C697A65640AEE
:10FA0800000000007863705472616E73706F7274D6
:10FA180052785061636B65744765743A20696E76F5
:10FA2800616C6964207175657565547970650A0043
:10FA38007863705472616E73706F7274527850612B
:10FA4800636B65744765743A20696E76616C6964A6
:10FA5800206D736742756666657220706F696E7493
:10FA680065720A007863705472616E73706F727495
:10FA780052785061636B65744765743A20696E7695
:10FA8800616C6964206D7367427566666572536957
:10FA98007A6520706F696E7465720A0078637054B5
:10FAA80072616E73706F727452785061636B6574B3
:10FAB8004765743A20696E76616C69642078637072
:10FAC800506B744F666673657420706F696E7465E9
:10FAD800720A00007863705472616E73706F72748A
:10FAE80052785061636B65744765743A20696E7625
:10FAF800616C696420786370506B7453697A65200F
:10FB0800706F696E7465720A000000007863705443
:10FB180072616E73706F727452785061636B657442
:10FB28004765743A207472616E73706F7274206CDA
:10FB380061796572206E6F7420696E697469616C91
:10FB4800697A65640A0000007863705472616E73A4
:10FB5800706F72744D736753697A653A20696E766F
:10FB6800616C6964207863705061636B6574536974
:10FB78007A650A007863705472616E73706F72747C
:10FB8800526573746172743A206572726F722028BC
:10FB980025642920646574656374656420647572DE
:10FBA800696E67206672616D652068616E646C6558
:10FBB8007220726573746172740A000078637054FD
:10FBC80072616E73706F727452657365743A2074E3
:10FBD80072616E73706F7274206C617965722061E6
:10FBE8006C72656164792072657365740A0000003F
:10FBF8007863705472616E73706F72745265736556
:10FC0800743A206572726F72202825642920646511
:10FC180074656374656420647572696E67206672C2
:10FC2800616D652068616E646C65722072657365CC
:10FC3800740A00007863705472616E73706F727426
:10FC480052657365743A206572726F722028256454
:10FC58002920646574656374656420647572696ECF
:10FC680067206D656D6F727920616C6C6F6361746C
:10FC78006F722072657365740A0000007863704DB6
:10FC8800656D467265653A20696E76616C696420B7
:10FC98006F7220646F75626C652D6672656564208D
:10FCA800706F696E7465722025700A007863704DF4
:10FCB800656D5265736572766564506F6F6C4372DB
:10FCC800656174653A20696E76616C696420696E55
:10FCD80070757420706172616D657465720A0000D8
:10FCE8007863704D656D5265736572766564506FA3
:10FCF8006F6C44657374726F793A20696E76616CC3
:10FD0800696420696E70757420706172616D6574C4
:10FD180065720A007863704D656D437573746F6D15
:10FD2800506F6F6C4372656174653A20696E7661D5
:10FD38006C696420696E70757420706172616D659C
:10FD48007465720A000000007863704D656D437534
:10FD580073746F6D506F6F6C44657374726F793A1A
:10FD680020696E76616C696420706F6F6C49640AF3
:10FD7800000000007863704472764F70656E3A2018
:10FD88005843502064726976657220616C726561AF
:10FD9800647920696E697469616C697A65640A00BE
:10FDA8007863704472764F70656E3A20756E616242
:10FDB8006C6520746F206F70656E20636F6D6D7554
:10FDC8006E69636174696F6E206368616E6E656CDD
:10FDD8000A000000786370447276496F63746C3A65
:10FDE80020696E76616C696420636F6D6D616E6405
:10FDF8000A00000078637044727653656E643A2096
:10FE0800696E76616C6964207372632062756666D8
:10FE180065720A0078637044727653656E643A209E
:10FE2800696E76616C69642073697A650A000000FE
:10FE380078637044727653656E643A205843502054
:10FE4800647269766572206E6F7420696E69746970
:10FE5800616C697A65640A007863704472765265E9
:10FE680063763A20696E76616C69642073726320E8
:10FE78006275666665720A007863704472765265C8
:10FE880063763A20696E76616C69642073697A6575
:10FE98000A000000786370447276526563763A20EF
:10FEA80058435020647269766572206E6F742069B9
:10FEB8006E697469616C697A65640A007863704474
:10FEC800727652656376556E6B6E6F776E53697A8C
:10FED800653A20696E76616C696420647374206287
:10FEE80075666665720A00007863704472765265BA
:10FEF8006376556E6B6E6F776E53697A653A2069D3
:10FF08006E76616C69642073697A6520706F696EBA
:10FF18007465720A00000000786370447276526556
:10FF28006376556E6B6E6F776E53697A653A2069A2
:10FF38006E76616C6964206D617853697A650A0030
:10FF480078637044727652656376556E6B6E6F7720
:10FF58006E53697A653A2058435020647269766511
:10FF680072206E6F7420696E697469616C697A6554
:10FF7800640A0000786370447276436C6F73653A64
:10FF8800205843502064726976657220616C7265EE
:10FF980061647920636C6F7365640A0078637046E6
:10FFA80072616D65496E69743A206672616D65208B
:10FFB80068616E646C657220616C72656164792039
:10FFC800696E697469616C697A65640A0000000089
:10FFD8007863704672616D654D736753656E643AF8
:10FFE80020696E76616C6964206D73674275666618
:08FFF80065720A00786370468F
:020000040801F1
:1000000072616D654D736753656E643A20696E76F3
:10001000616C6964206D736753697A650A0000003A
:100020007863704672616D654D736753656E643AAF
:10003000206672616D652068616E646C6572206E09
:100040006F7420696E697469616C697A65640A000D
:100050007863704672616D654D736753656E643A7F
:1000600020696E76616C6964206D65737361676584
:1000700020666F726D617420646574656374656475
:100080000A0000007863704672616D654D736752B7
:100090006563763A20696E76616C6964206D73677A
:1000A00042756666657220706F696E7465720A00CB
:1000B0007863704672616D654D7367526563763A19
:1000C00020696E76616C6964206D736753697A6527
:1000D00020706F696E7465720A0000007863704664
:1000E00072616D654D7367526563763A2066726121
:1000F0006D652068616E646C6572206E6F74206936
:100100006E697469616C697A65640A007863704627
:1001100072616D654D7367526563763A20696E76DC
:10012000616C6964206D65737361676520666F72C9
:100130006D61742064657465637465640A00000011
:100140007863704672616D654D7367526563763A88
:100150002072656365697665642058435020686540
:10016000616465722C206275742058435020706160
:10017000636B6574206973206E6F742061766169AA
:100180006C61626C65206F72207061636B657420B6
:1001900073697A6520697320696E636F7272656333
:1001A000740A00007863704672616D654D73675222
:1001B0006563763A207265636569766564205843A5
:1001C000502068656164657220616E6420584350F8
:1001D000207061636B65742C2062757420584350E5
:1001E000207461696C206973206E6F742061766180
:1001F000696C61626C65206F72207061636B6574FD
:100200002073697A6520697320696E636F72726505
:1002100063740A007863704672616D65437265614C
:1002200074654D73673A20696E76616C6964206D00
:1002300073674672616D65206275666665720A0055
:100240007863704672616D654372656174654D7364
:10025000673A20696E76616C6964206D73674672D7
:10026000616D6553697A6520706F696E7465720A95
:10027000000000007863704672616D6543726561CD
:1002800074654D73673A20696E76616C6964207895
:1002900063705061636B657453697A650A0000008E
:1002A0007863704672616D654372656174654D7304
:1002B000673A20696E76616C6964206D7367467277
:1002C000616D6542756666657253697A650A0000FC
:1002D0007863704672616D654578747261637450BD
:1002E00061636B65743A20696E76616C6964206D38
:1002F00073674672616D650A00000000786370469E
:1003000072616D65457874726163745061636B6589
:10031000743A20696E76616C69642078637050610C
:10032000636B657453697A6520706F696E7465726A
:100330000A0000007863704672616D6545787472DA
:100340006163745061636B65743A20696E76616CA9
:100350006964206D73674672616D6553697A650AD9
:10036000000000007863704672616D6545787472B4
:100370006163745061636B65743A206672616D6588
:100380002068616E646C6572206E6F7420696E699E
:100390007469616C697A65640A000000786370466C
:1003A00072616D65457874726163745061636B65E9
:1003B000743A20586370207061636B6574206861C3
:1003C0007320616E20696E76616C69642073697A4E
:1003D000650A00007863704672616D6545787472D5
:1003E0006163745061636B65743A20696E76616C09
:1003F000696420636865636B73756D0A00000000B3
:100400007863704672616D6552657365743A2066F3
:1004100072616D652068616E646C657220616C72DA
:10042000656164792072657365740A00786370464B
:1004300072616D6552657365743A207863704472B9
:1004400076436C6F7365206572726F720A000000EC
:10045000102840587088A0B8380300200100000020
:1004600050050400FF0000006D3B0008113C00082F
:10047000FE000000E53C000899360008FD00000081
:10048000393D0008613D0008FC000000E13D000826
:1004900099360008F6000000253E0008993600084D
:1004A000F50000009D3E0008353F0008F400000004
:1004B000D13F000875400008DE000000E54A000852
:1004C000D94E0008DD000000354F000899360008BD
:1004D000DA0000005D52000885520008D9000000D3
:1004E0003153000859530008E2000000A9460008F3
:1004F00099360008E1000000854700089936000899
:10050000E00000001D49000899360008D6000000F0
:100510001154000899360008D50000006D540008F9
:1005200099360008D4000000F955000899360008F3
:10053000D3000000B957000899360008DC0000001D
:10054000295A000899360008C0000000695C0008BC
:1005500099360008F0000000596700089936000835
:10056000ED0000000968000899360008102840587E
:100570007088A0B8102840587088A0B8000000000B
:10058000040404000000080000000800000000004F
:100590000000000001020304060708090000000033
:1005A0000102030400000000000000000000000041
:0805B0000000000000000080C3
:0805B8001C05FF7F010000009B
:0805C000E9DA0008710C0008E3
:0405C800490C0008D2
:1005CC0000000000000000C0E80300000100000073
:1005DC00FFFFFFFFFFFFFFFFFFFF00000000000019
:1005EC0000000000FFFFFFFF80000000A8000000DB
:1005FC007000000001000000040000000400000076
:10060C00FFFFFFFFFFFFFFFF0044004000600240C0
:10061C0000600240000000000506000000033000EE
:10062C0000000000000000000000000000040000BA
:10063C0000040000000000000000000000000000AA
:10064C00000000000000000010000000010000008D
:10065C000024F4009800002000000000E81E002098
:10066C00501F0020B81F00200000000000000000F8
:10067C00000000000000000000000000000000006E
:10068C00000000000000000000000000000000005E
:10069C00000000000000000000000000000000004E
:1006AC00000000000000000000000000000000003E
:1006BC00000000000000000000000000000000002E
:1006CC00000000000000000000000000000000001E
:1006DC00000000000000000000000000000000000E
:1006EC0000000000000000000000000000000000FE
:1006FC0001000000000000000E33CDAB34126DE69B
:10070C00ECDE05000B000000000000000000000003
:10071C0000000000000000000000000000000000CD
:10072C0000000000000000000000000000000000BD
:10073C0000000000000000000000000000000000AD
:10074C00000000000000000000000000000000009D
:10075C00000000000000000000000000000000008D
:10076C00000000000000000000000000000000007D
:0C077C0000000000000000002020002011
:040000050800D359C3
:00000001FF
